Fecha,Tipo,Código de confirmación,Detalles,Código de referencia,Moneda,Monto,Total pagado,fuente
2025-05-19,Reservación,HMKY89Z35C,,G-EMNGPVQE5JSBX,COP,57800.0,1362.2,PRINCIPAL
2025-05-19,Reservación,HMXT8XW2FS,,G-EMNGPVQE5JSBX,COP,1430385.01,1362.2,PRINCIPAL
2025-05-19,Reservación,HM4HDXQ9HK,,G-EMNGPVQE5JSBX,COP,226950.0,1362.2,PRINCIPAL
2025-05-19,Reservación,HME28CYWZM,,G-EMNGPVQE5JSBX,COP,176655.16,1362.2,PRINCIPAL
2025-05-19,Reservación,HMJQ85BD9X,,G-EMNGPVQE5JSBX,COP,1408476.21,1362.2,PRINCIPAL
2025-05-19,Reservación,HMK3SRWQR8,,G-EMNGPVQE5JSBX,COP,760721.34,1362.2,PRINCIPAL
2025-05-19,Reservación,HMAEMJJJWZ,,G-EMNGPVQE5JSBX,COP,93500.0,1362.2,PRINCIPAL
2025-05-19,Reservación,HMSPC8JQRZ,,G-EMNGPVQE5JSBX,COP,326187.5,1362.2,PRINCIPAL
2025-05-19,Reservación,HMXAJ54BFC,,G-EMNGPVQE5JSBX,COP,416739.44,1362.2,PRINCIPAL
2025-05-19,Reservación,HMY2K8Q5H2,,G-EMNGPVQE5JSBX,COP,102000.0,1362.2,PRINCIPAL
2025-05-19,Reservación,HMJ8ABFC5K,,G-EMNGPVQE5JSBX,COP,124100.0,1362.2,PRINCIPAL
2025-05-19,Reservación,HMR299HDAF,,G-EMNGPVQE5JSBX,COP,483065.73,1362.2,PRINCIPAL
2025-05-19,Reservación,HMB5F9PBXR,,G-EMNGPVQE5JSBX,COP,118077.58,1362.2,PRINCIPAL
2025-05-19,Reservación,HMC5SZZR34,,G-FW2OC3H2RVTX6,COP,166175.0,39.7,PRINCIPAL
2025-05-19,Reservación,HMQ5SM28E5,,G-ZW5AXGJH556LA,COP,527955.74,2418.13,PRINCIPAL
2025-05-19,Reservación,HMKBJANHXZ,,G-ZW5AXGJH556LA,COP,999975.91,2418.13,PRINCIPAL
2025-05-19,Reservación,HM5BCBNH5Q,,G-ZW5AXGJH556LA,COP,827551.09,2418.13,PRINCIPAL
2025-05-19,Reservación,HM8EWWHSQE,,G-ZW5AXGJH556LA,COP,1363210.23,2418.13,PRINCIPAL
2025-05-19,Reservación,HME4MDTWSD,,G-ZW5AXGJH556LA,COP,340000.0,2418.13,PRINCIPAL
2025-05-19,Reservación,HMA3SX5ZCM,,G-ZW5AXGJH556LA,COP,188685.72,2418.13,PRINCIPAL
2025-05-19,Reservación,HMSQ8HXEX8,,G-ZW5AXGJH556LA,COP,340000.0,2418.13,PRINCIPAL
2025-05-19,Reservación,HMBFCQTN9D,,G-ZW5AXGJH556LA,COP,222487.5,2418.13,PRINCIPAL
2025-05-19,Reservación,HMK893K52A,,G-ZW5AXGJH556LA,COP,118077.58,2418.13,PRINCIPAL
2025-05-19,Reservación,HMWBKJF4YC,,G-ZW5AXGJH556LA,COP,178500.0,2418.13,PRINCIPAL
2025-05-19,Reservación,HM5Q4C8TXY,,G-ZW5AXGJH556LA,COP,110500.0,2418.13,PRINCIPAL
2025-05-19,Reservación,HMT2NFDJFH,,G-ZW5AXGJH556LA,COP,127500.0,2418.13,PRINCIPAL
2025-05-19,Reservación,HMK9FSD8H3,,G-ZW5AXGJH556LA,COP,535500.0,2418.13,PRINCIPAL
2025-05-19,Reservación,HMXX22BHQS,,G-ZW5AXGJH556LA,COP,211650.0,2418.13,PRINCIPAL
2025-05-19,Reservación,HMAWMFQXQA,,G-ZW5AXGJH556LA,COP,263500.0,2418.13,PRINCIPAL
2025-05-19,Reservación,HMHZF2WZ5S,,G-ZW5AXGJH556LA,COP,1414233.1,2418.13,PRINCIPAL
2025-05-19,Reservación,HMX5E5BWQR,,G-ZW5AXGJH556LA,COP,388662.5,2418.13,PRINCIPAL
2025-05-19,Reservación,HM9QXF5J8F,,G-ZW5AXGJH556LA,COP,118611.55,2418.13,PRINCIPAL
2025-05-19,Reservación,HM3M3Q2DCD,,G-ZW5AXGJH556LA,COP,394235.18,2418.13,PRINCIPAL
2025-05-19,Reservación,HMH92S8TJC,,G-ZW5AXGJH556LA,COP,209100.0,2418.13,PRINCIPAL
2025-05-19,Reservación,HMESCK53TJ,,G-ZW5AXGJH556LA,COP,231328.44,2418.13,PRINCIPAL
2025-05-19,Reservación,HM5Q4QZ3TQ,,G-ZW5AXGJH556LA,COP,231328.44,2418.13,PRINCIPAL
2025-05-19,Reservación,HMFT9JSS9Y,,G-ZW5AXGJH556LA,COP,119000.0,2418.13,PRINCIPAL
2025-05-19,Reservación,HM98XNDRSQ,,G-ZW5AXGJH556LA,COP,86700.0,2418.13,PRINCIPAL
2025-05-19,Reservación,HMEXMHQMTM,,G-ZW5AXGJH556LA,COP,411887.56,2418.13,PRINCIPAL
2025-05-19,Reservación,HMW8F2E8WC,,G-ZW5AXGJH556LA,COP,161500.0,2418.13,PRINCIPAL
2025-05-19,Reservación,HMRYPYJNB8,,G-T5WF4HNUAUJIF,COP,484551.0,1474.71,PRINCIPAL
2025-05-19,Reservación,HMSP5RST3S,,G-T5WF4HNUAUJIF,COP,239507.18,1474.71,PRINCIPAL
2025-05-19,Reservación,HMB54XHPPB,,G-T5WF4HNUAUJIF,COP,312800.0,1474.71,PRINCIPAL
2025-05-19,Reservación,HMPPDXP89F,,G-T5WF4HNUAUJIF,COP,447100.0,1474.71,PRINCIPAL
2025-05-19,Reservación,HMS8YMRSQ9,,G-T5WF4HNUAUJIF,COP,644572.0,1474.71,PRINCIPAL
2025-05-19,Reservación,HMKY89Z35C,,G-T5WF4HNUAUJIF,COP,244162.5,1474.71,PRINCIPAL
2025-05-19,Reservación,HMPJZBXCJ3,,G-T5WF4HNUAUJIF,COP,155004.09,1474.71,PRINCIPAL
2025-05-19,Reservación,HMN33PDQ84,,G-T5WF4HNUAUJIF,COP,495454.8,1474.71,PRINCIPAL
2025-05-19,Reservación,HMSTWF94B3,,G-T5WF4HNUAUJIF,COP,149915.56,1474.71,PRINCIPAL
2025-05-19,Reservación,HMHMFWMXEC,,G-T5WF4HNUAUJIF,COP,110500.0,1474.71,PRINCIPAL
2025-05-19,Reservación,HM8S23PF44,,G-T5WF4HNUAUJIF,COP,205700.0,1474.71,PRINCIPAL
2025-05-19,Reservación,HM9BS2B4CF,,G-T5WF4HNUAUJIF,COP,182750.0,1474.71,PRINCIPAL
2025-05-19,Reservación,HMZMEDXFKH,,G-T5WF4HNUAUJIF,COP,118611.79,1474.71,PRINCIPAL
2025-05-19,Reservación,HMP2TH52CX,,G-T5WF4HNUAUJIF,COP,102000.0,1474.71,PRINCIPAL
2025-05-19,Reservación,HMCNHN9CHC,,G-T5WF4HNUAUJIF,COP,228015.22,1474.71,PRINCIPAL
2025-05-19,Reservación,HMXZ4PS88E,,G-T5WF4HNUAUJIF,COP,883298.03,1474.71,PRINCIPAL
2025-05-19,Reservación,HMC3DDSRZH,,G-T5WF4HNUAUJIF,COP,233351.09,1474.71,PRINCIPAL
2025-05-19,Reservación,HM9MFTKZA2,,G-T5WF4HNUAUJIF,COP,162775.0,1474.71,PRINCIPAL
2025-05-19,Reservación,HMAWZKZTFC,,G-T5WF4HNUAUJIF,COP,232050.0,1474.71,PRINCIPAL
2025-05-19,Reservación,HMWZSBH2TQ,,G-T5WF4HNUAUJIF,COP,244162.5,1474.71,PRINCIPAL
2025-05-19,Reservación,HMW3D34BW4,,G-T5WF4HNUAUJIF,COP,205700.0,1474.71,PRINCIPAL
2025-05-19,Reservación,HMMQ8KKR2A,,G-T5WF4HNUAUJIF,COP,91375.0,1474.71,PRINCIPAL
2025-05-19,Reservación,HMN33PDQ84,,G-7ESSV23JHZ5IQ,COP,353701.12,84.49,PRINCIPAL
2025-05-19,Reservación,HMC5SZZR34,,G-2WNV7BAD6UV4V,COP,89930.0,21.48,PRINCIPAL
2025-05-19,Pago de la resolución,HMP8PXQ9RR,Cobro de la resolución CLA-ZHFRHRTYAM de la reservación HMP8PXQ9RR,G-YQQOF64MWDNFF,COP,150000.0,35.83,PRINCIPAL
2025-05-16,Ajuste,HMQM8YSF4R,,G-RRCZPYXMWMJ4J,COP,-174250.0,1777.76,PRINCIPAL
2025-05-16,Pago de la resolución,HMHMN9CM3R,Cobro de la resolución CLA-29ZCXB5T2K de la reservación HMHMN9CM3R,G-RRCZPYXMWMJ4J,COP,60014.61,1777.76,PRINCIPAL
2025-05-16,Reservación,HMNCWC8XBX,,G-RRCZPYXMWMJ4J,COP,537558.88,1777.76,PRINCIPAL
2025-05-16,Reservación,HMHMN9CM3R,,G-RRCZPYXMWMJ4J,COP,176655.16,1777.76,PRINCIPAL
2025-05-16,Reservación,HM5PT9KZ5H,,G-RRCZPYXMWMJ4J,COP,88327.75,1777.76,PRINCIPAL
2025-05-16,Reservación,HMBFWR5A9P,,G-RRCZPYXMWMJ4J,COP,874841.89,1777.76,PRINCIPAL
2025-05-16,Reservación,HMD8R2NMTW,,G-RRCZPYXMWMJ4J,COP,267750.0,1777.76,PRINCIPAL
2025-05-16,Reservación,HMKM5H8CAP,,G-RRCZPYXMWMJ4J,COP,346614.02,1777.76,PRINCIPAL
2025-05-16,Reservación,HM3ZRT3P9Y,,G-RRCZPYXMWMJ4J,COP,290051.62,1777.76,PRINCIPAL
2025-05-16,Reservación,HMZQQEB9TX,,G-RRCZPYXMWMJ4J,COP,102000.0,1777.76,PRINCIPAL
2025-05-16,Reservación,HMSJ2F2SH9,,G-RRCZPYXMWMJ4J,COP,562069.3,1777.76,PRINCIPAL
2025-05-16,Reservación,HMNKBMFNS9,,G-RRCZPYXMWMJ4J,COP,614756.04,1777.76,PRINCIPAL
2025-05-16,Reservación,HMP8PXQ9RR,,G-RRCZPYXMWMJ4J,COP,828807.29,1777.76,PRINCIPAL
2025-05-16,Reservación,HMTQ54D5NF,,G-RRCZPYXMWMJ4J,COP,309187.5,1777.76,PRINCIPAL
2025-05-16,Reservación,HMA2S85CPA,,G-RRCZPYXMWMJ4J,COP,950385.0,1777.76,PRINCIPAL
2025-05-16,Reservación,HMFQXDKXNP,,G-RRCZPYXMWMJ4J,COP,514250.0,1777.76,PRINCIPAL
2025-05-16,Reservación,HMENWYZ8PK,,G-RRCZPYXMWMJ4J,COP,337025.0,1777.76,PRINCIPAL
2025-05-16,Reservación,HMWWNNMMFP,,G-RRCZPYXMWMJ4J,COP,185725.0,1777.76,PRINCIPAL
2025-05-16,Reservación,HMMBW2N5DH,,G-RRCZPYXMWMJ4J,COP,232050.0,1777.76,PRINCIPAL
2025-05-16,Reservación,HM8FCMS29X,,G-RRCZPYXMWMJ4J,COP,368900.0,1777.76,PRINCIPAL
2025-05-16,Reservación,HMC5SZZR34,,G-2PSLNX4XRTQZP,COP,89930.0,21.39,PRINCIPAL
2025-05-15,Reservación,HM2BAXYXRB,,G-IFG2RLHTIZHHB,COP,868634.72,2209.45,PRINCIPAL
2025-05-15,Reservación,HM38QRYSMF,,G-IFG2RLHTIZHHB,COP,318996.5,2209.45,PRINCIPAL
2025-05-15,Reservación,HMTJ9MBFAH,,G-IFG2RLHTIZHHB,COP,449636.02,2209.45,PRINCIPAL
2025-05-15,Reservación,HMEHS9PQFK,,G-IFG2RLHTIZHHB,COP,1016406.97,2209.45,PRINCIPAL
2025-05-15,Reservación,HMF8AFJSRT,,G-IFG2RLHTIZHHB,COP,329857.08,2209.45,PRINCIPAL
2025-05-15,Reservación,HMNMJJFKY4,,G-IFG2RLHTIZHHB,COP,353374.88,2209.45,PRINCIPAL
2025-05-15,Reservación,HMR85AX8FB,,G-IFG2RLHTIZHHB,COP,244715.68,2209.45,PRINCIPAL
2025-05-15,Reservación,HMZT85ZTYZ,,G-IFG2RLHTIZHHB,COP,358994.06,2209.45,PRINCIPAL
2025-05-15,Reservación,HMNW2SPS4Q,,G-IFG2RLHTIZHHB,COP,577162.96,2209.45,PRINCIPAL
2025-05-15,Reservación,HMW4KJ9ZKC,,G-IFG2RLHTIZHHB,COP,575450.0,2209.45,PRINCIPAL
2025-05-15,Reservación,HMT4MNYAMR,,G-IFG2RLHTIZHHB,COP,1538745.5,2209.45,PRINCIPAL
2025-05-15,Reservación,HMKBCWWC3Y,,G-IFG2RLHTIZHHB,COP,432158.74,2209.45,PRINCIPAL
2025-05-15,Reservación,HMFF283QJQ,,G-IFG2RLHTIZHHB,COP,147900.0,2209.45,PRINCIPAL
2025-05-15,Reservación,HMC4DFXEBA,,G-IFG2RLHTIZHHB,COP,247654.3,2209.45,PRINCIPAL
2025-05-15,Reservación,HM2258XM3Q,,G-IFG2RLHTIZHHB,COP,424889.5,2209.45,PRINCIPAL
2025-05-15,Reservación,HMFFHWXSJ8,,G-IFG2RLHTIZHHB,COP,348407.26,2209.45,PRINCIPAL
2025-05-15,Reservación,HM3Y82PJXF,,G-IFG2RLHTIZHHB,COP,182750.0,2209.45,PRINCIPAL
2025-05-15,Reservación,HMQJ3YZJ5T,,G-IFG2RLHTIZHHB,COP,263500.0,2209.45,PRINCIPAL
2025-05-15,Reservación,HMWWMRS3T3,,G-IFG2RLHTIZHHB,COP,260950.0,2209.45,PRINCIPAL
2025-05-15,Reservación,HMJJP2A4BJ,,G-IFG2RLHTIZHHB,COP,161500.0,2209.45,PRINCIPAL
2025-05-15,Reservación,HMQM8YSF4R,,G-IFG2RLHTIZHHB,COP,174250.0,2209.45,PRINCIPAL
2025-05-15,Pago de la resolución,HMQFDZKYMB,Reembolso de daños de AirCover para la resolución CLSF-04396672,G-C7ND5BPWBGR2O,COP,40000.0,31.08,PRINCIPAL
2025-05-15,Reservación,HMCF5EZBJE,,G-C7ND5BPWBGR2O,COP,90458.62,31.08,PRINCIPAL
2025-05-15,Pago de la resolución,HMNFWA3RYF,Reembolso de daños de AirCover para la resolución CLSF-04386770,G-YY2C6C4FQXYXY,COP,53900.0,728.28,PRINCIPAL
2025-05-15,Reservación,HMJ8FHYCHK,,G-YY2C6C4FQXYXY,COP,640657.07,728.28,PRINCIPAL
2025-05-15,Reservación,HMBK8T8SRZ,,G-YY2C6C4FQXYXY,COP,359125.0,728.28,PRINCIPAL
2025-05-15,Reservación,HMKBHQA394,,G-YY2C6C4FQXYXY,COP,269323.35,728.28,PRINCIPAL
2025-05-15,Reservación,HMMFMC3CN8,,G-YY2C6C4FQXYXY,COP,291550.0,728.28,PRINCIPAL
2025-05-15,Reservación,HME3EW4KSD,,G-YY2C6C4FQXYXY,COP,567970.0,728.28,PRINCIPAL
2025-05-15,Reservación,HMJ54YX5BA,,G-YY2C6C4FQXYXY,COP,244162.5,728.28,PRINCIPAL
2025-05-15,Reservación,HMDQYBF9J5,,G-YY2C6C4FQXYXY,COP,180251.0,728.28,PRINCIPAL
2025-05-15,Reservación,HMY9FZYXWR,,G-YY2C6C4FQXYXY,COP,148750.0,728.28,PRINCIPAL
2025-05-15,Reservación,HMC5SZZR34,,G-YY2C6C4FQXYXY,COP,312290.0,728.28,PRINCIPAL
2025-05-13,Reservación,HM49NW9ZF2,,G-NGAF44YK3XLJB,COP,2110804.56,2470.35,PRINCIPAL
2025-05-13,Reservación,HMRKFEQY2W,,G-NGAF44YK3XLJB,COP,839947.64,2470.35,PRINCIPAL
2025-05-13,Reservación,HM5WSMTMFY,,G-NGAF44YK3XLJB,COP,608355.54,2470.35,PRINCIPAL
2025-05-13,Reservación,HMJ3CQ3TFZ,,G-NGAF44YK3XLJB,COP,412458.25,2470.35,PRINCIPAL
2025-05-13,Reservación,HMKJKHBK3X,,G-NGAF44YK3XLJB,COP,151300.0,2470.35,PRINCIPAL
2025-05-13,Reservación,HM8C58EQWK,,G-NGAF44YK3XLJB,COP,3234601.92,2470.35,PRINCIPAL
2025-05-13,Reservación,HMCF5EZBJE,,G-NGAF44YK3XLJB,COP,356494.93,2470.35,PRINCIPAL
2025-05-13,Reservación,HMYDMHYTWD,,G-NGAF44YK3XLJB,COP,467422.65,2470.35,PRINCIPAL
2025-05-13,Reservación,HMBP8HDDMS,,G-NGAF44YK3XLJB,COP,259250.0,2470.35,PRINCIPAL
2025-05-13,Reservación,HMS3DKBCMM,,G-NGAF44YK3XLJB,COP,381437.5,2470.35,PRINCIPAL
2025-05-13,Reservación,HMMEDK9B2Q,,G-NGAF44YK3XLJB,COP,222487.5,2470.35,PRINCIPAL
2025-05-13,Reservación,HMN8TZTATN,,G-NGAF44YK3XLJB,COP,634185.0,2470.35,PRINCIPAL
2025-05-13,Reservación,HMTKRHE9X9,,G-NGAF44YK3XLJB,COP,484874.0,2470.35,PRINCIPAL
2025-05-13,Reservación,HMMP52SKKW,,G-NGAF44YK3XLJB,COP,272850.0,2470.35,PRINCIPAL
2025-05-13,Tarifa de cancelación,HMXTNXKK5X,,G-JOJQUGLEBEZDN,COP,-222680.25,39.84,PRINCIPAL
2025-05-13,Reservación,HMCD85285J,,G-JOJQUGLEBEZDN,COP,391000.0,39.84,PRINCIPAL
2025-05-12,Reservación,HMQXHZAZBA,,G-QXTWD2BTZCABL,COP,2216297.62,1277.25,PRINCIPAL
2025-05-12,Reservación,HMFXQXMEPZ,,G-QXTWD2BTZCABL,COP,326187.5,1277.25,PRINCIPAL
2025-05-12,Reservación,HMC4Y8XXCA,,G-QXTWD2BTZCABL,COP,484551.0,1277.25,PRINCIPAL
2025-05-12,Reservación,HMDQAK4SEC,,G-QXTWD2BTZCABL,COP,237806.41,1277.25,PRINCIPAL
2025-05-12,Reservación,HMJJ39FT25,,G-QXTWD2BTZCABL,COP,522531.21,1277.25,PRINCIPAL
2025-05-12,Reservación,HMWNM3MNK2,,G-QXTWD2BTZCABL,COP,120439.05,1277.25,PRINCIPAL
2025-05-12,Reservación,HMPFFMK88T,,G-QXTWD2BTZCABL,COP,546127.97,1277.25,PRINCIPAL
2025-05-12,Reservación,HMD38EWZZ9,,G-QXTWD2BTZCABL,COP,326187.5,1277.25,PRINCIPAL
2025-05-12,Reservación,HMW2CHJXDH,,G-QXTWD2BTZCABL,COP,238850.0,1277.25,PRINCIPAL
2025-05-12,Reservación,HM953ZEF8Y,,G-QXTWD2BTZCABL,COP,299297.2,1277.25,PRINCIPAL
2025-05-12,Reservación,HM9KBQSAQ4,,G-QXTWD2BTZCABL,COP,102000.0,1277.25,PRINCIPAL
2025-05-12,Reservación,HMRKWYE3XW,,G-AHXAGQ5ZCMBL5,COP,78681.52,41.07,PRINCIPAL
2025-05-12,Reservación,HMF9C2HYEE,,G-AHXAGQ5ZCMBL5,COP,95625.0,41.07,PRINCIPAL
2025-05-12,Reservación,HMZYK4PNRZ,,G-MKONOMCVL6PRO,COP,79050.0,2459.1,PRINCIPAL
2025-05-12,Ajuste de la resolución,HMHXA44FAX,Ajuste para la resolución 40410744,G-MKONOMCVL6PRO,COP,-132491.37,2459.1,PRINCIPAL
2025-05-12,Reservación,HMF9C2HYEE,,G-MKONOMCVL6PRO,COP,95625.0,2459.1,PRINCIPAL
2025-05-12,Reservación,HMJ2AHFN9S,,G-MKONOMCVL6PRO,COP,176655.16,2459.1,PRINCIPAL
2025-05-12,Reservación,HMNFNRFEMY,,G-MKONOMCVL6PRO,COP,481292.78,2459.1,PRINCIPAL
2025-05-12,Reservación,HM4K2T3PXR,,G-MKONOMCVL6PRO,COP,204695.3,2459.1,PRINCIPAL
2025-05-12,Reservación,HMH4TCRC49,,G-MKONOMCVL6PRO,COP,2965650.0,2459.1,PRINCIPAL
2025-05-12,Reservación,HM2XZX3993,,G-MKONOMCVL6PRO,COP,565829.83,2459.1,PRINCIPAL
2025-05-12,Reservación,HMJYC2BMDA,,G-MKONOMCVL6PRO,COP,743750.0,2459.1,PRINCIPAL
2025-05-12,Reservación,HMRKPJFMNC,,G-MKONOMCVL6PRO,COP,551165.5,2459.1,PRINCIPAL
2025-05-12,Reservación,HMAKM9ED8Y,,G-MKONOMCVL6PRO,COP,161500.0,2459.1,PRINCIPAL
2025-05-12,Reservación,HMHQ45ZCHN,,G-MKONOMCVL6PRO,COP,850068.81,2459.1,PRINCIPAL
2025-05-12,Reservación,HMMMWDE523,,G-MKONOMCVL6PRO,COP,636586.12,2459.1,PRINCIPAL
2025-05-12,Reservación,HMFP9ZM422,,G-MKONOMCVL6PRO,COP,849660.0,2459.1,PRINCIPAL
2025-05-12,Reservación,HMQFDZKYMB,,G-MKONOMCVL6PRO,COP,182750.0,2459.1,PRINCIPAL
2025-05-12,Reservación,HMR2ZBHJXN,,G-MKONOMCVL6PRO,COP,110500.0,2459.1,PRINCIPAL
2025-05-12,Reservación,HMT9ED4YDC,,G-MKONOMCVL6PRO,COP,244162.5,2459.1,PRINCIPAL
2025-05-12,Reservación,HMJ54QQJ2W,,G-MKONOMCVL6PRO,COP,119000.0,2459.1,PRINCIPAL
2025-05-12,Reservación,HM32F5XNPC,,G-MKONOMCVL6PRO,COP,102000.0,2459.1,PRINCIPAL
2025-05-12,Reservación,HMFRQEBPRD,,G-MKONOMCVL6PRO,COP,150875.0,2459.1,PRINCIPAL
2025-05-12,Reservación,HMRKFRHHAJ,,G-MKONOMCVL6PRO,COP,494768.0,2459.1,PRINCIPAL
2025-05-12,Reservación,HMCD85285J,,G-MKONOMCVL6PRO,COP,283220.0,2459.1,PRINCIPAL
2025-05-12,Reservación,HMAWMTNB2M,,G-MKONOMCVL6PRO,COP,170000.0,2459.1,PRINCIPAL
2025-05-12,Reservación,HMMZR5XND5,,G-MKONOMCVL6PRO,COP,102000.0,2459.1,PRINCIPAL
2025-05-12,Reservación,HMNAPAEAJ8,,G-MKONOMCVL6PRO,COP,209897.71,2459.1,PRINCIPAL
2025-05-12,Reservación,HMMDD2DYKE,,G-EGPOWXVABBT3Q,COP,704081.25,1519.1,PRINCIPAL
2025-05-12,Reservación,HMMZXT8R8T,,G-EGPOWXVABBT3Q,COP,965128.76,1519.1,PRINCIPAL
2025-05-12,Reservación,HM8KFSHBSD,,G-EGPOWXVABBT3Q,COP,208071.5,1519.1,PRINCIPAL
2025-05-12,Reservación,HMC5R4MB89,,G-EGPOWXVABBT3Q,COP,163799.12,1519.1,PRINCIPAL
2025-05-12,Reservación,HMTHCXD83X,,G-EGPOWXVABBT3Q,COP,715343.0,1519.1,PRINCIPAL
2025-05-12,Reservación,HMYZNY22WC,,G-EGPOWXVABBT3Q,COP,480250.0,1519.1,PRINCIPAL
2025-05-12,Reservación,HM3CNT5KT3,,G-EGPOWXVABBT3Q,COP,403750.0,1519.1,PRINCIPAL
2025-05-12,Reservación,HM9R35K5HX,,G-EGPOWXVABBT3Q,COP,416500.0,1519.1,PRINCIPAL
2025-05-12,Reservación,HMRKWYE3XW,,G-EGPOWXVABBT3Q,COP,244715.85,1519.1,PRINCIPAL
2025-05-12,Reservación,HMRDMB3WRX,,G-EGPOWXVABBT3Q,COP,119000.0,1519.1,PRINCIPAL
2025-05-12,Reservación,HMSCAHEPRH,,G-EGPOWXVABBT3Q,COP,276675.0,1519.1,PRINCIPAL
2025-05-12,Reservación,HM8AXMFSHE,,G-EGPOWXVABBT3Q,COP,199393.0,1519.1,PRINCIPAL
2025-05-12,Reservación,HMHQYMPFT3,,G-EGPOWXVABBT3Q,COP,210078.72,1519.1,PRINCIPAL
2025-05-12,Reservación,HMZYK4PNRZ,,G-EGPOWXVABBT3Q,COP,183600.0,1519.1,PRINCIPAL
2025-05-12,Reservación,HMZTYZCNBP,,G-EGPOWXVABBT3Q,COP,102068.0,1519.1,PRINCIPAL
2025-05-12,Reservación,HM4SXCBYZJ,,G-EGPOWXVABBT3Q,COP,131750.0,1519.1,PRINCIPAL
2025-05-12,Reservación,HMKTEA2HXJ,,G-EGPOWXVABBT3Q,COP,199393.0,1519.1,PRINCIPAL
2025-05-12,Reservación,HMKFQB9A2Y,,G-EGPOWXVABBT3Q,COP,132281.25,1519.1,PRINCIPAL
2025-05-12,Reservación,HMEZ5HY34F,,G-EGPOWXVABBT3Q,COP,222487.5,1519.1,PRINCIPAL
2025-05-12,Reservación,HM9CMW9QWB,,G-EGPOWXVABBT3Q,COP,153000.0,1519.1,PRINCIPAL
2025-05-12,Reservación,HMR5RK4C9P,,G-EGPOWXVABBT3Q,COP,119000.0,1519.1,PRINCIPAL
2025-05-12,Reservación,HMY2CSDY25,,G-EGPOWXVABBT3Q,COP,86700.0,1519.1,PRINCIPAL
2025-05-12,Reservación,HMF9C2HYEE,,G-BZCEOEKBI6IW7,COP,95625.0,22.57,PRINCIPAL
2025-05-12,Pago de la resolución,HMECPN5NDX,Cobro de la resolución CLA-B4AHF2T4F9 de la reservación HMECPN5NDX,G-CK2CAVFMHEUFY,COP,100000.0,23.6,PRINCIPAL
2025-05-09,Reservación,HMF9C2HYEE,,G-TAFJTQGV67GK7,COP,82875.0,1522.59,PRINCIPAL
2025-05-09,Reservación,HM242QBCZ2,,G-TAFJTQGV67GK7,COP,340003.14,1522.59,PRINCIPAL
2025-05-09,Reservación,HM4QJWW3TE,,G-TAFJTQGV67GK7,COP,1781430.0,1522.59,PRINCIPAL
2025-05-09,Reservación,HMTWAAD54A,,G-TAFJTQGV67GK7,COP,857688.25,1522.59,PRINCIPAL
2025-05-09,Reservación,HM9SYHWJWM,,G-TAFJTQGV67GK7,COP,188699.83,1522.59,PRINCIPAL
2025-05-09,Reservación,HMZ9Q9AT2W,,G-TAFJTQGV67GK7,COP,463627.23,1522.59,PRINCIPAL
2025-05-09,Reservación,HMNFWA3RYF,,G-TAFJTQGV67GK7,COP,371913.25,1522.59,PRINCIPAL
2025-05-09,Reservación,HM2W4JWZZT,,G-TAFJTQGV67GK7,COP,267750.0,1522.59,PRINCIPAL
2025-05-09,Reservación,HMTF4WPAW3,,G-TAFJTQGV67GK7,COP,514611.89,1522.59,PRINCIPAL
2025-05-09,Reservación,HM98QEKBMF,,G-TAFJTQGV67GK7,COP,450075.0,1522.59,PRINCIPAL
2025-05-09,Reservación,HMZSPEKJBS,,G-TAFJTQGV67GK7,COP,263500.0,1522.59,PRINCIPAL
2025-05-09,Reservación,HMCJQ9F8MD,,G-TAFJTQGV67GK7,COP,361250.0,1522.59,PRINCIPAL
2025-05-09,Reservación,HMCAWR9SHC,,G-TAFJTQGV67GK7,COP,199513.7,1522.59,PRINCIPAL
2025-05-09,Reservación,HMMRPTJNJ2,,G-TAFJTQGV67GK7,COP,332708.82,1522.59,PRINCIPAL
2025-05-08,Reservación,HMBNJBS28F,,G-CIQWLOGDNEYWY,COP,489175.0,1467.52,PRINCIPAL
2025-05-08,Reservación,HMJP8ZW8QS,,G-CIQWLOGDNEYWY,COP,88327.58,1467.52,PRINCIPAL
2025-05-08,Reservación,HMXXHMQPDK,,G-CIQWLOGDNEYWY,COP,217246.23,1467.52,PRINCIPAL
2025-05-08,Reservación,HM39BXJ8XF,,G-CIQWLOGDNEYWY,COP,280500.0,1467.52,PRINCIPAL
2025-05-08,Reservación,HMBRHFQ4S4,,G-CIQWLOGDNEYWY,COP,522750.0,1467.52,PRINCIPAL
2025-05-08,Reservación,HMD2C8PHN4,,G-CIQWLOGDNEYWY,COP,328612.21,1467.52,PRINCIPAL
2025-05-08,Reservación,HM5RRXSZRX,,G-CIQWLOGDNEYWY,COP,171089.7,1467.52,PRINCIPAL
2025-05-08,Reservación,HM498HKD2R,,G-CIQWLOGDNEYWY,COP,149175.0,1467.52,PRINCIPAL
2025-05-08,Reservación,HM88FY8EC2,,G-CIQWLOGDNEYWY,COP,515950.0,1467.52,PRINCIPAL
2025-05-08,Reservación,HM3NDC95Y9,,G-CIQWLOGDNEYWY,COP,244162.5,1467.52,PRINCIPAL
2025-05-08,Reservación,HM8K95SEH8,,G-CIQWLOGDNEYWY,COP,350989.48,1467.52,PRINCIPAL
2025-05-08,Reservación,HMYDKZK2HK,,G-CIQWLOGDNEYWY,COP,199750.0,1467.52,PRINCIPAL
2025-05-08,Reservación,HMH9DXC2T9,,G-CIQWLOGDNEYWY,COP,1440784.0,1467.52,PRINCIPAL
2025-05-08,Reservación,HMST8YBJYP,,G-CIQWLOGDNEYWY,COP,624750.0,1467.52,PRINCIPAL
2025-05-08,Reservación,HMA43KMNBE,,G-CIQWLOGDNEYWY,COP,216580.0,1467.52,PRINCIPAL
2025-05-08,Reservación,HMYAYQEQ5M,,G-CIQWLOGDNEYWY,COP,306000.0,1467.52,PRINCIPAL
2025-05-08,Reservación,HMWANN8BA9,,G-CIQWLOGDNEYWY,COP,165886.0,1467.52,PRINCIPAL
2025-05-08,Ajuste de la resolución,HM88FY8EC2,Ajuste para la resolución 40324238,G-CIQWLOGDNEYWY,COP,-12898.75,1467.52,PRINCIPAL
2025-05-08,Reservación,HMF9C2HYEE,,G-RZA7I3HVCPG3Y,COP,97750.0,22.77,PRINCIPAL
2025-05-08,Reservación,HMSKW8ANAY,,G-JNEOK4UO7DPOI,COP,336508.07,83.36,PRINCIPAL
2025-05-08,Reservación,HMH3EBFZQR,,G-JNEOK4UO7DPOI,COP,22145.9,83.36,PRINCIPAL
2025-05-08,Reservación,HMRCJTT32W,,G-6RSNY7ZTADLOB,COP,1393348.51,1134.74,PRINCIPAL
2025-05-08,Reservación,HMHXA44FAX,,G-6RSNY7ZTADLOB,COP,441637.9,1134.74,PRINCIPAL
2025-05-08,Reservación,HMWFCATTAZ,,G-6RSNY7ZTADLOB,COP,439412.09,1134.74,PRINCIPAL
2025-05-08,Reservación,HM9P8AMJJY,,G-6RSNY7ZTADLOB,COP,510277.95,1134.74,PRINCIPAL
2025-05-08,Reservación,HM3KMBA4E3,,G-6RSNY7ZTADLOB,COP,276250.0,1134.74,PRINCIPAL
2025-05-08,Reservación,HMXZ2RK4QE,,G-6RSNY7ZTADLOB,COP,318992.25,1134.74,PRINCIPAL
2025-05-08,Reservación,HMTMPXE3EB,,G-6RSNY7ZTADLOB,COP,336879.78,1134.74,PRINCIPAL
2025-05-08,Reservación,HM8B2KX4N5,,G-6RSNY7ZTADLOB,COP,267750.0,1134.74,PRINCIPAL
2025-05-08,Reservación,HM4KMZXHSR,,G-6RSNY7ZTADLOB,COP,267750.0,1134.74,PRINCIPAL
2025-05-08,Reservación,HMFJFDZF5B,,G-6RSNY7ZTADLOB,COP,505206.0,1134.74,PRINCIPAL
2025-05-08,Reservación,HMQAPPSNDM,,G-6RSNY7ZTADLOB,COP,125047.75,1134.74,PRINCIPAL
2025-05-07,Reservación,HMF9C2HYEE,,G-N5SFUFXMZUJE6,COP,97750.0,22.72,PRINCIPAL
2025-05-06,Reservación,HMJQNNDDY4,,G-E4P3ATEFGDFM2,COP,565743.0,2164.44,PRINCIPAL
2025-05-06,Reservación,HMJJ9M85P5,,G-E4P3ATEFGDFM2,COP,385262.5,2164.44,PRINCIPAL
2025-05-06,Reservación,HMMZF25Q3Z,,G-E4P3ATEFGDFM2,COP,804950.0,2164.44,PRINCIPAL
2025-05-06,Reservación,HMQSXWHRBQ,,G-E4P3ATEFGDFM2,COP,2852688.28,2164.44,PRINCIPAL
2025-05-06,Reservación,HM8HJ2WAR5,,G-E4P3ATEFGDFM2,COP,103992.4,2164.44,PRINCIPAL
2025-05-06,Reservación,HMFHY8T4CJ,,G-E4P3ATEFGDFM2,COP,186696.04,2164.44,PRINCIPAL
2025-05-06,Reservación,HMF8CRCRC2,,G-E4P3ATEFGDFM2,COP,294100.0,2164.44,PRINCIPAL
2025-05-06,Reservación,HMAC2SR3FZ,,G-E4P3ATEFGDFM2,COP,257901.86,2164.44,PRINCIPAL
2025-05-06,Reservación,HMAJRWE2MA,,G-E4P3ATEFGDFM2,COP,2096280.88,2164.44,PRINCIPAL
2025-05-06,Reservación,HM3BRWM8KE,,G-E4P3ATEFGDFM2,COP,245074.32,2164.44,PRINCIPAL
2025-05-06,Reservación,HMK2PEA2DC,,G-E4P3ATEFGDFM2,COP,246500.0,2164.44,PRINCIPAL
2025-05-06,Reservación,HMZAMSEAMF,,G-E4P3ATEFGDFM2,COP,322150.0,2164.44,PRINCIPAL
2025-05-06,Reservación,HMPM2BYFSP,,G-E4P3ATEFGDFM2,COP,506744.84,2164.44,PRINCIPAL
2025-05-06,Reservación,HMMNBW2K2Q,,G-E4P3ATEFGDFM2,COP,299030.0,2164.44,PRINCIPAL
2025-05-06,Reservación,HM9N8BZHYQ,,G-E4P3ATEFGDFM2,COP,132175.0,2164.44,PRINCIPAL
2025-05-06,Reservación,HMF9C2HYEE,,G-V4WFRFSFDWJ7M,COP,97750.0,22.75,PRINCIPAL
2025-05-05,Reservación,HMCP3WX5ME,,G-MA3SHX22DTL2W,COP,940100.0,1193.67,PRINCIPAL
2025-05-05,Reservación,HMSCKYAWB5,,G-MA3SHX22DTL2W,COP,330410.51,1193.67,PRINCIPAL
2025-05-05,Reservación,HM2DSZRM2E,,G-MA3SHX22DTL2W,COP,512279.1,1193.67,PRINCIPAL
2025-05-05,Reservación,HMAYFYJYX9,,G-MA3SHX22DTL2W,COP,2851392.7,1193.67,PRINCIPAL
2025-05-05,Reservación,HM839ZDA84,,G-MA3SHX22DTL2W,COP,449713.5,1193.67,PRINCIPAL
2025-05-05,Reservación,HMQ5W34ASQ,,G-ED5ZYHQFUII7A,COP,89760.0,40.04,PRINCIPAL
2025-05-05,Reservación,HMF9C2HYEE,,G-ED5ZYHQFUII7A,COP,80750.0,40.04,PRINCIPAL
2025-05-05,Pago de la resolución,HMPTSPD8DP,Cobro de la resolución CLA-XRXC5C8PDB de la reservación HMPTSPD8DP,G-G6D3ZJLOH4JJV,COP,120000.0,1460.34,PRINCIPAL
2025-05-05,Reservación,HMJ34C5MPE,,G-G6D3ZJLOH4JJV,COP,124870.27,1460.34,PRINCIPAL
2025-05-05,Reservación,HMN89J9YXK,,G-G6D3ZJLOH4JJV,COP,264982.74,1460.34,PRINCIPAL
2025-05-05,Reservación,HMEKS9W28Q,,G-G6D3ZJLOH4JJV,COP,303583.96,1460.34,PRINCIPAL
2025-05-05,Reservación,HMPTSPD8DP,,G-G6D3ZJLOH4JJV,COP,514311.33,1460.34,PRINCIPAL
2025-05-05,Reservación,HM9AAKXBQ9,,G-G6D3ZJLOH4JJV,COP,134548.2,1460.34,PRINCIPAL
2025-05-05,Reservación,HMH3EBFZQR,,G-G6D3ZJLOH4JJV,COP,574979.1,1460.34,PRINCIPAL
2025-05-05,Reservación,HMRNWAXEZJ,,G-G6D3ZJLOH4JJV,COP,325815.27,1460.34,PRINCIPAL
2025-05-05,Reservación,HMWNBPTEYY,,G-G6D3ZJLOH4JJV,COP,739573.1,1460.34,PRINCIPAL
2025-05-05,Reservación,HM9YRSFJHF,,G-G6D3ZJLOH4JJV,COP,143225.0,1460.34,PRINCIPAL
2025-05-05,Reservación,HMQTNW9HCT,,G-G6D3ZJLOH4JJV,COP,124100.0,1460.34,PRINCIPAL
2025-05-05,Reservación,HMBBXEXFMM,,G-G6D3ZJLOH4JJV,COP,214616.5,1460.34,PRINCIPAL
2025-05-05,Reservación,HM9MQSHFYX,,G-G6D3ZJLOH4JJV,COP,106326.5,1460.34,PRINCIPAL
2025-05-05,Reservación,HMNA2XMQR9,,G-G6D3ZJLOH4JJV,COP,522750.0,1460.34,PRINCIPAL
2025-05-05,Reservación,HMHZY9BTM2,,G-G6D3ZJLOH4JJV,COP,498233.96,1460.34,PRINCIPAL
2025-05-05,Reservación,HMYM9ZN9HK,,G-G6D3ZJLOH4JJV,COP,159800.0,1460.34,PRINCIPAL
2025-05-05,Reservación,HMSB3MYFJH,,G-G6D3ZJLOH4JJV,COP,200393.96,1460.34,PRINCIPAL
2025-05-05,Reservación,HMPXYJZ9R9,,G-G6D3ZJLOH4JJV,COP,498233.96,1460.34,PRINCIPAL
2025-05-05,Reservación,HM4XACHAF2,,G-G6D3ZJLOH4JJV,COP,378755.92,1460.34,PRINCIPAL
2025-05-05,Reservación,HMF9C2HYEE,,G-G6D3ZJLOH4JJV,COP,255000.0,1460.34,PRINCIPAL
2025-05-05,Pago de la resolución,HMN8TTMF89,Reembolso de daños de AirCover para la resolución CLSF-04353722,G-SLGJ4MHQUUHHI,COP,7991.12,80.25,PRINCIPAL
2025-05-05,Ajuste,HMPY99QFZD,,G-SLGJ4MHQUUHHI,COP,-105812.48,80.25,PRINCIPAL
2025-05-05,Reservación,HMSN8WKSQD,,G-SLGJ4MHQUUHHI,COP,103317.5,80.25,PRINCIPAL
2025-05-05,Reservación,HMKHPPRXWQ,,G-SLGJ4MHQUUHHI,COP,177597.81,80.25,PRINCIPAL
2025-05-05,Reservación,HMP88P3S5D,,G-SLGJ4MHQUUHHI,COP,157864.72,80.25,PRINCIPAL
2025-05-05,Reservación,HM389F5YJH,,G-JKE74NIXNUY4M,COP,220944.92,1927.31,PRINCIPAL
2025-05-05,Reservación,HMKRDZZSQM,,G-JKE74NIXNUY4M,COP,318951.11,1927.31,PRINCIPAL
2025-05-05,Reservación,HMSWQPY339,,G-JKE74NIXNUY4M,COP,218073.49,1927.31,PRINCIPAL
2025-05-05,Reservación,HMEW5282TS,,G-JKE74NIXNUY4M,COP,911619.75,1927.31,PRINCIPAL
2025-05-05,Reservación,HMS9QQ25KB,,G-JKE74NIXNUY4M,COP,350568.99,1927.31,PRINCIPAL
2025-05-05,Reservación,HMYX5KJ4B2,,G-JKE74NIXNUY4M,COP,333948.59,1927.31,PRINCIPAL
2025-05-05,Reservación,HM9MMTR3B2,,G-JKE74NIXNUY4M,COP,738551.87,1927.31,PRINCIPAL
2025-05-05,Reservación,HMHWP4RCJF,,G-JKE74NIXNUY4M,COP,365143.68,1927.31,PRINCIPAL
2025-05-05,Reservación,HMECPN5NDX,,G-JKE74NIXNUY4M,COP,922753.27,1927.31,PRINCIPAL
2025-05-05,Reservación,HMRBK3PZQE,,G-JKE74NIXNUY4M,COP,357928.37,1927.31,PRINCIPAL
2025-05-05,Reservación,HMP88P3S5D,,G-JKE74NIXNUY4M,COP,340340.0,1927.31,PRINCIPAL
2025-05-05,Reservación,HMJCTZJNNW,,G-JKE74NIXNUY4M,COP,231971.8,1927.31,PRINCIPAL
2025-05-05,Reservación,HMQXEA4HAX,,G-JKE74NIXNUY4M,COP,216289.64,1927.31,PRINCIPAL
2025-05-05,Reservación,HM53ZXSY9R,,G-JKE74NIXNUY4M,COP,636346.55,1927.31,PRINCIPAL
2025-05-05,Reservación,HMDEX44W3Y,,G-JKE74NIXNUY4M,COP,244727.75,1927.31,PRINCIPAL
2025-05-05,Reservación,HMBFQAXAQN,,G-JKE74NIXNUY4M,COP,305320.0,1927.31,PRINCIPAL
2025-05-05,Reservación,HMRY8SCHMS,,G-JKE74NIXNUY4M,COP,201980.4,1927.31,PRINCIPAL
2025-05-05,Reservación,HMC9ZBH4WX,,G-JKE74NIXNUY4M,COP,509008.56,1927.31,PRINCIPAL
2025-05-05,Reservación,HMK4J5F5DX,,G-JKE74NIXNUY4M,COP,127500.0,1927.31,PRINCIPAL
2025-05-05,Reservación,HM5RFM9FPA,,G-JKE74NIXNUY4M,COP,148750.0,1927.31,PRINCIPAL
2025-05-05,Reservación,HMSN8WKSQD,,G-JKE74NIXNUY4M,COP,348202.5,1927.31,PRINCIPAL
2025-05-05,Reservación,HMAKF2EXFM,,G-JKE74NIXNUY4M,COP,143225.0,1927.31,PRINCIPAL
2025-05-05,Reservación,HMKHPPRXWQ,,G-ICA3MIGARW5PQ,COP,172849.45,40.84,PRINCIPAL
2025-05-02,Pago de la resolución,HMJQTF5KDT,Cobro de la resolución CLA-5PX3Q9NHJ9 de la reservación HMJQTF5KDT,G-MCUIWMDP5ALIX,COP,60000.0,2036.68,PRINCIPAL
2025-05-02,Pago de la resolución,HMAC53NZNY,Cobro de la resolución CLA-9TW5P323WB de la reservación HMAC53NZNY,G-MCUIWMDP5ALIX,COP,60000.0,2036.68,PRINCIPAL
2025-05-02,Reservación,HMSPQD4TWR,,G-MCUIWMDP5ALIX,COP,597321.69,2036.68,PRINCIPAL
2025-05-02,Reservación,HMJQTF5KDT,,G-MCUIWMDP5ALIX,COP,293537.72,2036.68,PRINCIPAL
2025-05-02,Reservación,HMAC53NZNY,,G-MCUIWMDP5ALIX,COP,268907.15,2036.68,PRINCIPAL
2025-05-02,Reservación,HM9FEFBNXZ,,G-MCUIWMDP5ALIX,COP,262881.88,2036.68,PRINCIPAL
2025-05-02,Reservación,HMPXZZMQ3D,,G-MCUIWMDP5ALIX,COP,311104.76,2036.68,PRINCIPAL
2025-05-02,Reservación,HMNBKBRHPY,,G-MCUIWMDP5ALIX,COP,385192.8,2036.68,PRINCIPAL
2025-05-02,Reservación,HMFDY9JWXK,,G-MCUIWMDP5ALIX,COP,511892.7,2036.68,PRINCIPAL
2025-05-02,Reservación,HMWWD4J8PB,,G-MCUIWMDP5ALIX,COP,291170.98,2036.68,PRINCIPAL
2025-05-02,Reservación,HMDYY2YBE3,,G-MCUIWMDP5ALIX,COP,355111.34,2036.68,PRINCIPAL
2025-05-02,Reservación,HMRNDAWJDF,,G-MCUIWMDP5ALIX,COP,598383.51,2036.68,PRINCIPAL
2025-05-02,Reservación,HMMTKJNDFN,,G-MCUIWMDP5ALIX,COP,428374.5,2036.68,PRINCIPAL
2025-05-02,Reservación,HM35WMEBXM,,G-MCUIWMDP5ALIX,COP,341700.0,2036.68,PRINCIPAL
2025-05-02,Reservación,HMN9BW55MM,,G-MCUIWMDP5ALIX,COP,1289198.74,2036.68,PRINCIPAL
2025-05-02,Reservación,HM2QCM448R,,G-MCUIWMDP5ALIX,COP,117990.2,2036.68,PRINCIPAL
2025-05-02,Reservación,HMAS2CHR5X,,G-MCUIWMDP5ALIX,COP,933001.65,2036.68,PRINCIPAL
2025-05-02,Reservación,HMNQCTA2SJ,,G-MCUIWMDP5ALIX,COP,268092.41,2036.68,PRINCIPAL
2025-05-02,Reservación,HMPSHRQNZZ,,G-MCUIWMDP5ALIX,COP,373137.76,2036.68,PRINCIPAL
2025-05-02,Reservación,HM9PCWM4PY,,G-MCUIWMDP5ALIX,COP,185530.18,2036.68,PRINCIPAL
2025-05-02,Reservación,HMHBCS3TJZ,,G-MCUIWMDP5ALIX,COP,687884.84,2036.68,PRINCIPAL
2025-05-01,Reservación,HMFSQPZXTZ,,G-ZDR3FZFOQXJH3,COP,377053.54,2969.5,PRINCIPAL
2025-05-01,Reservación,HMZAKDYA3F,,G-ZDR3FZFOQXJH3,COP,1203817.64,2969.5,PRINCIPAL
2025-05-01,Reservación,HMKH4ES4DQ,,G-ZDR3FZFOQXJH3,COP,1246049.6,2969.5,PRINCIPAL
2025-05-01,Reservación,HM5RK833AA,,G-ZDR3FZFOQXJH3,COP,428469.7,2969.5,PRINCIPAL
2025-05-01,Reservación,HME2QFW4A9,,G-ZDR3FZFOQXJH3,COP,309400.0,2969.5,PRINCIPAL
2025-05-01,Reservación,HMMBC8FWE9,,G-ZDR3FZFOQXJH3,COP,2728970.7,2969.5,PRINCIPAL
2025-05-01,Reservación,HM5YPQNKH3,,G-ZDR3FZFOQXJH3,COP,484500.0,2969.5,PRINCIPAL
2025-05-01,Reservación,HMJQYHJEC9,,G-ZDR3FZFOQXJH3,COP,257737.13,2969.5,PRINCIPAL
2025-05-01,Reservación,HMYJDNEZQJ,,G-ZDR3FZFOQXJH3,COP,154264.72,2969.5,PRINCIPAL
2025-05-01,Reservación,HMQW8Z25Q3,,G-ZDR3FZFOQXJH3,COP,2397341.05,2969.5,PRINCIPAL
2025-05-01,Reservación,HMFKJWDAWQ,,G-ZDR3FZFOQXJH3,COP,156400.0,2969.5,PRINCIPAL
2025-05-01,Reservación,HM2N9BZ38M,,G-ZDR3FZFOQXJH3,COP,97750.0,2969.5,PRINCIPAL
2025-05-01,Reservación,HMCCYK2CRJ,,G-ZDR3FZFOQXJH3,COP,97750.0,2969.5,PRINCIPAL
2025-05-01,Reservación,HMSDPNP95X,,G-ZDR3FZFOQXJH3,COP,600100.0,2969.5,PRINCIPAL
2025-05-01,Reservación,HMPY99QFZD,,G-ZDR3FZFOQXJH3,COP,840295.25,2969.5,PRINCIPAL
2025-05-01,Reservación,HM9R5BYMRB,,G-ZDR3FZFOQXJH3,COP,182750.0,2969.5,PRINCIPAL
2025-05-01,Reservación,HMBKMHAXD4,,G-ZDR3FZFOQXJH3,COP,106250.0,2969.5,PRINCIPAL
2025-05-01,Reservación,HM3MFYHAAE,,G-ZDR3FZFOQXJH3,COP,106250.0,2969.5,PRINCIPAL
2025-05-01,Reservación,HM3CSRCWF5,,G-ZDR3FZFOQXJH3,COP,110500.0,2969.5,PRINCIPAL
2025-05-01,Reservación,HMB8B3JQWR,,G-ZDR3FZFOQXJH3,COP,727940.0,2969.5,PRINCIPAL
2025-05-01,Reservación,HMQ4ERAE2K,,G-DNRUA5R6N2RGL,COP,95625.0,22.51,PRINCIPAL
2025-05-01,Reservación,HM85WRA88T,,G-Q3SEWZTUSOSYQ,COP,114750.0,27.01,PRINCIPAL
2025-05-01,Reservación,HMKHWYM3ZM,,G-YBBMESQP2FZVY,COP,181276.69,42.68,PRINCIPAL
2025-05-01,Reservación,HMQ4ERAE2K,,G-H4DZRPGY7QYQZ,COP,91375.0,1842.76,PRINCIPAL
2025-05-01,Ajuste de la resolución,HM2YTQHAMW,Ajuste para la resolución 40117740,G-H4DZRPGY7QYQZ,EUR,-28.41,1842.76,PRINCIPAL
2025-05-01,Ajuste,HM2YTQHAMW,,G-H4DZRPGY7QYQZ,COP,-321517.06,1842.76,PRINCIPAL
2025-05-01,Reservación,HMTE8CACBE,,G-H4DZRPGY7QYQZ,COP,2693599.38,1842.76,PRINCIPAL
2025-05-01,Reservación,HMCSCF9CZ4,,G-H4DZRPGY7QYQZ,COP,576596.48,1842.76,PRINCIPAL
2025-05-01,Reservación,HMDPANY4YB,,G-H4DZRPGY7QYQZ,COP,97202.6,1842.76,PRINCIPAL
2025-05-01,Reservación,HMY3PQXE82,,G-H4DZRPGY7QYQZ,COP,1374458.5,1842.76,PRINCIPAL
2025-05-01,Reservación,HMHPFE9Y4T,,G-H4DZRPGY7QYQZ,COP,461039.96,1842.76,PRINCIPAL
2025-05-01,Reservación,HMY4FTEA5D,,G-H4DZRPGY7QYQZ,COP,204000.0,1842.76,PRINCIPAL
2025-05-01,Reservación,HM9KSEPJZY,,G-H4DZRPGY7QYQZ,COP,337025.0,1842.76,PRINCIPAL
2025-05-01,Reservación,HMEPESHWQ3,,G-H4DZRPGY7QYQZ,COP,199750.0,1842.76,PRINCIPAL
2025-05-01,Reservación,HMPHECBJ3E,,G-H4DZRPGY7QYQZ,COP,445400.0,1842.76,PRINCIPAL
2025-05-01,Reservación,HM3KDWERW4,,G-H4DZRPGY7QYQZ,COP,148750.0,1842.76,PRINCIPAL
2025-05-01,Reservación,HMQXRECKXC,,G-H4DZRPGY7QYQZ,COP,165750.0,1842.76,PRINCIPAL
2025-05-01,Reservación,HMCSXBTZ8W,,G-H4DZRPGY7QYQZ,COP,106250.0,1842.76,PRINCIPAL
2025-05-01,Reservación,HMN2QHQW2F,,G-H4DZRPGY7QYQZ,COP,204000.0,1842.76,PRINCIPAL
2025-05-01,Reservación,HMN8TTMF89,,G-H4DZRPGY7QYQZ,COP,303894.21,1842.76,PRINCIPAL
2025-05-01,Reservación,HMQ5W34ASQ,,G-H4DZRPGY7QYQZ,COP,776798.0,1842.76,PRINCIPAL
2025-05-01,Reservación,HMN2QHQW2F,,G-EFSN3Q7S2NZCF,COP,123250.0,29.39,PRINCIPAL
2025-04-29,Pago de la resolución,HM8Z9A9KDP,Cobro de la resolución CLA-SEQDMHWRWT de la reservación HM8Z9A9KDP,G-4DH663FYQG3OI,COP,75000.0,1096.86,PRINCIPAL
2025-04-29,Pago de la resolución,HMZJ4AWEHK,Cobro de la resolución CLA-PNDAPW9ZPC de la reservación HMZJ4AWEHK,G-4DH663FYQG3OI,COP,75009.35,1096.86,PRINCIPAL
2025-04-29,Reservación,HMBZZ2QZ59,,G-4DH663FYQG3OI,COP,176655.16,1096.86,PRINCIPAL
2025-04-29,Reservación,HMJ53FCT3F,,G-4DH663FYQG3OI,COP,989554.7,1096.86,PRINCIPAL
2025-04-29,Reservación,HMMW8HCATC,,G-4DH663FYQG3OI,COP,194653.4,1096.86,PRINCIPAL
2025-04-29,Reservación,HMQCHNM4ZW,,G-4DH663FYQG3OI,COP,366775.0,1096.86,PRINCIPAL
2025-04-29,Reservación,HMCNPBPZTH,,G-4DH663FYQG3OI,COP,183600.0,1096.86,PRINCIPAL
2025-04-29,Reservación,HMKEBSDZKQ,,G-4DH663FYQG3OI,COP,412250.0,1096.86,PRINCIPAL
2025-04-29,Reservación,HM8Z9A9KDP,,G-4DH663FYQG3OI,COP,161500.0,1096.86,PRINCIPAL
2025-04-29,Reservación,HMS4T4WR4S,,G-4DH663FYQG3OI,COP,93500.0,1096.86,PRINCIPAL
2025-04-29,Reservación,HMZJ4AWEHK,,G-4DH663FYQG3OI,COP,638180.0,1096.86,PRINCIPAL
2025-04-29,Reservación,HMTYS45355,,G-4DH663FYQG3OI,COP,156400.0,1096.86,PRINCIPAL
2025-04-29,Reservación,HMJ54RP898,,G-4DH663FYQG3OI,COP,825860.0,1096.86,PRINCIPAL
2025-04-29,Reservación,HMFNSAXCCM,,G-4DH663FYQG3OI,COP,275349.85,1096.86,PRINCIPAL
2025-04-29,Reservación,HMKHWYM3ZM,,G-A7GGDY3TTTCV6,COP,335070.0,79.48,PRINCIPAL
2025-05-20,Pago de la resolución,HMN33PDQ84,Cobro de la resolución CLA-QZE2CTP2J9 de la reservación HMN33PDQ84,G-WEXE2NRABILKY,COP,65000.4,1504.94,PRINCIPAL
2025-05-20,Reservación,HMHZ9E3EX3,,G-WEXE2NRABILKY,COP,88327.58,1504.94,PRINCIPAL
2025-05-20,Reservación,HMRBDSQT49,,G-WEXE2NRABILKY,COP,424150.0,1504.94,PRINCIPAL
2025-05-20,Reservación,HMRR2PFEPS,,G-WEXE2NRABILKY,COP,445400.0,1504.94,PRINCIPAL
2025-05-20,Reservación,HMWXPJEEM5,,G-WEXE2NRABILKY,COP,1139236.25,1504.94,PRINCIPAL
2025-05-20,Reservación,HMFTB9Q8J3,,G-WEXE2NRABILKY,COP,722330.0,1504.94,PRINCIPAL
2025-05-20,Reservación,HMEAK5BHAC,,G-WEXE2NRABILKY,COP,422450.0,1504.94,PRINCIPAL
2025-05-20,Reservación,HMF2XJR9C2,,G-WEXE2NRABILKY,COP,102000.0,1504.94,PRINCIPAL
2025-05-20,Reservación,HMF4CCAY2X,,G-WEXE2NRABILKY,COP,283900.0,1504.94,PRINCIPAL
2025-05-20,Reservación,HMR28KWCBY,,G-WEXE2NRABILKY,COP,438600.0,1504.94,PRINCIPAL
2025-05-20,Reservación,HMHRA2HREH,,G-WEXE2NRABILKY,COP,187633.08,1504.94,PRINCIPAL
2025-05-20,Reservación,HMESFTCY4R,,G-WEXE2NRABILKY,COP,238204.0,1504.94,PRINCIPAL
2025-05-20,Reservación,HMD5DDC2QJ,,G-WEXE2NRABILKY,COP,939186.71,1504.94,PRINCIPAL
2025-05-20,Reservación,HMBMHS3ZHB,,G-WEXE2NRABILKY,COP,206125.0,1504.94,PRINCIPAL
2025-05-20,Reservación,HMXBCD93X2,,G-WEXE2NRABILKY,COP,320875.0,1504.94,PRINCIPAL
2025-05-20,Reservación,HMHJM928Y4,,G-WEXE2NRABILKY,COP,257686.0,1504.94,PRINCIPAL
2025-05-19,Reservación,HMJRRRF38P,,G-HYDPL4IHA2W5X,USD,499.65,883.71,PRINCIPAL
2025-05-19,Reservación,HM58DSR2MX,,G-HYDPL4IHA2W5X,USD,47.46,883.71,PRINCIPAL
2025-05-19,Reservación,HM2ESKQSK8,,G-HYDPL4IHA2W5X,USD,326.5,883.71,PRINCIPAL
2025-05-19,Reservación,HM2ESKQSK8,,G-HYDPL4IHA2W5X,USD,10.1,883.71,PRINCIPAL
2025-05-16,Reservación,HMRMXPF4AC,,G-3QWEGBDZQIFGJ,USD,36.76,104.24,PRINCIPAL
2025-05-16,Reservación,HMBNWFYZNE,,G-3QWEGBDZQIFGJ,USD,17.81,104.24,PRINCIPAL
2025-05-16,Reservación,HMX55S494A,,G-3QWEGBDZQIFGJ,USD,14.38,104.24,PRINCIPAL
2025-05-16,Reservación,HM8A29SKJB,,G-3QWEGBDZQIFGJ,USD,19.84,104.24,PRINCIPAL
2025-05-16,Reservación,HMJRRRF38P,,G-3QWEGBDZQIFGJ,USD,15.45,104.24,PRINCIPAL
2025-05-20,Reservación,HMPTCPTEQJ,,G-XCSMA3DT6DQDG,COP,228146.66,135.81,PRINCIPAL
2025-05-20,Reservación,HMEDNFFHWJ,,G-XCSMA3DT6DQDG,COP,236810.0,135.81,PRINCIPAL
2025-05-20,Reservación,HMAK4SPRY9,,G-XCSMA3DT6DQDG,COP,105797.8,135.81,PRINCIPAL
2025-05-16,Reservación,HMZ2NAKEHD,,G-VSJRX57OEMSOI,COP,384765.42,120.13,PRINCIPAL
2025-05-16,Reservación,HMNBBR3A82,,G-VSJRX57OEMSOI,COP,120166.88,120.13,PRINCIPAL
2025-05-14,Reservación,HM5JDMDK28,,G-YAY6GTVTAMUB7,COP,111293.36,257.85,PRINCIPAL
2025-05-14,Reservación,HMWP8EXQ98,,G-YAY6GTVTAMUB7,COP,129718.09,257.85,PRINCIPAL
2025-05-14,Reservación,HMJWW2PTRW,,G-YAY6GTVTAMUB7,COP,397405.6,257.85,PRINCIPAL
2025-05-14,Reservación,HMQAM9359F,,G-YAY6GTVTAMUB7,COP,258858.8,257.85,PRINCIPAL
2025-05-14,Reservación,HM5844KPJ4,,G-YAY6GTVTAMUB7,COP,188949.97,257.85,PRINCIPAL
2025-05-08,Reservación,HM9M5ECRJ3,,G-W6K2G74TKGRRB,COP,125397.64,113.02,PRINCIPAL
2025-05-08,Reservación,HMBAN9YJZD,,G-W6K2G74TKGRRB,COP,139792.7,113.02,PRINCIPAL
2025-05-08,Reservación,HMAMXCYJF5,,G-W6K2G74TKGRRB,COP,219905.2,113.02,PRINCIPAL
2025-05-05,Reservación,HMXJ5CJZQW,,G-PLUAJZW3DRJHB,COP,121857.36,107.37,PRINCIPAL
2025-05-05,Reservación,HMEJE4WF5B,,G-PLUAJZW3DRJHB,COP,123465.56,107.37,PRINCIPAL
2025-05-05,Reservación,HMJFFPZA5H,,G-PLUAJZW3DRJHB,COP,211024.2,107.37,PRINCIPAL
2025-04-29,Reservación,HM33DSQF4C,,G-4U5F7FPKTD7KL,COP,197791.33,126.38,PRINCIPAL
2025-04-29,Reservación,HM3QRRTRTR,,G-4U5F7FPKTD7KL,COP,151517.6,126.38,PRINCIPAL
2025-04-29,Pago de la resolución,HMAFS4SC9T,Cobro de la resolución CLA-DMAPZCZPN8 de la reservación HMAFS4SC9T,G-4U5F7FPKTD7KL,COP,60002.38,126.38,PRINCIPAL
2025-04-29,Reservación,HMAFS4SC9T,,G-4U5F7FPKTD7KL,COP,123465.56,126.38,PRINCIPAL
2025-05-13,Reservación,HMDYC85N38,,G-MAZI5T2XPY6UC,USD,47.07,47.07,BOULEVARD
2025-05-10,Reservación,HMBTXN4HBQ,,G-RQFVWXM2WOB32,USD,15.69,15.69,BOULEVARD
2025-05-01,Reservación,HMA4CB4N4M,,G-VACKZT3ODOINH,USD,12.16,27.19,BOULEVARD
2025-05-01,Reservación,HMFK3C9NYY,,G-VACKZT3ODOINH,USD,15.03,27.19,BOULEVARD
2025-04-26,Reservación,HMAYJCSFYS,,G-OYQN5KS2KNVH3,USD,20.11,30.17,BOULEVARD
2025-04-26,Reservación,HMFKPF5SD5,,G-OYQN5KS2KNVH3,USD,10.06,30.17,BOULEVARD
2025-05-21,Pago de la resolución,HMSPQD4TWR,Cobro para la resolución 40650009,G-TLRCQLBXABLQX,COP,788800.0,189.08,PRINCIPAL
2025-05-21,Reservación,HM5PZ9TBEA,,G-MSHB5WPOBYRBM,COP,441637.9,1228.18,PRINCIPAL
2025-05-21,Reservación,HM3PYP4HTN,,G-MSHB5WPOBYRBM,COP,326700.47,1228.18,PRINCIPAL
2025-05-21,Reservación,HMSNK5ZQP4,,G-MSHB5WPOBYRBM,COP,316686.07,1228.18,PRINCIPAL
2025-05-21,Reservación,HMDAWK8H5W,,G-MSHB5WPOBYRBM,COP,371913.25,1228.18,PRINCIPAL
2025-05-21,Reservación,HMQKCYWWTJ,,G-MSHB5WPOBYRBM,COP,506812.5,1228.18,PRINCIPAL
2025-05-21,Reservación,HMMW8E9DYE,,G-MSHB5WPOBYRBM,COP,326187.5,1228.18,PRINCIPAL
2025-05-21,Reservación,HMT2PKTHZZ,,G-MSHB5WPOBYRBM,COP,106250.0,1228.18,PRINCIPAL
2025-05-21,Reservación,HMYMFPTEZK,,G-MSHB5WPOBYRBM,COP,327250.0,1228.18,PRINCIPAL
2025-05-21,Reservación,HM3YCY4CKX,,G-MSHB5WPOBYRBM,COP,174250.0,1228.18,PRINCIPAL
2025-05-21,Reservación,HMPPXAQ8HK,,G-MSHB5WPOBYRBM,COP,174250.0,1228.18,PRINCIPAL
2025-05-21,Reservación,HM2HC3XKKZ,,G-MSHB5WPOBYRBM,COP,259250.0,1228.18,PRINCIPAL
2025-05-21,Reservación,HMRTBAMSTZ,,G-MSHB5WPOBYRBM,COP,514062.06,1228.18,PRINCIPAL
2025-05-21,Reservación,HMK3WT85NY,,G-MSHB5WPOBYRBM,COP,170000.0,1228.18,PRINCIPAL
2025-05-21,Reservación,HMKWP2DTZQ,,G-MSHB5WPOBYRBM,COP,521692.46,1228.18,PRINCIPAL
2025-05-21,Reservación,HMTNET9258,,G-MSHB5WPOBYRBM,COP,287300.0,1228.18,PRINCIPAL
2025-05-21,Reservación,HMA8ZJ82FY,,G-MSHB5WPOBYRBM,COP,299540.0,1228.18,PRINCIPAL
2025-05-21,Reservación,HMHJM928Y4,,G-FX6W3G7WSVXDL,COP,209440.0,50.2,PRINCIPAL
2025-05-21,Reservación,HMZF3FPCAT,,G-NCYOIJJ6AOI2B,COP,211452.8,101.41,COLONIA
2025-05-21,Reservación,HMDPKDFZXW,,G-NCYOIJJ6AOI2B,COP,105797.8,101.41,COLONIA
2025-05-21,Reservación,HMKJ89W4MP,,G-NCYOIJJ6AOI2B,COP,105797.8,101.41,COLONIA
2025-05-20,Reservación,HMPTCPTEQJ,,G-XCSMA3DT6DQDG,COP,228146.66,135.81,COLONIA
2025-05-20,Reservación,HMEDNFFHWJ,,G-XCSMA3DT6DQDG,COP,236810.0,135.81,COLONIA
2025-05-20,Reservación,HMAK4SPRY9,,G-XCSMA3DT6DQDG,COP,105797.8,135.81,COLONIA
2025-05-22,Ajuste,HMXZ4PS88E,,G-ZXND6MPZ62IJ3,COP,-480868.08,1200.31,PRINCIPAL
2025-05-22,Ajuste de la resolución,HMXZ4PS88E,Ajuste para la resolución 40677652,G-ZXND6MPZ62IJ3,COP,-42791.28,1200.31,PRINCIPAL
2025-05-22,Ajuste,HMDAWK8H5W,,G-ZXND6MPZ62IJ3,COP,-371913.25,1200.31,PRINCIPAL
2025-05-22,Reservación,HMWZQZA8SS,,G-ZXND6MPZ62IJ3,COP,176655.16,1200.31,PRINCIPAL
2025-05-22,Reservación,HMMQPQFSSJ,,G-ZXND6MPZ62IJ3,COP,403750.0,1200.31,PRINCIPAL
2025-05-22,Reservación,HM94PQSW53,,G-ZXND6MPZ62IJ3,COP,347862.5,1200.31,PRINCIPAL
2025-05-22,Reservación,HM59FAS2ZT,,G-ZXND6MPZ62IJ3,COP,422100.1,1200.31,PRINCIPAL
2025-05-22,Reservación,HMW4J5HBZB,,G-ZXND6MPZ62IJ3,COP,485591.95,1200.31,PRINCIPAL
2025-05-22,Reservación,HMEQSYA5MW,,G-ZXND6MPZ62IJ3,COP,298350.0,1200.31,PRINCIPAL
2025-05-22,Reservación,HMN2RFP9ZT,,G-ZXND6MPZ62IJ3,COP,283900.0,1200.31,PRINCIPAL
2025-05-22,Reservación,HMYTQKJDH3,,G-ZXND6MPZ62IJ3,COP,114750.0,1200.31,PRINCIPAL
2025-05-22,Reservación,HMWABKTDC9,,G-ZXND6MPZ62IJ3,COP,165750.0,1200.31,PRINCIPAL
2025-05-22,Reservación,HMBX33SYK3,,G-ZXND6MPZ62IJ3,COP,294100.0,1200.31,PRINCIPAL
2025-05-22,Reservación,HMQRZNBCZ5,,G-ZXND6MPZ62IJ3,COP,1048492.48,1200.31,PRINCIPAL
2025-05-22,Reservación,HM5AKQEZ5S,,G-ZXND6MPZ62IJ3,COP,263925.0,1200.31,PRINCIPAL
2025-05-22,Reservación,HMND52FNJF,,G-ZXND6MPZ62IJ3,COP,287300.0,1200.31,PRINCIPAL
2025-05-22,Reservación,HMYT4BY5WR,,G-ZXND6MPZ62IJ3,COP,678364.12,1200.31,PRINCIPAL
2025-05-22,Reservación,HMAYWMJ352,,G-ZXND6MPZ62IJ3,COP,357031.28,1200.31,PRINCIPAL
2025-05-22,Reservación,HMFF8KC4D4,,G-ZXND6MPZ62IJ3,COP,161500.0,1200.31,PRINCIPAL
2025-05-22,Reservación,HMRNTHXJDR,,G-ZXND6MPZ62IJ3,COP,114750.0,1200.31,PRINCIPAL
2025-05-22,Pago de la resolución,HMSP5RST3S,Reembolso de daños de AirCover para la resolución CLSF-04417746,G-FKCHFQDET7UJX,COP,109800.0,26.32,PRINCIPAL
2025-05-26,Reservación,HMNWCH53WE,,G-AMJP2XS3CI7QO,COP,116785.92,101.49,COLONIA
2025-05-26,Reservación,HM894CM3WW,,G-AMJP2XS3CI7QO,COP,304429.2,101.49,COLONIA
2025-05-26,Reservación,HMHJM928Y4,,G-KGRK67G22ZKVE,COP,209440.0,50.38,PRINCIPAL
2025-05-26,Reservación,HMYT4BY5WR,,G-UHJGJ52KZ5RAA,COP,314564.47,75.66,PRINCIPAL
2025-05-26,Pago de la resolución,HMZ4JBSN4B,Cobro de la resolución CLA-TENZCMCHWS de la reservación HMZ4JBSN4B,G-3YSAW3QNLG3TR,COP,59979.84,2451.42,PRINCIPAL
2025-05-26,Reservación,HMZ4JBSN4B,,G-3YSAW3QNLG3TR,COP,88327.58,2451.42,PRINCIPAL
2025-05-26,Reservación,HMQEDWZZ9P,,G-3YSAW3QNLG3TR,COP,309400.0,2451.42,PRINCIPAL
2025-05-26,Reservación,HMJCCTZPXA,,G-3YSAW3QNLG3TR,COP,1489951.82,2451.42,PRINCIPAL
2025-05-26,Reservación,HMTHXF8DK2,,G-3YSAW3QNLG3TR,COP,259589.79,2451.42,PRINCIPAL
2025-05-26,Reservación,HM38ETAWAQ,,G-3YSAW3QNLG3TR,COP,269074.3,2451.42,PRINCIPAL
2025-05-26,Reservación,HM5JTE5JDJ,,G-3YSAW3QNLG3TR,COP,472932.35,2451.42,PRINCIPAL
2025-05-26,Reservación,HMWSM2NNAD,,G-3YSAW3QNLG3TR,COP,106250.0,2451.42,PRINCIPAL
2025-05-26,Reservación,HM3Y9BWZ5P,,G-3YSAW3QNLG3TR,COP,540090.0,2451.42,PRINCIPAL
2025-05-26,Reservación,HMEECDQ8QK,,G-3YSAW3QNLG3TR,COP,188206.79,2451.42,PRINCIPAL
2025-05-26,Reservación,HMK5FXPT8Z,,G-3YSAW3QNLG3TR,COP,233325.0,2451.42,PRINCIPAL
2025-05-26,Reservación,HMPTDXJCDP,,G-3YSAW3QNLG3TR,COP,290355.92,2451.42,PRINCIPAL
2025-05-26,Reservación,HM3944XAPJ,,G-3YSAW3QNLG3TR,COP,535500.0,2451.42,PRINCIPAL
2025-05-26,Reservación,HMWMED4ESS,,G-3YSAW3QNLG3TR,COP,510862.75,2451.42,PRINCIPAL
2025-05-26,Reservación,HMJRSMS5MN,,G-3YSAW3QNLG3TR,COP,106250.0,2451.42,PRINCIPAL
2025-05-26,Reservación,HM5DE4TP2Z,,G-3YSAW3QNLG3TR,COP,449310.0,2451.42,PRINCIPAL
2025-05-26,Reservación,HMRA93HEYD,,G-3YSAW3QNLG3TR,COP,232050.0,2451.42,PRINCIPAL
2025-05-26,Reservación,HMFNN9D4WP,,G-3YSAW3QNLG3TR,COP,110500.0,2451.42,PRINCIPAL
2025-05-26,Reservación,HM44YRCPDJ,,G-3YSAW3QNLG3TR,COP,178500.0,2451.42,PRINCIPAL
2025-05-26,Reservación,HMQJQTA2W5,,G-3YSAW3QNLG3TR,COP,267750.0,2451.42,PRINCIPAL
2025-05-26,Reservación,HMRS42YKYK,,G-3YSAW3QNLG3TR,COP,153170.0,2451.42,PRINCIPAL
2025-05-26,Reservación,HM25BBPAP4,,G-3YSAW3QNLG3TR,COP,118611.79,2451.42,PRINCIPAL
2025-05-26,Reservación,HMBARWSMPA,,G-3YSAW3QNLG3TR,COP,127500.0,2451.42,PRINCIPAL
2025-05-26,Reservación,HMNKXBSFRE,,G-3YSAW3QNLG3TR,COP,161500.0,2451.42,PRINCIPAL
2025-05-26,Reservación,HMTXD4Z9ZH,,G-3YSAW3QNLG3TR,COP,467500.0,2451.42,PRINCIPAL
2025-05-26,Reservación,HMJHHCZWK5,,G-3YSAW3QNLG3TR,COP,618800.0,2451.42,PRINCIPAL
2025-05-26,Reservación,HMN4J92W5Q,,G-3YSAW3QNLG3TR,COP,214891.36,2451.42,PRINCIPAL
2025-05-26,Reservación,HMHFWS8CMN,,G-3YSAW3QNLG3TR,COP,1122109.48,2451.42,PRINCIPAL
2025-05-26,Reservación,HMZ9RF9BKX,,G-3YSAW3QNLG3TR,COP,178539.1,2451.42,PRINCIPAL
2025-05-26,Reservación,HMH42XDBMZ,,G-3YSAW3QNLG3TR,COP,220006.52,2451.42,PRINCIPAL
2025-05-26,Reservación,HM8DCTQ8K2,,G-3YSAW3QNLG3TR,COP,93500.0,2451.42,PRINCIPAL
2025-05-23,Reservación,HMXKXPHPXY,,G-B2IPEL4MSFXV7,COP,88059.31,969.01,PRINCIPAL
2025-05-23,Reservación,HMAJJ8BEE4,,G-B2IPEL4MSFXV7,COP,598214.53,969.01,PRINCIPAL
2025-05-23,Reservación,HMA55MP3B2,,G-B2IPEL4MSFXV7,COP,291611.24,969.01,PRINCIPAL
2025-05-23,Reservación,HM8JFDBAKB,,G-B2IPEL4MSFXV7,COP,328721.31,969.01,PRINCIPAL
2025-05-23,Reservación,HMFXJEA9P9,,G-B2IPEL4MSFXV7,COP,211650.0,969.01,PRINCIPAL
2025-05-23,Reservación,HM9TZNWZ9W,,G-B2IPEL4MSFXV7,COP,259250.0,969.01,PRINCIPAL
2025-05-23,Reservación,HMXZQACYXH,,G-B2IPEL4MSFXV7,COP,233325.0,969.01,PRINCIPAL
2025-05-23,Reservación,HMRHAA424K,,G-B2IPEL4MSFXV7,COP,238204.0,969.01,PRINCIPAL
2025-05-23,Reservación,HMXK4JJX3B,,G-B2IPEL4MSFXV7,COP,250325.0,969.01,PRINCIPAL
2025-05-23,Reservación,HM2ZR5SYJA,,G-B2IPEL4MSFXV7,COP,93500.0,969.01,PRINCIPAL
2025-05-23,Reservación,HMNFXRHH4M,,G-B2IPEL4MSFXV7,COP,844577.71,969.01,PRINCIPAL
2025-05-23,Reservación,HM3PZ8WFE2,,G-B2IPEL4MSFXV7,COP,161500.0,969.01,PRINCIPAL
2025-05-23,Reservación,HMMC549WEH,,G-B2IPEL4MSFXV7,COP,213159.6,969.01,PRINCIPAL
2025-05-23,Reservación,HMEE2S9AWS,,G-B2IPEL4MSFXV7,COP,238000.0,969.01,PRINCIPAL
2025-05-23,Reservación,HMHJM928Y4,,G-WNYPE63YAPWAV,COP,209440.0,50.11,PRINCIPAL
2025-05-26,Reservación,HM9WF53Z43,,G-OJNQMWKUWMVND,COP,74290.0,1091.89,PRINCIPAL
2025-05-26,Reservación,HMQWJ4Y5R4,,G-OJNQMWKUWMVND,COP,548167.85,1091.89,PRINCIPAL
2025-05-26,Reservación,HM3EN2JZQ5,,G-OJNQMWKUWMVND,COP,760545.0,1091.89,PRINCIPAL
2025-05-26,Reservación,HM2CBSZS9R,,G-OJNQMWKUWMVND,COP,229075.0,1091.89,PRINCIPAL
2025-05-26,Reservación,HMJ4FQBFK9,,G-OJNQMWKUWMVND,COP,148750.0,1091.89,PRINCIPAL
2025-05-26,Reservación,HMBZPNQHA8,,G-OJNQMWKUWMVND,COP,170000.0,1091.89,PRINCIPAL
2025-05-26,Reservación,HMJTFZNDQR,,G-OJNQMWKUWMVND,COP,206125.0,1091.89,PRINCIPAL
2025-05-26,Reservación,HMSSCHH2SP,,G-OJNQMWKUWMVND,COP,214378.5,1091.89,PRINCIPAL
2025-05-26,Reservación,HMSZ2CANFN,,G-OJNQMWKUWMVND,COP,299030.0,1091.89,PRINCIPAL
2025-05-26,Reservación,HMET9Y89QB,,G-OJNQMWKUWMVND,COP,110576.5,1091.89,PRINCIPAL
2025-05-26,Reservación,HMCDX3HWNJ,,G-OJNQMWKUWMVND,COP,741620.58,1091.89,PRINCIPAL
2025-05-26,Reservación,HMSJKPHT5S,,G-OJNQMWKUWMVND,COP,211650.0,1091.89,PRINCIPAL
2025-05-26,Reservación,HMFER93WBK,,G-OJNQMWKUWMVND,COP,244477.85,1091.89,PRINCIPAL
2025-05-26,Reservación,HM2QXN3J59,,G-OJNQMWKUWMVND,COP,301486.75,1091.89,PRINCIPAL
2025-05-26,Reservación,HM4CYM8FEX,,G-OJNQMWKUWMVND,COP,269450.0,1091.89,PRINCIPAL
2025-05-26,Pago de la resolución,HMXKXPHPXY,Reembolso de daños de AirCover para la resolución CLSF-04434020,G-AFL2F7EXV7JKV,COP,160018.72,38.57,PRINCIPAL
2025-05-26,Reservación,HM25PZ8RRE,,G-LW43WC3KWLSRC,COP,277353.17,1691.59,PRINCIPAL
2025-05-26,Reservación,HM2E2BDACD,,G-LW43WC3KWLSRC,COP,624750.0,1691.59,PRINCIPAL
2025-05-26,Reservación,HMM5ZZ9RRF,,G-LW43WC3KWLSRC,COP,1370458.16,1691.59,PRINCIPAL
2025-05-26,Reservación,HMWRSWJJPS,,G-LW43WC3KWLSRC,COP,102000.0,1691.59,PRINCIPAL
2025-05-26,Reservación,HMKJMX93F2,,G-LW43WC3KWLSRC,COP,110500.0,1691.59,PRINCIPAL
2025-05-26,Reservación,HMCYDS552B,,G-LW43WC3KWLSRC,COP,2492880.0,1691.59,PRINCIPAL
2025-05-26,Reservación,HMNP32TJ99,,G-LW43WC3KWLSRC,COP,209897.71,1691.59,PRINCIPAL
2025-05-26,Reservación,HME5JCFBP3,,G-LW43WC3KWLSRC,COP,117708.85,1691.59,PRINCIPAL
2025-05-26,Reservación,HMSZKRC88X,,G-LW43WC3KWLSRC,COP,212500.0,1691.59,PRINCIPAL
2025-05-26,Reservación,HM4W95NJT9,,G-LW43WC3KWLSRC,COP,149600.0,1691.59,PRINCIPAL
2025-05-26,Reservación,HMZR3PAF8W,,G-LW43WC3KWLSRC,COP,95123.5,1691.59,PRINCIPAL
2025-05-26,Reservación,HMXY89CEFP,,G-LW43WC3KWLSRC,COP,251090.0,1691.59,PRINCIPAL
2025-05-26,Reservación,HMNXN29JBT,,G-LW43WC3KWLSRC,COP,93982.8,1691.59,PRINCIPAL
2025-05-26,Reservación,HMMCD453Y9,,G-LW43WC3KWLSRC,COP,210434.5,1691.59,PRINCIPAL
2025-05-26,Reservación,HMYMMKK5ES,,G-LW43WC3KWLSRC,COP,102000.0,1691.59,PRINCIPAL
2025-05-26,Reservación,HMF25JDP2W,,G-LW43WC3KWLSRC,COP,91375.0,1691.59,PRINCIPAL
2025-05-26,Reservación,HM8FT38PYX,,G-LW43WC3KWLSRC,COP,142800.0,1691.59,PRINCIPAL
2025-05-26,Reservación,HM5RWWKKBK,,G-LW43WC3KWLSRC,COP,140250.0,1691.59,PRINCIPAL
2025-05-26,Reservación,HM9WF53Z43,,G-LW43WC3KWLSRC,COP,238000.0,1691.59,PRINCIPAL
2025-05-29,Reservación,HMEERKYBQ2,,G-AREVW62ULFCL3,COP,63142.42,1779.92,PRINCIPAL
2025-05-29,Ajuste,HMQWJ4Y5R4,,G-AREVW62ULFCL3,COP,-74983.22,1779.92,PRINCIPAL
2025-05-29,Reservación,HMQCHQQFEK,,G-AREVW62ULFCL3,COP,1452136.28,1779.92,PRINCIPAL
2025-05-29,Reservación,HMMK5RBCDF,,G-AREVW62ULFCL3,COP,1303689.24,1779.92,PRINCIPAL
2025-05-29,Reservación,HMKPTNJT25,,G-AREVW62ULFCL3,COP,211650.0,1779.92,PRINCIPAL
2025-05-29,Reservación,HME2BQ4ZER,,G-AREVW62ULFCL3,COP,694361.6,1779.92,PRINCIPAL
2025-05-29,Reservación,HM4JX3CMEY,,G-AREVW62ULFCL3,COP,229075.0,1779.92,PRINCIPAL
2025-05-29,Reservación,HMDSN9SJXD,,G-AREVW62ULFCL3,COP,298350.0,1779.92,PRINCIPAL
2025-05-29,Reservación,HM98E4SB28,,G-AREVW62ULFCL3,COP,597857.56,1779.92,PRINCIPAL
2025-05-29,Reservación,HMPEWQRXR5,,G-AREVW62ULFCL3,COP,174250.0,1779.92,PRINCIPAL
2025-05-29,Reservación,HM2FY2ERES,,G-AREVW62ULFCL3,COP,299317.98,1779.92,PRINCIPAL
2025-05-29,Reservación,HMRE5J2DC9,,G-AREVW62ULFCL3,COP,243583.65,1779.92,PRINCIPAL
2025-05-29,Reservación,HMYY3ZHWJM,,G-AREVW62ULFCL3,COP,259475.25,1779.92,PRINCIPAL
2025-05-29,Reservación,HM43FNH9Q3,,G-AREVW62ULFCL3,COP,171252.9,1779.92,PRINCIPAL
2025-05-29,Reservación,HMN9Y9C2QJ,,G-AREVW62ULFCL3,COP,157250.0,1779.92,PRINCIPAL
2025-05-29,Reservación,HMX5Z2KXSB,,G-AREVW62ULFCL3,COP,1045615.43,1779.92,PRINCIPAL
2025-05-29,Reservación,HM9BEZSX35,,G-AREVW62ULFCL3,COP,114750.0,1779.92,PRINCIPAL
2025-05-29,Reservación,HMA9WFYMRS,,G-AREVW62ULFCL3,COP,104550.0,1779.92,PRINCIPAL
2025-05-28,Reservación,HMR95TTPJQ,,G-563HCN4A724JU,COP,352750.0,952.52,PRINCIPAL
2025-05-28,Reservación,HM5WC3JSN8,,G-563HCN4A724JU,COP,152787.5,952.52,PRINCIPAL
2025-05-28,Reservación,HMZR25MZ3Y,,G-563HCN4A724JU,COP,285537.95,952.52,PRINCIPAL
2025-05-28,Reservación,HMP9M2QKT4,,G-563HCN4A724JU,COP,174250.0,952.52,PRINCIPAL
2025-05-28,Reservación,HMYHBXBF3M,,G-563HCN4A724JU,COP,415905.0,952.52,PRINCIPAL
2025-05-28,Reservación,HMY2C249XR,,G-563HCN4A724JU,COP,1418905.0,952.52,PRINCIPAL
2025-05-28,Reservación,HMK3H3CFXJ,,G-563HCN4A724JU,COP,174250.0,952.52,PRINCIPAL
2025-05-28,Reservación,HMXEZZ9YST,,G-563HCN4A724JU,COP,193375.0,952.52,PRINCIPAL
2025-05-28,Reservación,HM2PHMJTKZ,,G-563HCN4A724JU,COP,129735.5,952.52,PRINCIPAL
2025-05-28,Reservación,HM24ZRD3C2,,G-563HCN4A724JU,COP,199765.64,952.52,PRINCIPAL
2025-05-28,Reservación,HMEERKYBQ2,,G-563HCN4A724JU,COP,267750.0,952.52,PRINCIPAL
2025-05-28,Ajuste de la resolución,HM8HFA9P3Y,Ajuste para la resolución 40857799,G-563HCN4A724JU,COP,-13251.5,952.52,PRINCIPAL
2025-05-28,Reservación,HM8HFA9P3Y,,G-563HCN4A724JU,COP,166515.0,952.52,PRINCIPAL
2025-05-28,Reservación,HM9WF53Z43,,G-UIUENXNRM6JE5,COP,89930.0,21.86,PRINCIPAL
2025-05-27,Reservación,HMYZ4E3TRH,,G-VG2U63PPUSRHQ,COP,663026.09,838.78,PRINCIPAL
2025-05-27,Reservación,HMFDYSWRBT,,G-VG2U63PPUSRHQ,COP,575124.36,838.78,PRINCIPAL
2025-05-27,Reservación,HMQKKFTYJN,,G-VG2U63PPUSRHQ,COP,357031.28,838.78,PRINCIPAL
2025-05-27,Reservación,HMKQHDANDX,,G-VG2U63PPUSRHQ,COP,332690.0,838.78,PRINCIPAL
2025-05-27,Reservación,HMJ35CKMH3,,G-VG2U63PPUSRHQ,COP,301586.21,838.78,PRINCIPAL
2025-05-27,Reservación,HMNXZYN9DC,,G-VG2U63PPUSRHQ,COP,469880.0,838.78,PRINCIPAL
2025-05-27,Reservación,HMXJA2SN5Z,,G-VG2U63PPUSRHQ,COP,162559.1,838.78,PRINCIPAL
2025-05-27,Reservación,HMDHP9A3E5,,G-VG2U63PPUSRHQ,COP,411604.0,838.78,PRINCIPAL
2025-05-27,Reservación,HMQTPQQPZA,,G-VG2U63PPUSRHQ,COP,209100.0,838.78,PRINCIPAL
2025-05-27,Reservación,HMTXD4Z9ZH,,G-BMI4H7O5CWREF,COP,771862.05,185.9,PRINCIPAL
2025-05-27,Reservación,HM9WF53Z43,,G-AXI2NHNA7NKGD,COP,89930.0,21.66,PRINCIPAL
2025-05-26,Reservación,HMHEJEC3DF,,G-Y2JX7K5K4UAXG,COP,116785.92,109.72,COLONIA
2025-05-26,Reservación,HM5XXXBPAA,,G-Y2JX7K5K4UAXG,COP,232583.8,109.72,COLONIA
2025-05-26,Reservación,HMNYY8FB2P,,G-Y2JX7K5K4UAXG,COP,105797.8,109.72,COLONIA
2025-05-29,Reservación,HMZMXFTQ83,,G-4AVNTFKAZ6YFT,USD,18.49,106.87,RH
2025-05-29,Reservación,HMZBMNEJR2,,G-4AVNTFKAZ6YFT,USD,88.38,106.87,RH
2025-06-02,Reservación,HMEM5K5MDM,,G-M2SB7665A3526,COP,507284.25,1444.91,PRINCIPAL
2025-06-02,Reservación,HMBJRE4B92,,G-M2SB7665A3526,COP,2167205.55,1444.91,PRINCIPAL
2025-06-02,Reservación,HMQBZ3EXYE,,G-M2SB7665A3526,COP,388025.0,1444.91,PRINCIPAL
2025-06-02,Reservación,HMAQWPDRP5,,G-M2SB7665A3526,COP,213265.0,1444.91,PRINCIPAL
2025-06-02,Reservación,HM9CHHEAJ8,,G-M2SB7665A3526,COP,960473.22,1444.91,PRINCIPAL
2025-06-02,Reservación,HMDQ4HEWZQ,,G-M2SB7665A3526,COP,378958.6,1444.91,PRINCIPAL
2025-06-02,Reservación,HMHAQH4XAY,,G-M2SB7665A3526,COP,489148.65,1444.91,PRINCIPAL
2025-06-02,Reservación,HMYZ53Y5PK,,G-M2SB7665A3526,COP,186477.25,1444.91,PRINCIPAL
2025-06-02,Reservación,HMMQ895KX4,,G-M2SB7665A3526,COP,241989.9,1444.91,PRINCIPAL
2025-06-02,Reservación,HMHMF5WNPS,,G-M2SB7665A3526,COP,102000.0,1444.91,PRINCIPAL
2025-06-02,Reservación,HMBQZCNNMM,,G-M2SB7665A3526,COP,344827.63,1444.91,PRINCIPAL
2025-06-02,Reservación,HMP2A8S4KY,,G-IJAPETQ44Z5OM,COP,226451.47,54.55,PRINCIPAL
2025-06-02,Pago de la resolución,HMHNXE3ETS,Cobro de la resolución CLA-MTXSE2QZAQ de la reservación HMHNXE3ETS,G-3RAKXO6456N3J,COP,60000.0,3161.79,PRINCIPAL
2025-06-02,Reservación,HMESKK3R85,,G-3RAKXO6456N3J,COP,298882.95,3161.79,PRINCIPAL
2025-06-02,Reservación,HM8SJJ8EH5,,G-3RAKXO6456N3J,COP,2084951.82,3161.79,PRINCIPAL
2025-06-02,Reservación,HMZC8PPYSE,,G-3RAKXO6456N3J,COP,457975.11,3161.79,PRINCIPAL
2025-06-02,Reservación,HMHNXE3ETS,,G-3RAKXO6456N3J,COP,301959.61,3161.79,PRINCIPAL
2025-06-02,Reservación,HMKHSNEF95,,G-3RAKXO6456N3J,COP,675750.0,3161.79,PRINCIPAL
2025-06-02,Reservación,HMPQYPMXAH,,G-3RAKXO6456N3J,COP,382998.95,3161.79,PRINCIPAL
2025-06-02,Reservación,HMRFNJPABP,,G-3RAKXO6456N3J,COP,390643.68,3161.79,PRINCIPAL
2025-06-02,Reservación,HMM93XNBZ9,,G-3RAKXO6456N3J,COP,513206.8,3161.79,PRINCIPAL
2025-06-02,Reservación,HMQJ2TYEFF,,G-3RAKXO6456N3J,COP,443275.0,3161.79,PRINCIPAL
2025-06-02,Reservación,HMEHSBH43B,,G-3RAKXO6456N3J,COP,810968.0,3161.79,PRINCIPAL
2025-06-02,Reservación,HMFYKC3AK2,,G-3RAKXO6456N3J,COP,211723.58,3161.79,PRINCIPAL
2025-06-02,Reservación,HM33AWA25K,,G-3RAKXO6456N3J,COP,125375.0,3161.79,PRINCIPAL
2025-06-02,Reservación,HMN2ETTHZ9,,G-3RAKXO6456N3J,COP,202300.0,3161.79,PRINCIPAL
2025-06-02,Reservación,HMJ2ZXPD9N,,G-3RAKXO6456N3J,COP,248745.79,3161.79,PRINCIPAL
2025-06-02,Reservación,HMBFBAC29N,,G-3RAKXO6456N3J,COP,165750.0,3161.79,PRINCIPAL
2025-06-02,Reservación,HMRQY4WCDW,,G-3RAKXO6456N3J,COP,125375.0,3161.79,PRINCIPAL
2025-06-02,Reservación,HMTHDRKHRB,,G-3RAKXO6456N3J,COP,195670.0,3161.79,PRINCIPAL
2025-06-02,Reservación,HM4QTYXNC8,,G-3RAKXO6456N3J,COP,259475.25,3161.79,PRINCIPAL
2025-06-02,Reservación,HMFNC59J5Z,,G-3RAKXO6456N3J,COP,420750.0,3161.79,PRINCIPAL
2025-06-02,Reservación,HMJPPCT9B4,,G-3RAKXO6456N3J,COP,292440.67,3161.79,PRINCIPAL
2025-06-02,Reservación,HMRWJB9KKR,,G-3RAKXO6456N3J,COP,199920.0,3161.79,PRINCIPAL
2025-06-02,Reservación,HM2HDW2EAC,,G-3RAKXO6456N3J,COP,486155.5,3161.79,PRINCIPAL
2025-06-02,Reservación,HM5X9JDTSC,,G-3RAKXO6456N3J,COP,199920.0,3161.79,PRINCIPAL
2025-06-02,Reservación,HMKRTCH8WT,,G-3RAKXO6456N3J,COP,161500.0,3161.79,PRINCIPAL
2025-06-02,Reservación,HMFWPNWNK5,,G-3RAKXO6456N3J,COP,319328.0,3161.79,PRINCIPAL
2025-06-02,Reservación,HMH8RQNEDH,,G-3RAKXO6456N3J,COP,2729329.6,3161.79,PRINCIPAL
2025-06-02,Reservación,HMH4FNBB3J,,G-3RAKXO6456N3J,COP,204015.64,3161.79,PRINCIPAL
2025-06-02,Reservación,HMFR8YSC4C,,G-3RAKXO6456N3J,COP,157250.0,3161.79,PRINCIPAL
2025-06-02,Pago de la resolución,HM3B8HD4ME,Cobro para la resolución 40947118,G-SNR3C2JISHAM4,COP,348840.0,84.03,PRINCIPAL
2025-06-02,Reembolso de la tarifa de cancelación,HM3B8HD4ME,,G-MQKSIXALFTBWU,COP,206413.35,49.72,PRINCIPAL
2025-06-02,Tarifa de cancelación,HM3B8HD4ME,,G-75BYHHWMY2NDZ,COP,-206413.35,3919.21,PRINCIPAL
2025-06-02,Reservación,HMQFTS54BR,,G-75BYHHWMY2NDZ,COP,88327.58,3919.21,PRINCIPAL
2025-06-02,Reservación,HM82XKTXSH,,G-75BYHHWMY2NDZ,COP,454702.19,3919.21,PRINCIPAL
2025-06-02,Reservación,HMASAKYYXC,,G-75BYHHWMY2NDZ,COP,578204.17,3919.21,PRINCIPAL
2025-06-02,Reservación,HMJCN93ENQ,,G-75BYHHWMY2NDZ,COP,546799.05,3919.21,PRINCIPAL
2025-06-02,Reservación,HME4DT58M2,,G-75BYHHWMY2NDZ,COP,291208.81,3919.21,PRINCIPAL
2025-06-02,Reservación,HM4WNZHZ22,,G-75BYHHWMY2NDZ,COP,3117506.54,3919.21,PRINCIPAL
2025-06-02,Reservación,HM4F5WA2FX,,G-75BYHHWMY2NDZ,COP,536161.89,3919.21,PRINCIPAL
2025-06-02,Reservación,HMPKR49J3S,,G-75BYHHWMY2NDZ,COP,495813.88,3919.21,PRINCIPAL
2025-06-02,Reservación,HMMBC8FWE9,,G-75BYHHWMY2NDZ,COP,3170598.9,3919.21,PRINCIPAL
2025-06-02,Reservación,HM4WAZ3Z4A,,G-75BYHHWMY2NDZ,COP,349869.31,3919.21,PRINCIPAL
2025-06-02,Reservación,HMHEPPSTXP,,G-75BYHHWMY2NDZ,COP,246369.01,3919.21,PRINCIPAL
2025-06-02,Reservación,HMKK8DRRPS,,G-75BYHHWMY2NDZ,COP,262650.0,3919.21,PRINCIPAL
2025-06-02,Reservación,HMHZXKD9NQ,,G-75BYHHWMY2NDZ,COP,228424.24,3919.21,PRINCIPAL
2025-06-02,Reservación,HM9BZ9DRKS,,G-75BYHHWMY2NDZ,COP,254134.7,3919.21,PRINCIPAL
2025-06-02,Reservación,HMEQPEYC9F,,G-75BYHHWMY2NDZ,COP,265284.15,3919.21,PRINCIPAL
2025-06-02,Reservación,HMQW8Z25Q3,,G-75BYHHWMY2NDZ,COP,84527.2,3919.21,PRINCIPAL
2025-06-02,Reservación,HMHWQFTEE2,,G-75BYHHWMY2NDZ,COP,271752.61,3919.21,PRINCIPAL
2025-06-02,Reservación,HM4TF2XEJ3,,G-75BYHHWMY2NDZ,COP,123250.0,3919.21,PRINCIPAL
2025-06-02,Reservación,HMHTBXSXN3,,G-75BYHHWMY2NDZ,COP,235793.4,3919.21,PRINCIPAL
2025-06-02,Reservación,HMWDXACP3B,,G-75BYHHWMY2NDZ,COP,332373.63,3919.21,PRINCIPAL
2025-06-02,Reservación,HMYA4WQJPR,,G-75BYHHWMY2NDZ,COP,232756.1,3919.21,PRINCIPAL
2025-06-02,Reservación,HMZAKMWXYM,,G-75BYHHWMY2NDZ,COP,338202.16,3919.21,PRINCIPAL
2025-06-02,Reservación,HMP2A8S4KY,,G-75BYHHWMY2NDZ,COP,504679.0,3919.21,PRINCIPAL
2025-06-02,Reservación,HMJEAJACNX,,G-75BYHHWMY2NDZ,COP,243100.0,3919.21,PRINCIPAL
2025-06-02,Reservación,HMWMZQPJHP,,G-75BYHHWMY2NDZ,COP,320892.0,3919.21,PRINCIPAL
2025-06-02,Reservación,HMEPXQ5AYH,,G-75BYHHWMY2NDZ,COP,402220.0,3919.21,PRINCIPAL
2025-06-02,Reservación,HM3QQDC9CM,,G-75BYHHWMY2NDZ,COP,725050.0,3919.21,PRINCIPAL
2025-06-02,Reservación,HMPEYDNKC4,,G-75BYHHWMY2NDZ,COP,394038.2,3919.21,PRINCIPAL
2025-06-02,Reservación,HMRTRZRBAZ,,G-75BYHHWMY2NDZ,COP,199920.0,3919.21,PRINCIPAL
2025-06-02,Reservación,HMWHF4ZM39,,G-75BYHHWMY2NDZ,COP,233750.0,3919.21,PRINCIPAL
2025-06-02,Reservación,HMK9WZJQWB,,G-75BYHHWMY2NDZ,COP,199920.0,3919.21,PRINCIPAL
2025-06-02,Reservación,HMXCQTR4TZ,,G-75BYHHWMY2NDZ,COP,233750.0,3919.21,PRINCIPAL
2025-06-02,Reservación,HMMHBCYMCR,,G-75BYHHWMY2NDZ,COP,360910.0,3919.21,PRINCIPAL
2025-06-02,Reservación,HMCNWT2PHQ,,G-75BYHHWMY2NDZ,COP,161500.0,3919.21,PRINCIPAL
2025-05-30,Reservación,HMRJFWS2KP,,G-EIFVER55QC3MM,COP,478925.15,2301.09,PRINCIPAL
2025-05-30,Reservación,HMT8E2RK9A,,G-EIFVER55QC3MM,COP,3545806.87,2301.09,PRINCIPAL
2025-05-30,Reservación,HMDXE5PRM9,,G-EIFVER55QC3MM,COP,685543.11,2301.09,PRINCIPAL
2025-05-30,Reservación,HMDTFHKB5P,,G-EIFVER55QC3MM,COP,650025.6,2301.09,PRINCIPAL
2025-05-30,Reservación,HM5EHTWSFZ,,G-EIFVER55QC3MM,COP,839266.2,2301.09,PRINCIPAL
2025-05-30,Reservación,HMXPER348M,,G-EIFVER55QC3MM,COP,233325.0,2301.09,PRINCIPAL
2025-05-30,Reservación,HMQRE3H9HA,,G-EIFVER55QC3MM,COP,723987.5,2301.09,PRINCIPAL
2025-05-30,Reservación,HMX4Y2PQQC,,G-EIFVER55QC3MM,COP,104550.0,2301.09,PRINCIPAL
2025-05-30,Reservación,HM35B4YBP4,,G-EIFVER55QC3MM,COP,465630.0,2301.09,PRINCIPAL
2025-05-30,Reservación,HMXHAT3Y9B,,G-EIFVER55QC3MM,COP,216896.74,2301.09,PRINCIPAL
2025-05-30,Reservación,HMWJM38DTM,,G-EIFVER55QC3MM,COP,140250.0,2301.09,PRINCIPAL
2025-05-30,Reservación,HM2XY5KDRR,,G-EIFVER55QC3MM,COP,278800.0,2301.09,PRINCIPAL
2025-05-30,Reservación,HM3FBPTXBX,,G-EIFVER55QC3MM,COP,560809.26,2301.09,PRINCIPAL
2025-05-30,Reservación,HMDDEN3EHK,,G-EIFVER55QC3MM,COP,575687.7,2301.09,PRINCIPAL
2025-06-02,Reservación,HM88ECQMFY,,G-MN6UGJVXRPVOW,COP,1630590.56,394.01,COLONIA
2025-06-02,Reservación,HMBSJH8CMX,,G-XF235FYZOY4KC,COP,213143.28,318.62,COLONIA
2025-06-02,Reservación,HM288DFWC8,,G-XF235FYZOY4KC,COP,304429.2,318.62,COLONIA
2025-06-02,Reservación,HMD29T53A9,,G-XF235FYZOY4KC,COP,306075.55,318.62,COLONIA
2025-06-02,Reservación,HM9BC9WN8A,,G-XF235FYZOY4KC,COP,350707.21,318.62,COLONIA
2025-06-02,Reservación,HMZYHFTSXD,,G-XF235FYZOY4KC,COP,148981.88,318.62,COLONIA
2025-06-02,Reservación,HM5STHTAKP,,G-IASM6WD3NLBKN,COP,219335.22,148.16,COLONIA
2025-06-02,Reservación,HMNCN8F9Q5,,G-IASM6WD3NLBKN,COP,395715.12,148.16,COLONIA
2025-06-05,Reservación,HMTXD4Z9ZH,,G-GZTY4ICKBPDTG,COP,95625.0,23.27,PRINCIPAL
2025-06-05,Reservación,HM5WSBJKZH,,G-4I5PYJIVHIFVL,COP,264982.74,1591.01,PRINCIPAL
2025-06-05,Reservación,HMAYFYJYX9,,G-4I5PYJIVHIFVL,COP,251686.1,1591.01,PRINCIPAL
2025-06-05,Reservación,HM34S4NRXN,,G-4I5PYJIVHIFVL,COP,248200.0,1591.01,PRINCIPAL
2025-06-05,Reservación,HMJEK99NZE,,G-4I5PYJIVHIFVL,COP,424724.94,1591.01,PRINCIPAL
2025-06-05,Reservación,HMQ3SB9AW2,,G-4I5PYJIVHIFVL,COP,247614.52,1591.01,PRINCIPAL
2025-06-05,Reservación,HMHN2CMXN5,,G-4I5PYJIVHIFVL,COP,243100.0,1591.01,PRINCIPAL
2025-06-05,Reservación,HMPTTDFDQT,,G-4I5PYJIVHIFVL,COP,216060.65,1591.01,PRINCIPAL
2025-06-05,Reservación,HMWHTXEZRD,,G-4I5PYJIVHIFVL,COP,352750.0,1591.01,PRINCIPAL
2025-06-05,Reservación,HM4WJXFM8H,,G-4I5PYJIVHIFVL,COP,183600.0,1591.01,PRINCIPAL
2025-06-05,Reservación,HMWBY4QTQY,,G-4I5PYJIVHIFVL,COP,119850.0,1591.01,PRINCIPAL
2025-06-05,Reservación,HMZSXYQEDF,,G-4I5PYJIVHIFVL,COP,582080.0,1591.01,PRINCIPAL
2025-06-05,Reservación,HM3WC5WEXE,,G-4I5PYJIVHIFVL,COP,284750.0,1591.01,PRINCIPAL
2025-06-05,Reservación,HMW995TZ28,,G-4I5PYJIVHIFVL,COP,1219439.96,1591.01,PRINCIPAL
2025-06-05,Reservación,HMN22NM9DA,,G-4I5PYJIVHIFVL,COP,514456.55,1591.01,PRINCIPAL
2025-06-05,Reservación,HMXZM4WQZA,,G-4I5PYJIVHIFVL,COP,1134610.6,1591.01,PRINCIPAL
2025-06-05,Reservación,HMR92BZMSB,,G-4I5PYJIVHIFVL,COP,250994.93,1591.01,PRINCIPAL
2025-06-05,Reservación,HMX5Z2KXSB,,G-WTYNIER7SZV5Z,COP,180540.0,43.93,PRINCIPAL
2025-06-04,Reservación,HM9FXS34ZA,,G-IT6TYAFXZL5NS,COP,1175809.85,1671.21,PRINCIPAL
2025-06-04,Reservación,HMKFXFDTFC,,G-IT6TYAFXZL5NS,COP,614550.0,1671.21,PRINCIPAL
2025-06-04,Reservación,HMQW54BRBK,,G-IT6TYAFXZL5NS,COP,380800.0,1671.21,PRINCIPAL
2025-06-04,Reservación,HMCJYTAA2A,,G-IT6TYAFXZL5NS,COP,419283.79,1671.21,PRINCIPAL
2025-06-04,Reservación,HMF53YN45K,,G-IT6TYAFXZL5NS,COP,323138.72,1671.21,PRINCIPAL
2025-06-04,Reservación,HMKBAB5F4E,,G-IT6TYAFXZL5NS,COP,1264324.05,1671.21,PRINCIPAL
2025-06-04,Reservación,HMWWSAHZ9A,,G-IT6TYAFXZL5NS,COP,541418.0,1671.21,PRINCIPAL
2025-06-04,Reservación,HMCYNP9D3F,,G-IT6TYAFXZL5NS,COP,495713.06,1671.21,PRINCIPAL
2025-06-04,Reservación,HMQJZMBTZD,,G-IT6TYAFXZL5NS,COP,518228.42,1671.21,PRINCIPAL
2025-06-04,Reservación,HM8E5R4SBW,,G-IT6TYAFXZL5NS,COP,172550.0,1671.21,PRINCIPAL
2025-06-04,Reservación,HMAHQ84WR8,,G-IT6TYAFXZL5NS,COP,403475.49,1671.21,PRINCIPAL
2025-06-04,Reservación,HMXNH2M3SS,,G-IT6TYAFXZL5NS,COP,288296.41,1671.21,PRINCIPAL
2025-06-04,Reservación,HMX9XAJ3CN,,G-IT6TYAFXZL5NS,COP,178500.0,1671.21,PRINCIPAL
2025-06-04,Reservación,HM34DJSTHC,,G-IT6TYAFXZL5NS,COP,110576.5,1671.21,PRINCIPAL
2025-06-03,Reservación,HMD3S3252F,,G-YZGX6T4CEHYGE,COP,389135.1,1164.37,PRINCIPAL
2025-06-03,Reservación,HMNDW2WTNP,,G-YZGX6T4CEHYGE,COP,597125.0,1164.37,PRINCIPAL
2025-06-03,Reservación,HMQQ23QKQS,,G-YZGX6T4CEHYGE,COP,438600.0,1164.37,PRINCIPAL
2025-06-03,Reservación,HM95RKAWKE,,G-YZGX6T4CEHYGE,COP,446130.45,1164.37,PRINCIPAL
2025-06-03,Reservación,HMYB3CM4J2,,G-YZGX6T4CEHYGE,COP,605688.85,1164.37,PRINCIPAL
2025-06-03,Reservación,HMHKYX3F4D,,G-YZGX6T4CEHYGE,COP,326187.5,1164.37,PRINCIPAL
2025-06-03,Reservación,HMPJNN4CAE,,G-YZGX6T4CEHYGE,COP,102000.0,1164.37,PRINCIPAL
2025-06-03,Reservación,HM23RBHCCK,,G-YZGX6T4CEHYGE,COP,776900.0,1164.37,PRINCIPAL
2025-06-03,Reservación,HMRNFBZJBB,,G-YZGX6T4CEHYGE,COP,178956.96,1164.37,PRINCIPAL
2025-06-03,Reservación,HMSYHZBY4T,,G-YZGX6T4CEHYGE,COP,256190.0,1164.37,PRINCIPAL
2025-06-03,Reservación,HMYAEBZZ2W,,G-YZGX6T4CEHYGE,COP,86700.0,1164.37,PRINCIPAL
2025-06-03,Reservación,HMH8392W5R,,G-YZGX6T4CEHYGE,COP,144926.7,1164.37,PRINCIPAL
2025-06-03,Reservación,HMT5KRTDPR,,G-YZGX6T4CEHYGE,COP,478550.0,1164.37,PRINCIPAL
2025-06-03,Pago de la resolución,HMQRE3H9HA,Cobro de la resolución CLA-N42P2C94NJ de la reservación HMQRE3H9HA,G-4LKM5MIPS7WIJ,COP,120000.0,28.95,PRINCIPAL
2025-06-05,Reservación,HMTYDHMEDD,,G-NGHZJET6HNMV5,COP,304429.2,246.58,COLONIA
2025-06-05,Reservación,HM4HT22Q2R,,G-NGHZJET6HNMV5,COP,105797.8,246.58,COLONIA
2025-06-05,Reservación,HMXJ8994E4,,G-NGHZJET6HNMV5,COP,603221.54,246.58,COLONIA
2025-06-09,Ajuste de la resolución,HMWMZQPJHP,Ajuste para la resolución 41139280,G-IRIV5JCD6XSU6,COP,-98256.0,1030.81,PRINCIPAL
2025-06-09,Reservación,HM55PYSEY3,,G-IRIV5JCD6XSU6,COP,63750.0,1030.81,PRINCIPAL
2025-06-09,Reservación,HMT8YMP2DT,,G-IRIV5JCD6XSU6,COP,176655.16,1030.81,PRINCIPAL
2025-06-09,Reservación,HMYNWDDMNY,,G-IRIV5JCD6XSU6,COP,88327.58,1030.81,PRINCIPAL
2025-06-09,Reservación,HM2N9RETSB,,G-IRIV5JCD6XSU6,COP,209897.71,1030.81,PRINCIPAL
2025-06-09,Reservación,HMR5FSS93R,,G-IRIV5JCD6XSU6,COP,792840.05,1030.81,PRINCIPAL
2025-06-09,Reservación,HMWD3A45NY,,G-IRIV5JCD6XSU6,COP,797303.38,1030.81,PRINCIPAL
2025-06-09,Reservación,HMSKHSQ944,,G-IRIV5JCD6XSU6,COP,769695.21,1030.81,PRINCIPAL
2025-06-09,Reservación,HMK83XTYEN,,G-IRIV5JCD6XSU6,COP,972913.14,1030.81,PRINCIPAL
2025-06-09,Reservación,HMEC9TC3R3,,G-IRIV5JCD6XSU6,COP,137113.5,1030.81,PRINCIPAL
2025-06-09,Reservación,HMHD285R5M,,G-IRIV5JCD6XSU6,COP,119096.05,1030.81,PRINCIPAL
2025-06-09,Reservación,HMBP5RRJMD,,G-IRIV5JCD6XSU6,COP,102000.0,1030.81,PRINCIPAL
2025-06-09,Reservación,HMJR4RJFF9,,G-IRIV5JCD6XSU6,COP,110500.0,1030.81,PRINCIPAL
2025-06-09,Reservación,HMRS9EPTJ2,,G-IHADZBR5O67VH,COP,1836581.54,4027.77,PRINCIPAL
2025-06-09,Reservación,HMCWYB3HMS,,G-IHADZBR5O67VH,COP,640504.24,4027.77,PRINCIPAL
2025-06-09,Reservación,HMJXZXERD8,,G-IHADZBR5O67VH,COP,1103620.19,4027.77,PRINCIPAL
2025-06-09,Reservación,HMQW2RP2AX,,G-IHADZBR5O67VH,COP,1820890.4,4027.77,PRINCIPAL
2025-06-09,Reservación,HMQSXPF3JK,,G-IHADZBR5O67VH,COP,348937.75,4027.77,PRINCIPAL
2025-06-09,Reservación,HMECB48Y9Y,,G-IHADZBR5O67VH,COP,924948.48,4027.77,PRINCIPAL
2025-06-09,Reservación,HMEZBQ33EM,,G-IHADZBR5O67VH,COP,3013842.83,4027.77,PRINCIPAL
2025-06-09,Reservación,HMEMANQWXP,,G-IHADZBR5O67VH,COP,420750.0,4027.77,PRINCIPAL
2025-06-09,Reservación,HMEMJXRSCW,,G-IHADZBR5O67VH,COP,531078.3,4027.77,PRINCIPAL
2025-06-09,Reservación,HMPZC2F5BH,,G-IHADZBR5O67VH,COP,396121.28,4027.77,PRINCIPAL
2025-06-09,Reservación,HMWYH845Z3,,G-IHADZBR5O67VH,COP,192391.55,4027.77,PRINCIPAL
2025-06-09,Reservación,HMK4M3BYCJ,,G-IHADZBR5O67VH,COP,437191.25,4027.77,PRINCIPAL
2025-06-09,Reservación,HM4539JED4,,G-IHADZBR5O67VH,COP,646680.0,4027.77,PRINCIPAL
2025-06-09,Reservación,HM55PYSEY3,,G-IHADZBR5O67VH,COP,161500.0,4027.77,PRINCIPAL
2025-06-09,Reservación,HMW8YP38E3,,G-IHADZBR5O67VH,COP,619399.29,4027.77,PRINCIPAL
2025-06-09,Reservación,HMKJHP2W9E,,G-IHADZBR5O67VH,COP,255000.0,4027.77,PRINCIPAL
2025-06-09,Reservación,HM3AQTP94W,,G-IHADZBR5O67VH,COP,808095.0,4027.77,PRINCIPAL
2025-06-09,Reservación,HM9K83FBFN,,G-IHADZBR5O67VH,COP,215900.0,4027.77,PRINCIPAL
2025-06-09,Reservación,HM5ZTBS9FM,,G-IHADZBR5O67VH,COP,118077.58,4027.77,PRINCIPAL
2025-06-09,Reservación,HMCDPWXCB3,,G-IHADZBR5O67VH,COP,843625.0,4027.77,PRINCIPAL
2025-06-09,Reservación,HMDBN9KRHZ,,G-IHADZBR5O67VH,COP,305621.96,4027.77,PRINCIPAL
2025-06-09,Reservación,HM3DHSEMQJ,,G-IHADZBR5O67VH,COP,357000.0,4027.77,PRINCIPAL
2025-06-09,Reservación,HMWJTNZ9QH,,G-IHADZBR5O67VH,COP,174250.0,4027.77,PRINCIPAL
2025-06-09,Reservación,HM9NX4XRKJ,,G-IHADZBR5O67VH,COP,211650.0,4027.77,PRINCIPAL
2025-06-09,Reservación,HMMCARZT8Y,,G-IHADZBR5O67VH,COP,114750.0,4027.77,PRINCIPAL
2025-06-09,Reservación,HMRCNCBP2N,,G-IHADZBR5O67VH,COP,113512.4,4027.77,PRINCIPAL
2025-06-09,Reservación,HMAHQ84WR8,,G-73KI6YS7W6IKO,COP,98536.0,23.89,PRINCIPAL
2025-06-09,Reservación,HMTXD4Z9ZH,,G-YGZLCSTNDDF7C,COP,95625.0,23.19,PRINCIPAL
2025-06-06,Pago de la resolución,HM2JZ2ED99,Cobro de la resolución CLA-MEMF5ACM55 de la reservación HM2JZ2ED99,G-FKJUTKMPQMGJZ,COP,75005.44,2773.83,PRINCIPAL
2025-06-06,Reservación,HMQSXWHRBQ,,G-FKJUTKMPQMGJZ,COP,2710699.23,2773.83,PRINCIPAL
2025-06-06,Reservación,HM9W8KEYBF,,G-FKJUTKMPQMGJZ,COP,334088.04,2773.83,PRINCIPAL
2025-06-06,Reservación,HMJM352P3A,,G-FKJUTKMPQMGJZ,COP,97750.0,2773.83,PRINCIPAL
2025-06-06,Reservación,HMMX4ND5NZ,,G-FKJUTKMPQMGJZ,COP,411635.45,2773.83,PRINCIPAL
2025-06-06,Reservación,HMBZHW93RB,,G-FKJUTKMPQMGJZ,COP,418000.8,2773.83,PRINCIPAL
2025-06-06,Reservación,HMEM9E5H3N,,G-FKJUTKMPQMGJZ,COP,416882.5,2773.83,PRINCIPAL
2025-06-06,Reservación,HMWZE5S2YD,,G-FKJUTKMPQMGJZ,COP,300034.87,2773.83,PRINCIPAL
2025-06-06,Reservación,HMTXPZDE5H,,G-FKJUTKMPQMGJZ,COP,550122.38,2773.83,PRINCIPAL
2025-06-06,Reservación,HMEHT8MPC3,,G-FKJUTKMPQMGJZ,COP,738986.0,2773.83,PRINCIPAL
2025-06-06,Reservación,HMFTBKANRX,,G-FKJUTKMPQMGJZ,COP,738986.0,2773.83,PRINCIPAL
2025-06-06,Reservación,HMTYYHCJHJ,,G-FKJUTKMPQMGJZ,COP,637449.59,2773.83,PRINCIPAL
2025-06-06,Reservación,HMYWNB8QS2,,G-FKJUTKMPQMGJZ,COP,272368.05,2773.83,PRINCIPAL
2025-06-06,Reservación,HMHJDPS2H8,,G-FKJUTKMPQMGJZ,COP,256190.0,2773.83,PRINCIPAL
2025-06-06,Reservación,HMFTSDN5XP,,G-FKJUTKMPQMGJZ,COP,301325.0,2773.83,PRINCIPAL
2025-06-06,Reservación,HM58HXQB5J,,G-FKJUTKMPQMGJZ,COP,981967.6,2773.83,PRINCIPAL
2025-06-06,Reservación,HMBEFTM3BN,,G-FKJUTKMPQMGJZ,COP,378088.71,2773.83,PRINCIPAL
2025-06-06,Reservación,HMSXDFXHEF,,G-FKJUTKMPQMGJZ,COP,93500.0,2773.83,PRINCIPAL
2025-06-06,Reservación,HM2JZ2ED99,,G-FKJUTKMPQMGJZ,COP,981967.6,2773.83,PRINCIPAL
2025-06-06,Reservación,HMMRWJQ3CX,,G-FKJUTKMPQMGJZ,COP,701250.0,2773.83,PRINCIPAL
2025-06-06,Reservación,HMTXD4Z9ZH,,G-7GQHTJTOYTKHK,COP,95625.0,23.27,PRINCIPAL
2025-06-06,Reservación,HMYTZYREXF,,G-Z7K7S62LJ5EOT,USD,22.08,100.99,COLONIA
2025-06-06,Reservación,HMDFC8QADT,,G-Z7K7S62LJ5EOT,USD,78.91,100.99,COLONIA
2025-06-09,Reservación,HMHRRSYHJQ,,G-Q5ITUNOYFYGL3,COP,123465.56,241.27,COLONIA
2025-06-09,Pago de la resolución,HMXCR9ARTP,Cobro de la resolución CLA-449EEHAART de la reservación HMXCR9ARTP,G-Q5ITUNOYFYGL3,COP,60001.11,241.27,COLONIA
2025-06-09,Reservación,HM3CWA2PPD,,G-Q5ITUNOYFYGL3,COP,211452.8,241.27,COLONIA
2025-06-09,Reservación,HMXCR9ARTP,,G-Q5ITUNOYFYGL3,COP,477741.82,241.27,COLONIA
2025-06-09,Reservación,HMCFHM3JBM,,G-Q5ITUNOYFYGL3,COP,120166.88,241.27,COLONIA
2025-06-09,Reservación,HMYDHXAZ4N,,G-TTWZU6VSSUEZJ,COP,734551.3,2088.86,PRINCIPAL
2025-06-09,Reservación,HMDW3PDMWS,,G-TTWZU6VSSUEZJ,COP,599710.1,2088.86,PRINCIPAL
2025-06-09,Reservación,HMJ2E8E5R4,,G-TTWZU6VSSUEZJ,COP,752250.0,2088.86,PRINCIPAL
2025-06-09,Reservación,HMB98E9QZ9,,G-TTWZU6VSSUEZJ,COP,335457.17,2088.86,PRINCIPAL
2025-06-09,Reservación,HMPWRKPHHC,,G-TTWZU6VSSUEZJ,COP,401474.17,2088.86,PRINCIPAL
2025-06-09,Reservación,HMPJJSCJW8,,G-TTWZU6VSSUEZJ,COP,464046.28,2088.86,PRINCIPAL
2025-06-09,Reservación,HMPJR8NE5R,,G-TTWZU6VSSUEZJ,COP,102943.5,2088.86,PRINCIPAL
2025-06-09,Reservación,HMJ2HYWT3Z,,G-TTWZU6VSSUEZJ,COP,539515.44,2088.86,PRINCIPAL
2025-06-09,Reservación,HMX35BTWHB,,G-TTWZU6VSSUEZJ,COP,1543498.0,2088.86,PRINCIPAL
2025-06-09,Reservación,HM2EJYJ5SQ,,G-TTWZU6VSSUEZJ,COP,211268.77,2088.86,PRINCIPAL
2025-06-09,Reservación,HM42YHSDZ2,,G-TTWZU6VSSUEZJ,COP,196350.0,2088.86,PRINCIPAL
2025-06-09,Reservación,HM4HA3MSA9,,G-TTWZU6VSSUEZJ,COP,269450.0,2088.86,PRINCIPAL
2025-06-09,Reservación,HMAY23R3EH,,G-TTWZU6VSSUEZJ,COP,1332129.45,2088.86,PRINCIPAL
2025-06-09,Reservación,HMQ3AWXYZK,,G-TTWZU6VSSUEZJ,COP,276050.04,2088.86,PRINCIPAL
2025-06-09,Reservación,HM99XB9SMN,,G-TTWZU6VSSUEZJ,COP,360910.0,2088.86,PRINCIPAL
2025-06-09,Reservación,HMEHF9HQ4K,,G-TTWZU6VSSUEZJ,COP,425253.51,2088.86,PRINCIPAL
2025-06-09,Reservación,HMNASJEYT9,,G-TTWZU6VSSUEZJ,COP,93500.0,2088.86,PRINCIPAL
2025-06-16,Pago de la resolución,HMJ32AD42Z,Cobro de la resolución CLA-32EFMPNHKM de la reservación HMJ32AD42Z,G-NMSTXZANXWOAJ,COP,70000.0,1568.42,PRINCIPAL
2025-06-16,Reservación,HMXNNQ3MFE,,G-NMSTXZANXWOAJ,COP,830938.75,1568.42,PRINCIPAL
2025-06-16,Reservación,HMX9XXXC3B,,G-NMSTXZANXWOAJ,COP,787475.91,1568.42,PRINCIPAL
2025-06-16,Reservación,HMNF3FD32Z,,G-NMSTXZANXWOAJ,COP,926157.45,1568.42,PRINCIPAL
2025-06-16,Reservación,HMT9ZDP28W,,G-NMSTXZANXWOAJ,COP,116785.92,1568.42,PRINCIPAL
2025-06-16,Reservación,HMBA8E9YWR,,G-NMSTXZANXWOAJ,COP,415437.5,1568.42,PRINCIPAL
2025-06-16,Reservación,HMCWSATC5W,,G-NMSTXZANXWOAJ,COP,106250.0,1568.42,PRINCIPAL
2025-06-16,Reservación,HM4JKPC5C5,,G-NMSTXZANXWOAJ,COP,450483.93,1568.42,PRINCIPAL
2025-06-16,Reservación,HMK2XCBNRS,,G-NMSTXZANXWOAJ,COP,611511.62,1568.42,PRINCIPAL
2025-06-16,Reservación,HMPNSB2SF8,,G-NMSTXZANXWOAJ,COP,141100.0,1568.42,PRINCIPAL
2025-06-16,Reservación,HM4MDYA5W3,,G-NMSTXZANXWOAJ,COP,106250.0,1568.42,PRINCIPAL
2025-06-16,Reservación,HMSYQZRX4K,,G-NMSTXZANXWOAJ,COP,211650.0,1568.42,PRINCIPAL
2025-06-16,Reservación,HM85BS4NBT,,G-NMSTXZANXWOAJ,COP,142800.0,1568.42,PRINCIPAL
2025-06-16,Reservación,HMQK5FHMJ5,,G-NMSTXZANXWOAJ,COP,191420.0,1568.42,PRINCIPAL
2025-06-16,Reservación,HMFAXWCRCC,,G-NMSTXZANXWOAJ,COP,110500.0,1568.42,PRINCIPAL
2025-06-16,Reservación,HMSFTB2TT3,,G-NMSTXZANXWOAJ,COP,147050.0,1568.42,PRINCIPAL
2025-06-16,Reservación,HM8W9KRXWK,,G-NMSTXZANXWOAJ,COP,93500.0,1568.42,PRINCIPAL
2025-06-16,Reservación,HMB8JHZ2W4,,G-NMSTXZANXWOAJ,COP,117300.0,1568.42,PRINCIPAL
2025-06-16,Reservación,HMPWCCKPJS,,G-NMSTXZANXWOAJ,COP,319328.0,1568.42,PRINCIPAL
2025-06-16,Reservación,HMJDMZAJNX,,G-NMSTXZANXWOAJ,COP,191420.0,1568.42,PRINCIPAL
2025-06-16,Reservación,HMQ4YP8FHE,,G-NMSTXZANXWOAJ,COP,236301.6,1568.42,PRINCIPAL
2025-06-16,Reservación,HMJ32AD42Z,,G-NMSTXZANXWOAJ,COP,168494.65,1568.42,PRINCIPAL
2025-06-16,Reservación,HMQC3BZB9T,,G-RC7ROPDIQUW6K,COP,226026.05,1358.35,PRINCIPAL
2025-06-16,Reservación,HMWT8K8C39,,G-RC7ROPDIQUW6K,COP,342383.06,1358.35,PRINCIPAL
2025-06-16,Reservación,HMEXJ2THQH,,G-RC7ROPDIQUW6K,COP,191420.0,1358.35,PRINCIPAL
2025-06-16,Reservación,HMW3RWCY3Z,,G-RC7ROPDIQUW6K,COP,174236.74,1358.35,PRINCIPAL
2025-06-16,Reservación,HMWFB9H5R3,,G-RC7ROPDIQUW6K,COP,286877.55,1358.35,PRINCIPAL
2025-06-16,Reservación,HMFD3WTWA3,,G-RC7ROPDIQUW6K,COP,333412.5,1358.35,PRINCIPAL
2025-06-16,Reservación,HMZSQQ9NAD,,G-RC7ROPDIQUW6K,COP,436731.87,1358.35,PRINCIPAL
2025-06-16,Reservación,HMWJEPARY9,,G-RC7ROPDIQUW6K,COP,505750.0,1358.35,PRINCIPAL
2025-06-16,Reservación,HMTCY2F8W8,,G-RC7ROPDIQUW6K,COP,449926.25,1358.35,PRINCIPAL
2025-06-16,Reservación,HMM3HSRDWR,,G-RC7ROPDIQUW6K,COP,227443.85,1358.35,PRINCIPAL
2025-06-16,Reservación,HMFS8QZMRS,,G-RC7ROPDIQUW6K,COP,156400.0,1358.35,PRINCIPAL
2025-06-16,Reservación,HMEW9XEQN9,,G-RC7ROPDIQUW6K,COP,161500.0,1358.35,PRINCIPAL
2025-06-16,Reservación,HM54JKPWDX,,G-RC7ROPDIQUW6K,COP,340340.0,1358.35,PRINCIPAL
2025-06-16,Reservación,HM48ASZ43J,,G-RC7ROPDIQUW6K,COP,178500.0,1358.35,PRINCIPAL
2025-06-16,Reservación,HMC9JMMZP2,,G-RC7ROPDIQUW6K,COP,211492.15,1358.35,PRINCIPAL
2025-06-16,Reservación,HM939KPYJX,,G-RC7ROPDIQUW6K,COP,195142.15,1358.35,PRINCIPAL
2025-06-16,Reservación,HMNFAYMN2B,,G-RC7ROPDIQUW6K,COP,161500.0,1358.35,PRINCIPAL
2025-06-16,Reservación,HMNJQCXN2P,,G-RC7ROPDIQUW6K,COP,399500.0,1358.35,PRINCIPAL
2025-06-16,Reservación,HMXYX449YQ,,G-RC7ROPDIQUW6K,COP,191420.0,1358.35,PRINCIPAL
2025-06-16,Reservación,HMNTENNADD,,G-RC7ROPDIQUW6K,COP,97750.0,1358.35,PRINCIPAL
2025-06-16,Reservación,HMHKYBTZ2Y,,G-RC7ROPDIQUW6K,COP,340340.0,1358.35,PRINCIPAL
2025-06-13,Reservación,HMXRTWZHYC,,G-IJA6IHOJREJXS,COP,166539.86,40.07,PRINCIPAL
2025-06-13,Reservación,HMMXKEKTMP,,G-Y2KRY2IZTBA7D,COP,431727.41,1220.02,PRINCIPAL
2025-06-13,Reservación,HM5QBXNFQC,,G-Y2KRY2IZTBA7D,COP,233405.66,1220.02,PRINCIPAL
2025-06-13,Reservación,HMSE98BTNY,,G-Y2KRY2IZTBA7D,COP,265868.95,1220.02,PRINCIPAL
2025-06-13,Reservación,HMHDWCB95X,,G-Y2KRY2IZTBA7D,COP,286568.15,1220.02,PRINCIPAL
2025-06-13,Reservación,HM8E4YJETX,,G-Y2KRY2IZTBA7D,COP,342047.82,1220.02,PRINCIPAL
2025-06-13,Reservación,HMXYJDMKHN,,G-Y2KRY2IZTBA7D,COP,451189.39,1220.02,PRINCIPAL
2025-06-13,Reservación,HMBSZ99PCW,,G-Y2KRY2IZTBA7D,COP,578693.12,1220.02,PRINCIPAL
2025-06-13,Reservación,HMP9QRX9JQ,,G-Y2KRY2IZTBA7D,COP,442918.85,1220.02,PRINCIPAL
2025-06-13,Reservación,HMXRTWZHYC,,G-Y2KRY2IZTBA7D,COP,233325.0,1220.02,PRINCIPAL
2025-06-13,Reservación,HMC4Z5ZAXE,,G-Y2KRY2IZTBA7D,COP,153000.0,1220.02,PRINCIPAL
2025-06-13,Reservación,HMN39KDN5Q,,G-Y2KRY2IZTBA7D,COP,250320.75,1220.02,PRINCIPAL
2025-06-13,Reservación,HM3W8PAM2P,,G-Y2KRY2IZTBA7D,COP,324020.0,1220.02,PRINCIPAL
2025-06-13,Reservación,HMZJH9E5WJ,,G-Y2KRY2IZTBA7D,COP,93500.0,1220.02,PRINCIPAL
2025-06-13,Reservación,HMJ2DPRFAR,,G-Y2KRY2IZTBA7D,COP,191250.0,1220.02,PRINCIPAL
2025-06-13,Reservación,HMN4YPP8ME,,G-Y2KRY2IZTBA7D,COP,355300.0,1220.02,PRINCIPAL
2025-06-13,Reservación,HM5JQMYMJS,,G-Y2KRY2IZTBA7D,COP,102000.0,1220.02,PRINCIPAL
2025-06-13,Reservación,HMAWSYDF99,,G-Y2KRY2IZTBA7D,COP,335750.0,1220.02,PRINCIPAL
2025-06-13,Reservación,HMEZ5M349S,,G-KLXSXRWMRW5UD,COP,57800.0,197.68,PRINCIPAL
2025-06-13,Reservación,HMAY23R3EH,,G-KLXSXRWMRW5UD,COP,763844.03,197.68,PRINCIPAL
2025-06-13,Reservación,HM3AQTP94W,,G-5LP2GH3XXL4PY,COP,71145.0,42.45,PRINCIPAL
2025-06-13,Reservación,HMTW93YAZE,,G-5LP2GH3XXL4PY,COP,106216.0,42.45,PRINCIPAL
2025-06-12,Ajuste,HMM83NWXWA,,G-WK5DZQIZPKOS2,COP,-308242.57,835.89,PRINCIPAL
2025-06-12,Reservación,HMQXHZAZBA,,G-WK5DZQIZPKOS2,COP,1140600.01,835.89,PRINCIPAL
2025-06-12,Reservación,HMFSP9MZHZ,,G-WK5DZQIZPKOS2,COP,334050.0,835.89,PRINCIPAL
2025-06-12,Reservación,HMJYT8DXHW,,G-WK5DZQIZPKOS2,COP,825360.25,835.89,PRINCIPAL
2025-06-12,Reservación,HMWWHS5N4D,,G-WK5DZQIZPKOS2,COP,269450.0,835.89,PRINCIPAL
2025-06-12,Reservación,HMB4PZWRFM,,G-WK5DZQIZPKOS2,COP,403750.0,835.89,PRINCIPAL
2025-06-12,Reservación,HMN3NR2Q54,,G-WK5DZQIZPKOS2,COP,153000.0,835.89,PRINCIPAL
2025-06-12,Reservación,HMSRAC3EW9,,G-WK5DZQIZPKOS2,COP,102000.0,835.89,PRINCIPAL
2025-06-12,Reservación,HMJCZPDFEA,,G-WK5DZQIZPKOS2,COP,212049.5,835.89,PRINCIPAL
2025-06-12,Reservación,HMTW93YAZE,,G-WK5DZQIZPKOS2,COP,360910.0,835.89,PRINCIPAL
2025-06-11,Reservación,HMZE3J9QKP,,G-4G4GP5O6A4I7J,COP,1610750.0,383.14,PRINCIPAL
2025-06-11,Reservación,HMM83NWXWA,,G-X4QCLLDHYJEAF,COP,617705.06,1009.7,PRINCIPAL
2025-06-11,Reservación,HMZR39DDXK,,G-X4QCLLDHYJEAF,COP,202423.25,1009.7,PRINCIPAL
2025-06-11,Reservación,HM4J3W3AEF,,G-X4QCLLDHYJEAF,COP,326187.5,1009.7,PRINCIPAL
2025-06-11,Reservación,HMKCDYFNEC,,G-X4QCLLDHYJEAF,COP,378537.68,1009.7,PRINCIPAL
2025-06-11,Reservación,HMNKSRRA88,,G-X4QCLLDHYJEAF,COP,846440.03,1009.7,PRINCIPAL
2025-06-11,Reservación,HMXYNZTAJ5,,G-X4QCLLDHYJEAF,COP,352036.0,1009.7,PRINCIPAL
2025-06-11,Reservación,HMS9CNPMTB,,G-X4QCLLDHYJEAF,COP,493000.0,1009.7,PRINCIPAL
2025-06-11,Reservación,HMYCXE3EM3,,G-X4QCLLDHYJEAF,COP,182750.0,1009.7,PRINCIPAL
2025-06-11,Reservación,HMXYZZJDR4,,G-X4QCLLDHYJEAF,COP,106250.0,1009.7,PRINCIPAL
2025-06-11,Reservación,HMAE2HPES9,,G-X4QCLLDHYJEAF,COP,280500.0,1009.7,PRINCIPAL
2025-06-11,Reservación,HMZCTSQ2BN,,G-X4QCLLDHYJEAF,COP,267750.0,1009.7,PRINCIPAL
2025-06-11,Reservación,HMSJ8CHXTE,,G-X4QCLLDHYJEAF,COP,191250.0,1009.7,PRINCIPAL
2025-06-11,Reservación,HMYDHXAZ4N,,G-Q6KMQAUKBSHFU,COP,177719.87,42.93,PRINCIPAL
2025-06-10,Reservación,HMEWRBTQEC,,G-2OBEEZPV4BR3E,COP,546046.93,131.91,PRINCIPAL
2025-06-10,Reservación,HMCRHHP32T,,G-QTNMVJ6TBGTVD,COP,396148.79,717.85,PRINCIPAL
2025-06-10,Reservación,HMFY34H5YF,,G-QTNMVJ6TBGTVD,COP,394994.63,717.85,PRINCIPAL
2025-06-10,Reservación,HMYHYPP34Y,,G-QTNMVJ6TBGTVD,COP,335325.0,717.85,PRINCIPAL
2025-06-10,Reservación,HMEZ5M349S,,G-QTNMVJ6TBGTVD,COP,269450.0,717.85,PRINCIPAL
2025-06-10,Reservación,HM9RDR3S9T,,G-QTNMVJ6TBGTVD,COP,380800.0,717.85,PRINCIPAL
2025-06-10,Reservación,HMFQKKPWF2,,G-QTNMVJ6TBGTVD,COP,106250.0,717.85,PRINCIPAL
2025-06-10,Reservación,HMRK88KMJE,,G-QTNMVJ6TBGTVD,COP,269450.0,717.85,PRINCIPAL
2025-06-10,Reservación,HM4S8FWKQH,,G-QTNMVJ6TBGTVD,COP,178500.0,717.85,PRINCIPAL
2025-06-10,Reservación,HM9CC5DJSS,,G-QTNMVJ6TBGTVD,COP,267325.0,717.85,PRINCIPAL
2025-06-10,Reservación,HM9D9Z9NTX,,G-QTNMVJ6TBGTVD,COP,373346.52,717.85,PRINCIPAL
2025-06-10,Reservación,HMMRWJQ3CX,,G-NXD3SSZ3BWLAZ,COP,133450.0,32.27,PRINCIPAL
2025-06-10,Pago de la resolución,HMK4M3BYCJ,Cobro de la resolución CLA-8Z9B8CSKRS de la reservación HMK4M3BYCJ,G-X7II24A2H6CG3,COP,84982.63,20.53,PRINCIPAL
2025-06-16,Reservación,HMRDTNE5TK,,G-XDE3TS5TIX5MP,COP,123465.56,101.03,COLONIA
2025-06-16,Pago de la resolución,HMNJNYE33A,Cobro de la resolución CLA-JBZPD3NHFR de la reservación HMNJNYE33A,G-XDE3TS5TIX5MP,COP,59999.54,101.03,COLONIA
2025-06-16,Reservación,HMNJNYE33A,,G-XDE3TS5TIX5MP,COP,105797.8,101.03,COLONIA
2025-06-16,Reservación,HMHTTBWQD8,,G-XDE3TS5TIX5MP,COP,128908.01,101.03,COLONIA
2025-06-12,Reservación,HMMPWSDCET,,G-IZGHK2TWFKHWS,COP,116785.92,689.62,COLONIA
2025-06-12,Reservación,HMA2HAXADM,,G-IZGHK2TWFKHWS,COP,2460475.65,689.62,COLONIA
2025-06-12,Reservación,HMWWBPRM25,,G-IZGHK2TWFKHWS,COP,304429.2,689.62,COLONIA
2025-06-09,Reservación,HMSCHEZTP5,,G-UORHQOC2DFZFH,USD,27.13,121.63,COLONIA
2025-06-09,Reservación,HMDWHD4R8W,,G-UORHQOC2DFZFH,USD,94.5,121.63,COLONIA
2025-06-16,Reservación,HMQ3HDJCKJ,,G-62THVUTLUQJOG,COP,1167320.25,1325.51,PRINCIPAL
2025-06-16,Reservación,HMJCCTM5XE,,G-62THVUTLUQJOG,COP,510113.9,1325.51,PRINCIPAL
2025-06-16,Reservación,HMHRTZBABH,,G-62THVUTLUQJOG,COP,649772.85,1325.51,PRINCIPAL
2025-06-16,Reservación,HMY5A4QYEW,,G-62THVUTLUQJOG,COP,516020.04,1325.51,PRINCIPAL
2025-06-16,Reservación,HMCPR3X4N2,,G-62THVUTLUQJOG,COP,588090.86,1325.51,PRINCIPAL
2025-06-16,Reservación,HMP8BS8NDJ,,G-62THVUTLUQJOG,COP,161500.0,1325.51,PRINCIPAL
2025-06-16,Reservación,HMHJFH5Q4N,,G-62THVUTLUQJOG,COP,612119.0,1325.51,PRINCIPAL
2025-06-16,Reservación,HM8RXBECSH,,G-62THVUTLUQJOG,COP,212500.0,1325.51,PRINCIPAL
2025-06-16,Reservación,HM4HB98RPD,,G-62THVUTLUQJOG,COP,269450.0,1325.51,PRINCIPAL
2025-06-16,Reservación,HMRSHKWTSN,,G-62THVUTLUQJOG,COP,191420.0,1325.51,PRINCIPAL
2025-06-16,Reservación,HMTAKAWCSA,,G-62THVUTLUQJOG,COP,326187.5,1325.51,PRINCIPAL
2025-06-16,Reservación,HM524ZXWYE,,G-62THVUTLUQJOG,COP,267750.0,1325.51,PRINCIPAL
2025-06-16,Reservación,HMXRTWZHYC,,G-LH7T2XS6AT75E,COP,96154.64,23.29,PRINCIPAL
2025-06-20,Reservación,HMSSRECZ9P,,G-TZ2WN3PM3MAVN,COP,229500.0,56.39,PRINCIPAL
2025-06-19,Pago de la resolución,HM4SESWHR4,Cobro de la resolución CLA-28QC4MAZXR de la reservación HM4SESWHR4,G-W77A2NZBJZ73M,COP,60009.2,1784.07,PRINCIPAL
2025-06-19,Reservación,HMYBXESKJR,,G-W77A2NZBJZ73M,COP,176655.16,1784.07,PRINCIPAL
2025-06-19,Reservación,HM4SESWHR4,,G-W77A2NZBJZ73M,COP,176655.16,1784.07,PRINCIPAL
2025-06-19,Reservación,HMYZNFCYTN,,G-W77A2NZBJZ73M,COP,2015011.87,1784.07,PRINCIPAL
2025-06-19,Reservación,HMKPB8TJ4P,,G-W77A2NZBJZ73M,COP,328780.0,1784.07,PRINCIPAL
2025-06-19,Reservación,HMYAQPETRF,,G-W77A2NZBJZ73M,COP,566567.5,1784.07,PRINCIPAL
2025-06-19,Reservación,HMJNQ5RDWK,,G-W77A2NZBJZ73M,COP,647839.4,1784.07,PRINCIPAL
2025-06-19,Reservación,HMSDZBH2W4,,G-W77A2NZBJZ73M,COP,617141.65,1784.07,PRINCIPAL
2025-06-19,Reservación,HMKRB8BMRY,,G-W77A2NZBJZ73M,COP,537960.62,1784.07,PRINCIPAL
2025-06-19,Reservación,HMMDN9Z4WW,,G-W77A2NZBJZ73M,COP,429564.67,1784.07,PRINCIPAL
2025-06-19,Reservación,HMCXDHZZHW,,G-W77A2NZBJZ73M,COP,473043.28,1784.07,PRINCIPAL
2025-06-19,Reservación,HMZYTWPEWX,,G-W77A2NZBJZ73M,COP,345950.0,1784.07,PRINCIPAL
2025-06-19,Reservación,HM5CNASBQK,,G-W77A2NZBJZ73M,COP,490178.68,1784.07,PRINCIPAL
2025-06-19,Reservación,HM94QB9KCX,,G-W77A2NZBJZ73M,COP,263500.0,1784.07,PRINCIPAL
2025-06-19,Reservación,HMQFHN9CCT,,G-W77A2NZBJZ73M,COP,132600.0,1784.07,PRINCIPAL
2025-06-19,Reservación,HMSSRECZ9P,,G-SYP2J47OSPY7T,COP,1113500.0,271.41,PRINCIPAL
2025-06-19,Reservación,HMPJRFCYC3,,G-27NBRWBYKS46H,COP,194919.79,47.51,PRINCIPAL
2025-06-18,Tarifa de cancelación,HMPYXSWBYA,,G-PA6YVPG6B2CBV,COP,-206419.25,1787.29,PRINCIPAL
2025-06-18,Reservación,HMB5F9A9Q2,,G-PA6YVPG6B2CBV,COP,512542.82,1787.29,PRINCIPAL
2025-06-18,Reservación,HMMQ4JHKZD,,G-PA6YVPG6B2CBV,COP,2185435.0,1787.29,PRINCIPAL
2025-06-18,Reservación,HMBMYMAJYW,,G-PA6YVPG6B2CBV,COP,591982.88,1787.29,PRINCIPAL
2025-06-18,Reservación,HMD5YRY5BE,,G-PA6YVPG6B2CBV,COP,701546.04,1787.29,PRINCIPAL
2025-06-18,Reservación,HMRCYNXZ4K,,G-PA6YVPG6B2CBV,COP,399520.53,1787.29,PRINCIPAL
2025-06-18,Reservación,HMS9QB8RT9,,G-PA6YVPG6B2CBV,COP,469200.0,1787.29,PRINCIPAL
2025-06-18,Reservación,HMMSYFCKTN,,G-PA6YVPG6B2CBV,COP,339061.0,1787.29,PRINCIPAL
2025-06-18,Reservación,HMMPQ55CS2,,G-PA6YVPG6B2CBV,COP,170000.0,1787.29,PRINCIPAL
2025-06-18,Reservación,HMFXZFA3CQ,,G-PA6YVPG6B2CBV,COP,523083.68,1787.29,PRINCIPAL
2025-06-18,Reservación,HM8JWC8FRE,,G-PA6YVPG6B2CBV,COP,340340.0,1787.29,PRINCIPAL
2025-06-18,Reservación,HMARSR8HTT,,G-PA6YVPG6B2CBV,COP,178500.0,1787.29,PRINCIPAL
2025-06-18,Reservación,HMSXDFJMK9,,G-PA6YVPG6B2CBV,COP,206125.0,1787.29,PRINCIPAL
2025-06-18,Reservación,HMCR22F8AN,,G-PA6YVPG6B2CBV,COP,132600.0,1787.29,PRINCIPAL
2025-06-18,Reservación,HMSPA9CKRF,,G-PA6YVPG6B2CBV,COP,545017.28,1787.29,PRINCIPAL
2025-06-18,Reservación,HMA4S38N5H,,G-PA6YVPG6B2CBV,COP,244162.5,1787.29,PRINCIPAL
2025-06-17,Reservación,HM4BNQRMP2,,G-NI5THWMWL4BGY,COP,651719.27,1166.33,PRINCIPAL
2025-06-17,Reservación,HMQ8W3QM4S,,G-NI5THWMWL4BGY,COP,913964.1,1166.33,PRINCIPAL
2025-06-17,Reservación,HMQ4B2WX49,,G-NI5THWMWL4BGY,COP,276250.0,1166.33,PRINCIPAL
2025-06-17,Reservación,HMJT9RAAJJ,,G-NI5THWMWL4BGY,COP,221000.0,1166.33,PRINCIPAL
2025-06-17,Reservación,HMH4E2YWNW,,G-NI5THWMWL4BGY,COP,578527.68,1166.33,PRINCIPAL
2025-06-17,Reservación,HMETNRMABQ,,G-NI5THWMWL4BGY,COP,491300.0,1166.33,PRINCIPAL
2025-06-17,Reservación,HM3QYA4RW4,,G-NI5THWMWL4BGY,COP,428441.65,1166.33,PRINCIPAL
2025-06-17,Reservación,HMPJRFCYC3,,G-NI5THWMWL4BGY,COP,484517.68,1166.33,PRINCIPAL
2025-06-17,Reservación,HMDTXTEKP9,,G-NI5THWMWL4BGY,COP,348600.04,1166.33,PRINCIPAL
2025-06-17,Reservación,HMX983XQTS,,G-NI5THWMWL4BGY,COP,211650.0,1166.33,PRINCIPAL
2025-06-17,Reservación,HMJJBK4YCP,,G-NI5THWMWL4BGY,COP,178644.5,1166.33,PRINCIPAL
2025-06-17,Pago de la resolución,HMEWRBTQEC,Reembolso de daños de AirCover para la resolución CLSF-04518786,G-MQIYIKQAPBKDK,COP,165000.0,40.22,PRINCIPAL
2025-06-17,Reservación,HM3W8PAM2P,,G-BLKTZFDNTBLQX,COP,70380.0,132.05,PRINCIPAL
2025-06-17,Pago de la resolución,HMJ32AD42Z,Cobro de la resolución CLA-S9WPN3M98J de la reservación HMJ32AD42Z,G-BLKTZFDNTBLQX,COP,65000.0,132.05,PRINCIPAL
2025-06-17,Reservación,HMAY23R3EH,,G-BLKTZFDNTBLQX,COP,406315.21,132.05,PRINCIPAL
2025-06-17,Reservación,HMAMBMPR34,,G-QZDGRRFU6N4UF,USD,116.79,116.79,RH
2025-06-23,Reservación,HMC2Z4EE4D,,G-WSR7WW56BLCAB,COP,259275.5,779.75,PRINCIPAL
2025-06-23,Reservación,HM4B45CYFZ,,G-WSR7WW56BLCAB,COP,415437.5,779.75,PRINCIPAL
2025-06-23,Reservación,HMS2YQTHEJ,,G-WSR7WW56BLCAB,COP,250994.93,779.75,PRINCIPAL
2025-06-23,Reservación,HM2ASK3AE3,,G-WSR7WW56BLCAB,COP,209897.71,779.75,PRINCIPAL
2025-06-23,Reservación,HMHJ8TCS9Y,,G-WSR7WW56BLCAB,COP,511700.0,779.75,PRINCIPAL
2025-06-23,Reservación,HMQ8T2QZMY,,G-WSR7WW56BLCAB,COP,964121.94,779.75,PRINCIPAL
2025-06-23,Reservación,HMMT3YSPB8,,G-WSR7WW56BLCAB,COP,229500.0,779.75,PRINCIPAL
2025-06-23,Reservación,HMT8SHY9WZ,,G-WSR7WW56BLCAB,COP,239482.74,779.75,PRINCIPAL
2025-06-23,Reservación,HMHJT29YQ8,,G-WSR7WW56BLCAB,COP,102000.0,779.75,PRINCIPAL
2025-06-23,Reservación,HMK3XAN8R9,,G-4PWGD5MPVLLI7,COP,80750.0,42.78,PRINCIPAL
2025-06-23,Reservación,HME2CBAQBY,,G-4PWGD5MPVLLI7,COP,93840.0,42.78,PRINCIPAL
2025-06-23,Reservación,HMSH8W9FPF,,G-22RMTZCBNSS26,COP,93925.0,23.01,PRINCIPAL
2025-06-23,Pago de la resolución,HMDWMEPH4M,Cobro de la resolución CLA-YNZXQPJT2D de la reservación HMDWMEPH4M,G-V2TYBXYTSR32P,COP,70000.0,2688.64,PRINCIPAL
2025-06-23,Reservación,HM3JFZMCBQ,,G-V2TYBXYTSR32P,COP,787475.91,2688.64,PRINCIPAL
2025-06-23,Reservación,HMT5WY4WSC,,G-V2TYBXYTSR32P,COP,362233.19,2688.64,PRINCIPAL
2025-06-23,Reservación,HMHETRQTZM,,G-V2TYBXYTSR32P,COP,3252158.05,2688.64,PRINCIPAL
2025-06-23,Reservación,HMSTZPMTRS,,G-V2TYBXYTSR32P,COP,118993.2,2688.64,PRINCIPAL
2025-06-23,Reservación,HMXKAC5CNJ,,G-V2TYBXYTSR32P,COP,241073.6,2688.64,PRINCIPAL
2025-06-23,Reservación,HMFJHQTRZ8,,G-V2TYBXYTSR32P,COP,211650.0,2688.64,PRINCIPAL
2025-06-23,Reservación,HMHW9WY9NF,,G-V2TYBXYTSR32P,COP,697514.42,2688.64,PRINCIPAL
2025-06-23,Reservación,HMZSAFW3Z2,,G-V2TYBXYTSR32P,COP,1315604.75,2688.64,PRINCIPAL
2025-06-23,Reservación,HME2C4BFQD,,G-V2TYBXYTSR32P,COP,326187.5,2688.64,PRINCIPAL
2025-06-23,Reservación,HMSH8W9FPF,,G-V2TYBXYTSR32P,COP,337025.0,2688.64,PRINCIPAL
2025-06-23,Reservación,HM45CEH488,,G-V2TYBXYTSR32P,COP,242327.01,2688.64,PRINCIPAL
2025-06-23,Reservación,HMQDZHK5W2,,G-V2TYBXYTSR32P,COP,170000.0,2688.64,PRINCIPAL
2025-06-23,Reservación,HMZW922QCZ,,G-V2TYBXYTSR32P,COP,246422.64,2688.64,PRINCIPAL
2025-06-23,Reservación,HMBSBJCRH5,,G-V2TYBXYTSR32P,COP,340340.0,2688.64,PRINCIPAL
2025-06-23,Reservación,HMKSFD9B4Q,,G-V2TYBXYTSR32P,COP,118077.58,2688.64,PRINCIPAL
2025-06-23,Reservación,HMPRCDTCS9,,G-V2TYBXYTSR32P,COP,500322.83,2688.64,PRINCIPAL
2025-06-23,Reservación,HM59AX4ZPB,,G-V2TYBXYTSR32P,COP,102000.0,2688.64,PRINCIPAL
2025-06-23,Reservación,HMKMFM8HP5,,G-V2TYBXYTSR32P,COP,252000.35,2688.64,PRINCIPAL
2025-06-23,Reservación,HMAXZA3JRP,,G-V2TYBXYTSR32P,COP,96379.8,2688.64,PRINCIPAL
2025-06-23,Reservación,HM8JTXMDZ5,,G-V2TYBXYTSR32P,COP,127500.0,2688.64,PRINCIPAL
2025-06-23,Reservación,HMZNBMXREP,,G-V2TYBXYTSR32P,COP,170000.0,2688.64,PRINCIPAL
2025-06-23,Reservación,HMQAQZ8EZ9,,G-V2TYBXYTSR32P,COP,243737.5,2688.64,PRINCIPAL
2025-06-23,Reservación,HM482PJB84,,G-V2TYBXYTSR32P,COP,520316.45,2688.64,PRINCIPAL
2025-06-23,Reservación,HMCPPQEB9K,,G-V2TYBXYTSR32P,COP,119000.0,2688.64,PRINCIPAL
2025-06-23,Reservación,HMMJ3WDA8S,,G-J6X7DU2YEWWL7,USD,36.91,36.91,PRINCIPAL
2025-06-23,Reservación,HMDWMEPH4M,,G-VDHUI6AJRD6J3,COP,1518312.93,371.92,PRINCIPAL
2025-06-23,Pago de la resolución,HM9DQRJHYS,Cobro de la resolución CLA-ZEKBTCACPE de la reservación HM9DQRJHYS,G-XYEE5BMIOLXOQ,COP,60000.46,2841.09,PRINCIPAL
2025-06-23,Reservación,HM2QNSNH3R,,G-XYEE5BMIOLXOQ,COP,264982.74,2841.09,PRINCIPAL
2025-06-23,Reservación,HM3ERKQ9DD,,G-XYEE5BMIOLXOQ,COP,252627.06,2841.09,PRINCIPAL
2025-06-23,Reservación,HMEWX32MJN,,G-XYEE5BMIOLXOQ,COP,787475.91,2841.09,PRINCIPAL
2025-06-23,Reservación,HM9DQRJHYS,,G-XYEE5BMIOLXOQ,COP,709122.62,2841.09,PRINCIPAL
2025-06-23,Reservación,HMJSX2P4YR,,G-XYEE5BMIOLXOQ,COP,1331110.78,2841.09,PRINCIPAL
2025-06-23,Reservación,HMYMEY5KYZ,,G-XYEE5BMIOLXOQ,COP,1139728.33,2841.09,PRINCIPAL
2025-06-23,Reservación,HMEAPEFXZM,,G-XYEE5BMIOLXOQ,COP,333726.49,2841.09,PRINCIPAL
2025-06-23,Reservación,HMFXDSEBAQ,,G-XYEE5BMIOLXOQ,COP,339847.51,2841.09,PRINCIPAL
2025-06-23,Reservación,HMCBNEE9TP,,G-XYEE5BMIOLXOQ,COP,388025.0,2841.09,PRINCIPAL
2025-06-23,Reservación,HMK9C5WYRA,,G-XYEE5BMIOLXOQ,COP,211650.0,2841.09,PRINCIPAL
2025-06-23,Reservación,HMK3XAN8R9,,G-XYEE5BMIOLXOQ,COP,259250.0,2841.09,PRINCIPAL
2025-06-23,Reservación,HMYEQMQYQR,,G-XYEE5BMIOLXOQ,COP,105503.7,2841.09,PRINCIPAL
2025-06-23,Reservación,HMXN5FBAAP,,G-XYEE5BMIOLXOQ,COP,323808.69,2841.09,PRINCIPAL
2025-06-23,Reservación,HMZ2HH5DXD,,G-XYEE5BMIOLXOQ,COP,337025.0,2841.09,PRINCIPAL
2025-06-23,Reservación,HMTWRAR2XA,,G-XYEE5BMIOLXOQ,COP,315350.0,2841.09,PRINCIPAL
2025-06-23,Reservación,HMZHR59DFD,,G-XYEE5BMIOLXOQ,COP,1243554.01,2841.09,PRINCIPAL
2025-06-23,Reservación,HM4MFS3XDZ,,G-XYEE5BMIOLXOQ,COP,489260.0,2841.09,PRINCIPAL
2025-06-23,Reservación,HMNN4K52NP,,G-XYEE5BMIOLXOQ,COP,490388.8,2841.09,PRINCIPAL
2025-06-23,Reservación,HMY89T4CJZ,,G-XYEE5BMIOLXOQ,COP,148750.0,2841.09,PRINCIPAL
2025-06-23,Reservación,HMBNZ3WQJC,,G-XYEE5BMIOLXOQ,COP,294286.32,2841.09,PRINCIPAL
2025-06-23,Reservación,HM34KC8NQM,,G-XYEE5BMIOLXOQ,COP,340340.0,2841.09,PRINCIPAL
2025-06-23,Reservación,HM4WFSR43Y,,G-XYEE5BMIOLXOQ,COP,119000.0,2841.09,PRINCIPAL
2025-06-23,Reservación,HMTWQE4YPZ,,G-XYEE5BMIOLXOQ,COP,207780.8,2841.09,PRINCIPAL
2025-06-23,Reservación,HMX5CX3QJY,,G-XYEE5BMIOLXOQ,COP,182755.1,2841.09,PRINCIPAL
2025-06-23,Reservación,HMF3XT8ZAX,,G-XYEE5BMIOLXOQ,COP,433500.0,2841.09,PRINCIPAL
2025-06-23,Reservación,HMR3FH9ZCY,,G-XYEE5BMIOLXOQ,COP,489260.0,2841.09,PRINCIPAL
2025-06-23,Reservación,HMSSRECZ9P,,G-EZ2ESKON52ABW,COP,688500.0,168.65,PRINCIPAL
2025-06-23,Reservación,HMQQ44TPAD,,G-EIXNMKEKUTJBF,COP,167932.12,41.14,PRINCIPAL
2025-06-20,Pago de la resolución,HMRTYCCMEN,Cobro de la resolución CLA-WFY228QA3H de la reservación HMRTYCCMEN,G-QW5WSPWVE52T2,COP,90000.0,2146.74,PRINCIPAL
2025-06-20,Reservación,HMRTYCCMEN,,G-QW5WSPWVE52T2,COP,257686.0,2146.74,PRINCIPAL
2025-06-20,Reservación,HMCPQMRPAY,,G-QW5WSPWVE52T2,COP,393988.77,2146.74,PRINCIPAL
2025-06-20,Reservación,HM2NJ5H2M8,,G-QW5WSPWVE52T2,COP,250750.0,2146.74,PRINCIPAL
2025-06-20,Reservación,HMWPKEF9Y3,,G-QW5WSPWVE52T2,COP,370600.0,2146.74,PRINCIPAL
2025-06-20,Reservación,HM9PXRMEXX,,G-QW5WSPWVE52T2,COP,533614.79,2146.74,PRINCIPAL
2025-06-20,Reservación,HMMNKPRNYY,,G-QW5WSPWVE52T2,COP,174250.0,2146.74,PRINCIPAL
2025-06-20,Reservación,HMYH3WDJ2H,,G-QW5WSPWVE52T2,COP,434562.5,2146.74,PRINCIPAL
2025-06-20,Reservación,HMQ8K588ZH,,G-QW5WSPWVE52T2,COP,315028.79,2146.74,PRINCIPAL
2025-06-20,Reservación,HME2CBAQBY,,G-QW5WSPWVE52T2,COP,381817.28,2146.74,PRINCIPAL
2025-06-20,Reservación,HMT5ZWFPND,,G-QW5WSPWVE52T2,COP,551437.5,2146.74,PRINCIPAL
2025-06-20,Reservación,HMMBMY22K2,,G-QW5WSPWVE52T2,COP,461813.75,2146.74,PRINCIPAL
2025-06-20,Reservación,HMSARF9MA9,,G-QW5WSPWVE52T2,COP,623184.27,2146.74,PRINCIPAL
2025-06-20,Reservación,HM9448E5ZC,,G-QW5WSPWVE52T2,COP,168385.0,2146.74,PRINCIPAL
2025-06-20,Reservación,HMN98F8EBN,,G-QW5WSPWVE52T2,COP,312790.48,2146.74,PRINCIPAL
2025-06-20,Reservación,HMQPREH9JS,,G-QW5WSPWVE52T2,COP,174488.85,2146.74,PRINCIPAL
2025-06-20,Reservación,HM9DQSEZST,,G-QW5WSPWVE52T2,COP,191420.0,2146.74,PRINCIPAL
2025-06-20,Reservación,HMZRR8T5BX,,G-QW5WSPWVE52T2,COP,489260.0,2146.74,PRINCIPAL
2025-06-20,Reservación,HMHKTJNFTJ,,G-QW5WSPWVE52T2,COP,489260.0,2146.74,PRINCIPAL
2025-06-20,Reservación,HMJSEFYZDE,,G-QW5WSPWVE52T2,COP,320091.23,2146.74,PRINCIPAL
2025-06-20,Reservación,HMSSADNDT4,,G-QW5WSPWVE52T2,COP,1443068.88,2146.74,PRINCIPAL
2025-06-20,Reservación,HMQQ44TPAD,,G-QW5WSPWVE52T2,COP,340340.0,2146.74,PRINCIPAL
2025-06-23,Reservación,HMY3XAZPFP,,G-5QJLGCMKORWYW,USD,20.37,106.71,RH
2025-06-23,Reservación,HMB34H2TRE,,G-5QJLGCMKORWYW,USD,43.42,106.71,RH
2025-06-23,Reservación,HMSHB85A92,,G-5QJLGCMKORWYW,USD,42.92,106.71,RH
2025-06-23,Reservación,HM2AKAKQXK,,G-KUN33UUJAVPN6,COP,85338.73,133.49,COLONIA
2025-06-23,Reservación,HMQT5PEZNA,,G-KUN33UUJAVPN6,COP,234224.16,133.49,COLONIA
2025-06-23,Reservación,HMJDRDH49B,,G-KUN33UUJAVPN6,COP,224976.64,133.49,COLONIA
2025-06-23,Reservación,HM2AKAKQXK,,G-Y3FSMQLF2PELT,COP,221431.12,165.37,COLONIA
2025-06-23,Reservación,HMQJFRXET8,,G-Y3FSMQLF2PELT,COP,213397.6,165.37,COLONIA
2025-06-23,Reservación,HMKQXQB9P3,,G-Y3FSMQLF2PELT,COP,111202.1,165.37,COLONIA
2025-06-23,Reservación,HMJTNP959R,,G-Y3FSMQLF2PELT,COP,129100.24,165.37,COLONIA
2025-06-20,Reservación,HM9CXFZFKH,,G-QQ7YAJDNLGH7H,COP,208071.84,202.73,COLONIA
2025-06-20,Reservación,HM3NCDS5CE,,G-QQ7YAJDNLGH7H,COP,105797.8,202.73,COLONIA
2025-06-20,Reservación,HMCKWHDFQX,,G-QQ7YAJDNLGH7H,COP,116785.92,202.73,COLONIA
2025-06-20,Reservación,HMRJQNJWCA,,G-QQ7YAJDNLGH7H,COP,397405.6,202.73,COLONIA
2025-06-26,Reservación,HMNDPPQK48,,G-5B54KZTOZHWMS,COP,223835.94,112.25,COLONIA
2025-06-26,Reservación,HMHCFW2DDP,,G-5B54KZTOZHWMS,COP,118476.4,112.25,COLONIA
2025-06-26,Reservación,HMREPZ2FDD,,G-5B54KZTOZHWMS,COP,113404.96,112.25,COLONIA
2025-06-26,Reservación,HM2453TYXZ,,G-7BZSINE2NV7RB,USD,65.58,65.58,PRINCIPAL
2025-06-26,Tarifa de cancelación,HM83BCSYBT,,G-AKG37NWNZCLMQ,COP,-206964.16,1531.98,PRINCIPAL
2025-06-26,Pago de la resolución,HMSB4JZFPW,Cobro de la resolución CLA-BYACTF2S54 de la reservación HMSB4JZFPW,G-AKG37NWNZCLMQ,COP,50000.0,1531.98,PRINCIPAL
2025-06-26,Reservación,HMJZ5SB3M8,,G-AKG37NWNZCLMQ,COP,497870.84,1531.98,PRINCIPAL
2025-06-26,Reservación,HMETM2AR8R,,G-AKG37NWNZCLMQ,COP,641754.25,1531.98,PRINCIPAL
2025-06-26,Reservación,HMDNCZ54K8,,G-AKG37NWNZCLMQ,COP,216066.64,1531.98,PRINCIPAL
2025-06-26,Reservación,HMPTQQMPX3,,G-AKG37NWNZCLMQ,COP,430950.0,1531.98,PRINCIPAL
2025-06-26,Reservación,HM5Q5DS4PC,,G-AKG37NWNZCLMQ,COP,332000.44,1531.98,PRINCIPAL
2025-06-26,Reservación,HM88EDXZWB,,G-AKG37NWNZCLMQ,COP,232050.0,1531.98,PRINCIPAL
2025-06-26,Reservación,HMWW3FFQBE,,G-AKG37NWNZCLMQ,COP,265166.0,1531.98,PRINCIPAL
2025-06-26,Reservación,HM39DET5EQ,,G-AKG37NWNZCLMQ,COP,555599.95,1531.98,PRINCIPAL
2025-06-26,Reservación,HMRAFFZANE,,G-AKG37NWNZCLMQ,COP,119000.0,1531.98,PRINCIPAL
2025-06-26,Reservación,HMX9QHFT9M,,G-AKG37NWNZCLMQ,COP,341564.0,1531.98,PRINCIPAL
2025-06-26,Reservación,HM5XZY58AE,,G-AKG37NWNZCLMQ,COP,119000.0,1531.98,PRINCIPAL
2025-06-26,Reservación,HM9BAMEYYZ,,G-AKG37NWNZCLMQ,COP,104402.95,1531.98,PRINCIPAL
2025-06-26,Reservación,HMCQFQFNHB,,G-AKG37NWNZCLMQ,COP,114250.2,1531.98,PRINCIPAL
2025-06-26,Reservación,HM3XJSR53T,,G-AKG37NWNZCLMQ,COP,505796.92,1531.98,PRINCIPAL
2025-06-26,Reservación,HMJYY5KCT5,,G-AKG37NWNZCLMQ,COP,1798924.76,1531.98,PRINCIPAL
2025-06-26,Reservación,HM5YZ2WMZP,,G-AKG37NWNZCLMQ,COP,102000.0,1531.98,PRINCIPAL
2025-06-26,Reservación,HMDSWX25QB,,G-ISJUGNB2Q3XRK,COP,153015.64,37.69,PRINCIPAL
2025-06-25,Reservación,HMRBPBNQMR,,G-Q6SP5OHQJ6LVK,COP,2817203.94,1793.37,PRINCIPAL
2025-06-25,Reservación,HMSB4JZFPW,,G-Q6SP5OHQJ6LVK,COP,499385.92,1793.37,PRINCIPAL
2025-06-25,Reservación,HM2ZYR5RBB,,G-Q6SP5OHQJ6LVK,COP,327250.0,1793.37,PRINCIPAL
2025-06-25,Reservación,HMFWBY49YC,,G-Q6SP5OHQJ6LVK,COP,497250.0,1793.37,PRINCIPAL
2025-06-25,Reservación,HMEZP8DDSH,,G-Q6SP5OHQJ6LVK,COP,326187.5,1793.37,PRINCIPAL
2025-06-25,Reservación,HMQ5Y2E3S8,,G-Q6SP5OHQJ6LVK,COP,1419500.0,1793.37,PRINCIPAL
2025-06-25,Reservación,HMQB9PKZBT,,G-Q6SP5OHQJ6LVK,COP,211650.0,1793.37,PRINCIPAL
2025-06-25,Reservación,HM3ANSYY8J,,G-Q6SP5OHQJ6LVK,COP,312290.0,1793.37,PRINCIPAL
2025-06-25,Reservación,HMRAJN8XD4,,G-Q6SP5OHQJ6LVK,COP,319328.0,1793.37,PRINCIPAL
2025-06-25,Reservación,HMBEKZQ5EK,,G-Q6SP5OHQJ6LVK,COP,229500.0,1793.37,PRINCIPAL
2025-06-25,Reservación,HMDSWX25QB,,G-Q6SP5OHQJ6LVK,COP,352781.28,1793.37,PRINCIPAL
2025-06-24,Pago de la resolución,HMA9TYCN2A,Cobro de la resolución CLA-FBKW4ABCA2 de la reservación HMA9TYCN2A,G-P6YP7MM52B6A4,COP,60014.36,896.49,PRINCIPAL
2025-06-24,Reservación,HMA9TYCN2A,,G-P6YP7MM52B6A4,COP,88327.58,896.49,PRINCIPAL
2025-06-24,Reservación,HMSBP4H43P,,G-P6YP7MM52B6A4,COP,959377.49,896.49,PRINCIPAL
2025-06-24,Reservación,HM8R3ZNFSY,,G-P6YP7MM52B6A4,COP,717651.26,896.49,PRINCIPAL
2025-06-24,Reservación,HMN8Q888SE,,G-P6YP7MM52B6A4,COP,170635.8,896.49,PRINCIPAL
2025-06-24,Reservación,HMD2RDMSBS,,G-P6YP7MM52B6A4,COP,345950.0,896.49,PRINCIPAL
2025-06-24,Reservación,HMFF3TKF9T,,G-P6YP7MM52B6A4,COP,346900.2,896.49,PRINCIPAL
2025-06-24,Reservación,HM8ASTJBRD,,G-P6YP7MM52B6A4,COP,451354.29,896.49,PRINCIPAL
2025-06-24,Reservación,HMQFCZKCCY,,G-P6YP7MM52B6A4,COP,220575.0,896.49,PRINCIPAL
2025-06-24,Reservación,HM99ETWW3Q,,G-P6YP7MM52B6A4,COP,301750.0,896.49,PRINCIPAL
2025-06-24,Reservación,HMXAEFF4TT,,G-WZFMER2WLYTD4,COP,3554332.76,870.01,PRINCIPAL
2025-07-01,Reservación,HMEYTTQR9Q,,G-SOMWVBPSZEDNN,COP,268600.0,65.79,PRINCIPAL
2025-06-30,Reservación,HMXARJKYZ9,,G-HB7BAKKUHJNWI,COP,206405.16,1579.36,PRINCIPAL
2025-06-30,Reservación,HMSYRZ9HF8,,G-HB7BAKKUHJNWI,COP,512557.82,1579.36,PRINCIPAL
2025-06-30,Reservación,HMPWCD3NNT,,G-HB7BAKKUHJNWI,COP,311541.4,1579.36,PRINCIPAL
2025-06-30,Reservación,HMDHHY52ZM,,G-HB7BAKKUHJNWI,COP,663397.29,1579.36,PRINCIPAL
2025-06-30,Reservación,HMFBYF95WS,,G-HB7BAKKUHJNWI,COP,747326.8,1579.36,PRINCIPAL
2025-06-30,Reservación,HMQXPNQBAB,,G-HB7BAKKUHJNWI,COP,1948861.57,1579.36,PRINCIPAL
2025-06-30,Reservación,HMNMYNSRWD,,G-HB7BAKKUHJNWI,COP,428978.68,1579.36,PRINCIPAL
2025-06-30,Reservación,HMWJ8H3BH3,,G-HB7BAKKUHJNWI,COP,272000.0,1579.36,PRINCIPAL
2025-06-30,Reservación,HMR3Z9RRCN,,G-HB7BAKKUHJNWI,COP,199750.0,1579.36,PRINCIPAL
2025-06-30,Reservación,HMC2RFHDPE,,G-HB7BAKKUHJNWI,COP,187153.0,1579.36,PRINCIPAL
2025-06-30,Reservación,HM5RSCQA4Y,,G-HB7BAKKUHJNWI,COP,203116.0,1579.36,PRINCIPAL
2025-06-30,Reservación,HMHQX9NXMM,,G-HB7BAKKUHJNWI,COP,203116.0,1579.36,PRINCIPAL
2025-06-30,Reservación,HMPWM2M4AP,,G-HB7BAKKUHJNWI,COP,164220.0,1579.36,PRINCIPAL
2025-06-30,Reservación,HMJSEMTKS2,,G-HB7BAKKUHJNWI,COP,188700.0,1579.36,PRINCIPAL
2025-06-30,Reservación,HMS9TT2HJK,,G-HB7BAKKUHJNWI,COP,210562.0,1579.36,PRINCIPAL
2025-06-30,Pago de la resolución,HMPTQQMPX3,Cobro de la resolución CLA-BRSKYNKYW4 de la reservación HMPTQQMPX3,G-ADYVN7CJI2IYS,COP,50000.0,37.9,PRINCIPAL
2025-06-30,Reservación,HMRTD3D35J,,G-ADYVN7CJI2IYS,COP,104720.0,37.9,PRINCIPAL
2025-06-30,Reservación,HM85NQ9W45,,G-KMVKKCOHEB4ZI,COP,208071.84,1144.95,PRINCIPAL
2025-06-30,Reservación,HMQ885JXWK,,G-KMVKKCOHEB4ZI,COP,344051.1,1144.95,PRINCIPAL
2025-06-30,Reservación,HMCMSJFWZM,,G-KMVKKCOHEB4ZI,COP,244999.75,1144.95,PRINCIPAL
2025-06-30,Reservación,HMDYJBYYXT,,G-KMVKKCOHEB4ZI,COP,199765.64,1144.95,PRINCIPAL
2025-06-30,Reservación,HMMS3HECQM,,G-KMVKKCOHEB4ZI,COP,337477.2,1144.95,PRINCIPAL
2025-06-30,Reservación,HM3A449BSZ,,G-KMVKKCOHEB4ZI,COP,663456.79,1144.95,PRINCIPAL
2025-06-30,Reservación,HM5SR5YCEC,,G-KMVKKCOHEB4ZI,COP,212500.0,1144.95,PRINCIPAL
2025-06-30,Reservación,HM9QXTATKJ,,G-KMVKKCOHEB4ZI,COP,212500.0,1144.95,PRINCIPAL
2025-06-30,Reservación,HMWF9DXSJ3,,G-KMVKKCOHEB4ZI,COP,157250.0,1144.95,PRINCIPAL
2025-06-30,Reservación,HMJR2ZJPY2,,G-KMVKKCOHEB4ZI,COP,374374.0,1144.95,PRINCIPAL
2025-06-30,Reservación,HMRFZMY32J,,G-KMVKKCOHEB4ZI,COP,402220.0,1144.95,PRINCIPAL
2025-06-30,Reservación,HM89ERDFD5,,G-KMVKKCOHEB4ZI,COP,142800.0,1144.95,PRINCIPAL
2025-06-30,Reservación,HMSCRKCCK3,,G-KMVKKCOHEB4ZI,COP,156201.95,1144.95,PRINCIPAL
2025-06-30,Reservación,HM5R9Z38BH,,G-KMVKKCOHEB4ZI,COP,259250.0,1144.95,PRINCIPAL
2025-06-30,Reservación,HMSC8XKPTN,,G-KMVKKCOHEB4ZI,COP,337025.0,1144.95,PRINCIPAL
2025-06-30,Reservación,HMT2BJHH8E,,G-KMVKKCOHEB4ZI,COP,301750.0,1144.95,PRINCIPAL
2025-06-30,Reservación,HM3D5PRXBS,,G-KMVKKCOHEB4ZI,COP,125262.12,1144.95,PRINCIPAL
2025-06-30,Reservación,HM3A449BSZ,,G-IEPF46KCUM66V,COP,114750.0,28.08,PRINCIPAL
2025-06-30,Reservación,HMRTD3D35J,,G-YBUJ65SHFW2Z3,COP,104720.0,25.6,PRINCIPAL
2025-06-30,Reservación,HM59XMQ2DR,,G-XXT4APFEBFF5M,COP,456450.0,111.57,PRINCIPAL
2025-06-30,Reservación,HM4DBQNSWY,,G-U2LWWVC43NTUA,COP,320057.98,1605.71,PRINCIPAL
2025-06-30,Reservación,HMBTKJTK8B,,G-U2LWWVC43NTUA,COP,254402.96,1605.71,PRINCIPAL
2025-06-30,Reservación,HM8SRJ8RER,,G-U2LWWVC43NTUA,COP,285216.39,1605.71,PRINCIPAL
2025-06-30,Reservación,HMQZBMQX28,,G-U2LWWVC43NTUA,COP,112400.6,1605.71,PRINCIPAL
2025-06-30,Reservación,HM4YSQ2JEN,,G-U2LWWVC43NTUA,COP,235720.81,1605.71,PRINCIPAL
2025-06-30,Reservación,HMKYNXPPDD,,G-U2LWWVC43NTUA,COP,623530.59,1605.71,PRINCIPAL
2025-06-30,Reservación,HM4Q9Y3RJ4,,G-U2LWWVC43NTUA,COP,336297.4,1605.71,PRINCIPAL
2025-06-30,Reservación,HM8XP5AY3N,,G-U2LWWVC43NTUA,COP,326187.5,1605.71,PRINCIPAL
2025-06-30,Reservación,HMZFYZFZF4,,G-U2LWWVC43NTUA,COP,229500.0,1605.71,PRINCIPAL
2025-06-30,Reservación,HMHER9XAT8,,G-U2LWWVC43NTUA,COP,228076.04,1605.71,PRINCIPAL
2025-06-30,Reservación,HM3DK5ASX5,,G-U2LWWVC43NTUA,COP,266900.0,1605.71,PRINCIPAL
2025-06-30,Reservación,HMBXK8XPCZ,,G-U2LWWVC43NTUA,COP,348531.45,1605.71,PRINCIPAL
2025-06-30,Reservación,HMJHCWMC4J,,G-U2LWWVC43NTUA,COP,367404.0,1605.71,PRINCIPAL
2025-06-30,Reservación,HMWQ8CQAWX,,G-U2LWWVC43NTUA,COP,505796.92,1605.71,PRINCIPAL
2025-06-30,Reservación,HME3R5MTEB,,G-U2LWWVC43NTUA,COP,505796.92,1605.71,PRINCIPAL
2025-06-30,Reservación,HMKB8D5NAH,,G-U2LWWVC43NTUA,COP,352781.28,1605.71,PRINCIPAL
2025-06-30,Reservación,HM4J845J55,,G-U2LWWVC43NTUA,COP,140250.0,1605.71,PRINCIPAL
2025-06-30,Reservación,HMP85EKQYQ,,G-U2LWWVC43NTUA,COP,169390.55,1605.71,PRINCIPAL
2025-06-30,Reservación,HMRTD3D35J,,G-U2LWWVC43NTUA,COP,256190.0,1605.71,PRINCIPAL
2025-06-30,Reservación,HMNEFNNFTN,,G-U2LWWVC43NTUA,COP,248497.5,1605.71,PRINCIPAL
2025-06-30,Reservación,HMCBBM2R8Z,,G-U2LWWVC43NTUA,COP,119000.0,1605.71,PRINCIPAL
2025-06-30,Reservación,HMESMD29S9,,G-U2LWWVC43NTUA,COP,194548.0,1605.71,PRINCIPAL
2025-06-30,Reservación,HM2NSNDD5E,,G-U2LWWVC43NTUA,COP,142800.0,1605.71,PRINCIPAL
2025-06-27,Reservación,HM8P4CRBTA,,G-MBLIYOS277TBW,COP,611867.61,1046.58,PRINCIPAL
2025-06-27,Reservación,HMPR4M3EAM,,G-MBLIYOS277TBW,COP,437112.5,1046.58,PRINCIPAL
2025-06-27,Reservación,HMW28MP3M5,,G-MBLIYOS277TBW,COP,361280.6,1046.58,PRINCIPAL
2025-06-27,Reservación,HMZ2YE433K,,G-MBLIYOS277TBW,COP,484500.0,1046.58,PRINCIPAL
2025-06-27,Reservación,HMRWEQQ5EJ,,G-MBLIYOS277TBW,COP,437894.84,1046.58,PRINCIPAL
2025-06-27,Reservación,HMFKWBPYQ5,,G-MBLIYOS277TBW,COP,199765.64,1046.58,PRINCIPAL
2025-06-27,Reservación,HMWTBJABK2,,G-MBLIYOS277TBW,COP,187153.0,1046.58,PRINCIPAL
2025-06-27,Reservación,HMM5ZCXFPS,,G-MBLIYOS277TBW,COP,315350.0,1046.58,PRINCIPAL
2025-06-27,Reservación,HMSF3KDPPB,,G-MBLIYOS277TBW,COP,352781.28,1046.58,PRINCIPAL
2025-06-27,Reservación,HM5F2JB9FS,,G-MBLIYOS277TBW,COP,233197.5,1046.58,PRINCIPAL
2025-06-27,Reservación,HMJRXC3JYY,,G-MBLIYOS277TBW,COP,199765.64,1046.58,PRINCIPAL
2025-06-27,Reservación,HMCDDP4SXY,,G-MBLIYOS277TBW,COP,142800.0,1046.58,PRINCIPAL
2025-06-27,Reservación,HMQTPQ8DTT,,G-MBLIYOS277TBW,COP,163510.25,1046.58,PRINCIPAL
2025-06-27,Reservación,HMCD43RCKK,,G-MBLIYOS277TBW,COP,106894.3,1046.58,PRINCIPAL
2025-06-27,Reservación,HMPSRB43H9,,G-I2YGKB2XHDYW5,COP,1910885.0,472.36,PRINCIPAL
2025-06-30,Reservación,HMKWMPAYAE,,G-6SRSRRUYXIXRB,COP,119448.8,107.44,COLONIA
2025-06-30,Reservación,HMP5MBJ3JY,,G-6SRSRRUYXIXRB,COP,118284.16,107.44,COLONIA
2025-06-30,Reservación,HMW8WRZBSC,,G-6SRSRRUYXIXRB,COP,201309.92,107.44,COLONIA
2025-06-27,Reservación,HMWMTEB5XK,,G-LGZMTMWQFTGFD,COP,211452.8,246.65,COLONIA
2025-06-27,Reservación,HM55WQESBC,,G-LGZMTMWQFTGFD,COP,491649.86,246.65,COLONIA
2025-06-27,Reservación,HMPFPYNR8Z,,G-LGZMTMWQFTGFD,COP,188906.58,246.65,COLONIA
2025-06-27,Reservación,HMS9MPDD4N,,G-LGZMTMWQFTGFD,COP,105797.8,246.65,COLONIA
2025-07-03,Reservación,HMDFKY889S,,G-RL74SQLQAECM3,COP,90312.5,22.63,PRINCIPAL
2025-07-03,Reservación,HM2BM5DSBP,,G-3GFXSN2I3UQQA,COP,106250.0,830.17,PRINCIPAL
2025-07-03,Pago de la resolución,HMNXCERDWE,Cobro de la resolución CLA-CJWJJWCWZN de la reservación HMNXCERDWE,G-3GFXSN2I3UQQA,COP,75000.0,830.17,PRINCIPAL
2025-07-03,Reservación,HM45M53KYK,,G-3GFXSN2I3UQQA,COP,659127.84,830.17,PRINCIPAL
2025-07-03,Reservación,HMMXMAF2FA,,G-3GFXSN2I3UQQA,COP,129281.6,830.17,PRINCIPAL
2025-07-03,Reservación,HM9TTTWJST,,G-3GFXSN2I3UQQA,COP,555883.85,830.17,PRINCIPAL
2025-07-03,Reservación,HM8N38YPK8,,G-3GFXSN2I3UQQA,COP,108800.0,830.17,PRINCIPAL
2025-07-03,Reservación,HMNXCERDWE,,G-3GFXSN2I3UQQA,COP,344590.0,830.17,PRINCIPAL
2025-07-03,Reservación,HM5JD8K5Z8,,G-3GFXSN2I3UQQA,COP,213265.0,830.17,PRINCIPAL
2025-07-03,Reservación,HMBBDEPD35,,G-3GFXSN2I3UQQA,COP,335750.0,830.17,PRINCIPAL
2025-07-03,Reservación,HMTWZZRKM3,,G-3GFXSN2I3UQQA,COP,110576.5,830.17,PRINCIPAL
2025-07-03,Reservación,HM85HAMAK9,,G-3GFXSN2I3UQQA,COP,675070.0,830.17,PRINCIPAL
2025-07-03,Reservación,HM8PWWKHQJ,,G-GWC6ABGWAYCTC,COP,148920.0,37.31,PRINCIPAL
2025-07-03,Reservación,HMNZERDPJ3,,G-OHR4MU4DDHZ6L,COP,92554.8,22.97,PRINCIPAL
2025-07-02,Pago de la resolución,HMAM3D5AYZ,Cobro de la resolución CLA-NKRHHXCCN8 de la reservación HMAM3D5AYZ,G-MHZ3GJD3WHUFC,COP,59980.73,1481.79,PRINCIPAL
2025-07-02,Reservación,HMHCCP5SJX,,G-MHZ3GJD3WHUFC,COP,176655.16,1481.79,PRINCIPAL
2025-07-02,Reservación,HMBPW9RE5N,,G-MHZ3GJD3WHUFC,COP,2449836.0,1481.79,PRINCIPAL
2025-07-02,Reservación,HMQSFMYBCW,,G-MHZ3GJD3WHUFC,COP,326187.5,1481.79,PRINCIPAL
2025-07-02,Reservación,HM2BM5DSBP,,G-MHZ3GJD3WHUFC,COP,269704.15,1481.79,PRINCIPAL
2025-07-02,Reservación,HMM9B43QDE,,G-MHZ3GJD3WHUFC,COP,1070147.62,1481.79,PRINCIPAL
2025-07-02,Reservación,HMAM3D5AYZ,,G-MHZ3GJD3WHUFC,COP,847073.28,1481.79,PRINCIPAL
2025-07-02,Reservación,HM8H8XBAJ9,,G-MHZ3GJD3WHUFC,COP,247265.85,1481.79,PRINCIPAL
2025-07-02,Reservación,HMTNPPTYJM,,G-MHZ3GJD3WHUFC,COP,178500.0,1481.79,PRINCIPAL
2025-07-02,Reservación,HM8PWWKHQJ,,G-MHZ3GJD3WHUFC,COP,344590.0,1481.79,PRINCIPAL
2025-07-01,Reservación,HMMP98J5RP,,G-7XRZWOBNGKGYM,COP,456450.0,111.56,PRINCIPAL
2025-07-01,Reservación,HM4Q9Y3RJ4,,G-XI5FOCEGLN7UV,COP,76500.0,1856.74,PRINCIPAL
2025-07-01,Reservación,HMDFKY889S,,G-XI5FOCEGLN7UV,COP,416500.0,1856.74,PRINCIPAL
2025-07-01,Reservación,HMPREY9CBN,,G-XI5FOCEGLN7UV,COP,1133212.52,1856.74,PRINCIPAL
2025-07-01,Reservación,HMTFYTCCBR,,G-XI5FOCEGLN7UV,COP,245423.26,1856.74,PRINCIPAL
2025-07-01,Reservación,HM843CZ299,,G-XI5FOCEGLN7UV,COP,160642.35,1856.74,PRINCIPAL
2025-07-01,Reservación,HMPTMR3BMA,,G-XI5FOCEGLN7UV,COP,540157.96,1856.74,PRINCIPAL
2025-07-01,Reservación,HMC9TS2Q5M,,G-XI5FOCEGLN7UV,COP,430932.83,1856.74,PRINCIPAL
2025-07-01,Reservación,HMMBC8FWE9,,G-XI5FOCEGLN7UV,COP,342030.01,1856.74,PRINCIPAL
2025-07-01,Reservación,HMZABYKPRP,,G-XI5FOCEGLN7UV,COP,553923.75,1856.74,PRINCIPAL
2025-07-01,Reservación,HMB4JPARA9,,G-XI5FOCEGLN7UV,COP,416500.0,1856.74,PRINCIPAL
2025-07-01,Reservación,HMXE8EMSAQ,,G-XI5FOCEGLN7UV,COP,237958.09,1856.74,PRINCIPAL
2025-07-01,Reservación,HMQNJQH99R,,G-XI5FOCEGLN7UV,COP,422233.04,1856.74,PRINCIPAL
2025-07-01,Reservación,HMNZERDPJ3,,G-XI5FOCEGLN7UV,COP,427645.2,1856.74,PRINCIPAL
2025-07-01,Reservación,HMZMWH9F8C,,G-XI5FOCEGLN7UV,COP,291549.49,1856.74,PRINCIPAL
2025-07-01,Reservación,HMCZYEYYX8,,G-XI5FOCEGLN7UV,COP,328366.9,1856.74,PRINCIPAL
2025-07-01,Reservación,HMF2WN8JYA,,G-XI5FOCEGLN7UV,COP,550190.12,1856.74,PRINCIPAL
2025-07-01,Reservación,HM9BPHEQYE,,G-XI5FOCEGLN7UV,COP,602571.53,1856.74,PRINCIPAL
2025-07-01,Reservación,HM89SW8DBB,,G-XI5FOCEGLN7UV,COP,305252.0,1856.74,PRINCIPAL
2025-07-01,Reservación,HMQAJTXQYX,,G-XI5FOCEGLN7UV,COP,115095.44,1856.74,PRINCIPAL
2025-07-07,Reservación,HMJ5K5S5SH,,G-6TBYV74EYJQLQ,COP,123465.56,114.15,COLONIA
2025-07-07,Reservación,HMQQQBNSD9,,G-6TBYV74EYJQLQ,COP,116627.34,114.15,COLONIA
2025-07-07,Reservación,HM9K3HJJPF,,G-6TBYV74EYJQLQ,COP,216441.96,114.15,COLONIA
2025-07-07,Reservación,HMS59NYB8H,,G-JIGX6XFHWR275,COP,1365185.0,341.33,PRINCIPAL
2025-07-07,Pago de la resolución,HM85HAMAK9,Cobro de la resolución CLA-2EWF8BPZ32 de la reservación HM85HAMAK9,G-JZ7S2WWV3VPS4,COP,75000.0,2133.23,PRINCIPAL
2025-07-07,Pago de la resolución,HMQA99P5ZH,Cobro de la resolución CLA-EPPCXWMEMW de la reservación HMQA99P5ZH,G-JZ7S2WWV3VPS4,COP,20000.0,2133.23,PRINCIPAL
2025-07-07,Reservación,HMQSXWHRBQ,,G-JZ7S2WWV3VPS4,COP,84624.05,2133.23,PRINCIPAL
2025-07-07,Reservación,HM8QD8NB5F,,G-JZ7S2WWV3VPS4,COP,1282446.26,2133.23,PRINCIPAL
2025-07-07,Reservación,HMCWQCPK4N,,G-JZ7S2WWV3VPS4,COP,416500.0,2133.23,PRINCIPAL
2025-07-07,Reservación,HMQA99P5ZH,,G-JZ7S2WWV3VPS4,COP,106250.0,2133.23,PRINCIPAL
2025-07-07,Reservación,HMKZ4NHKPE,,G-JZ7S2WWV3VPS4,COP,323000.0,2133.23,PRINCIPAL
2025-07-07,Reservación,HMY5SEMADP,,G-JZ7S2WWV3VPS4,COP,106250.0,2133.23,PRINCIPAL
2025-07-07,Reservación,HMMWN2E8SR,,G-JZ7S2WWV3VPS4,COP,119000.0,2133.23,PRINCIPAL
2025-07-07,Reservación,HMNW9S83Z8,,G-JZ7S2WWV3VPS4,COP,389399.62,2133.23,PRINCIPAL
2025-07-07,Reservación,HMDQ89NZXA,,G-JZ7S2WWV3VPS4,COP,102000.0,2133.23,PRINCIPAL
2025-07-07,Reservación,HMXY2PJ54Z,,G-JZ7S2WWV3VPS4,COP,106250.0,2133.23,PRINCIPAL
2025-07-07,Reservación,HMMY5FQFFK,,G-JZ7S2WWV3VPS4,COP,731879.15,2133.23,PRINCIPAL
2025-07-07,Reservación,HMQ2J2A2ME,,G-JZ7S2WWV3VPS4,COP,319328.0,2133.23,PRINCIPAL
2025-07-07,Reservación,HMJZJWS5HY,,G-JZ7S2WWV3VPS4,COP,496488.4,2133.23,PRINCIPAL
2025-07-07,Reservación,HM59BYZT89,,G-JZ7S2WWV3VPS4,COP,332520.0,2133.23,PRINCIPAL
2025-07-07,Reservación,HM2HMFR9FD,,G-JZ7S2WWV3VPS4,COP,236300.0,2133.23,PRINCIPAL
2025-07-07,Reservación,HM8SFWNRTT,,G-JZ7S2WWV3VPS4,COP,523294.0,2133.23,PRINCIPAL
2025-07-07,Reservación,HM2CAT5QHS,,G-JZ7S2WWV3VPS4,COP,130333.56,2133.23,PRINCIPAL
2025-07-07,Reservación,HMAZCKCS4F,,G-JZ7S2WWV3VPS4,COP,153000.0,2133.23,PRINCIPAL
2025-07-07,Reservación,HM4WP8M5FK,,G-JZ7S2WWV3VPS4,COP,581647.52,2133.23,PRINCIPAL
2025-07-07,Reservación,HM3B9HH9XH,,G-JZ7S2WWV3VPS4,COP,1462926.07,2133.23,PRINCIPAL
2025-07-07,Reservación,HMZ2JE4JQD,,G-JZ7S2WWV3VPS4,COP,161500.0,2133.23,PRINCIPAL
2025-07-07,Reservación,HMA88E89SC,,G-JZ7S2WWV3VPS4,COP,142800.0,2133.23,PRINCIPAL
2025-07-07,Reservación,HMWQRZ52D3,,G-JZ7S2WWV3VPS4,COP,129200.0,2133.23,PRINCIPAL
2025-07-07,Reservación,HM85HAMAK9,,G-5ZJDS2XKIVPIO,COP,628320.0,157.1,PRINCIPAL
2025-07-07,Reservación,HMBRWJB5RC,,G-VBQWOSPOK25FU,COP,155125.0,38.77,PRINCIPAL
2025-07-07,Reservación,HMN4HJWZJS,,G-EHWMK6PTTXSIF,COP,306551.82,76.65,PRINCIPAL
2025-07-07,Reservación,HMDT9D3CZC,,G-P4XBXKU3O7P6F,COP,275825.0,68.94,PRINCIPAL
2025-07-07,Reservación,HMRJ9QYFYJ,,G-QE6S5YFZ2P6VE,COP,240851.03,2195.44,PRINCIPAL
2025-07-07,Reservación,HM5BJJ23FF,,G-QE6S5YFZ2P6VE,COP,1051008.34,2195.44,PRINCIPAL
2025-07-07,Reservación,HMQACNETN4,,G-QE6S5YFZ2P6VE,COP,176289.15,2195.44,PRINCIPAL
2025-07-07,Reservación,HMXTXJ3DHH,,G-QE6S5YFZ2P6VE,COP,403750.0,2195.44,PRINCIPAL
2025-07-07,Reservación,HMNRKMYR3Z,,G-QE6S5YFZ2P6VE,COP,679803.82,2195.44,PRINCIPAL
2025-07-07,Reservación,HMCD588WZN,,G-QE6S5YFZ2P6VE,COP,339886.44,2195.44,PRINCIPAL
2025-07-07,Reservación,HMYPMCWDAS,,G-QE6S5YFZ2P6VE,COP,206651.15,2195.44,PRINCIPAL
2025-07-07,Reservación,HMX43ATM39,,G-QE6S5YFZ2P6VE,COP,322024.71,2195.44,PRINCIPAL
2025-07-07,Reservación,HMSTSK83QC,,G-QE6S5YFZ2P6VE,COP,520898.02,2195.44,PRINCIPAL
2025-07-07,Reservación,HM33SY2ZNQ,,G-QE6S5YFZ2P6VE,COP,263500.0,2195.44,PRINCIPAL
2025-07-07,Reservación,HMD8F9DQDZ,,G-QE6S5YFZ2P6VE,COP,326187.5,2195.44,PRINCIPAL
2025-07-07,Reservación,HMDPRWQZJJ,,G-QE6S5YFZ2P6VE,COP,267750.0,2195.44,PRINCIPAL
2025-07-07,Reservación,HM3CK9SWJJ,,G-QE6S5YFZ2P6VE,COP,1744951.82,2195.44,PRINCIPAL
2025-07-07,Reservación,HM385FRJYK,,G-QE6S5YFZ2P6VE,COP,182750.0,2195.44,PRINCIPAL
2025-07-07,Reservación,HMDJS8BAXX,,G-QE6S5YFZ2P6VE,COP,416500.0,2195.44,PRINCIPAL
2025-07-07,Reservación,HMZDXYZBK5,,G-QE6S5YFZ2P6VE,COP,106250.0,2195.44,PRINCIPAL
2025-07-07,Reservación,HMBRWJB5RC,,G-QE6S5YFZ2P6VE,COP,225250.0,2195.44,PRINCIPAL
2025-07-07,Reservación,HM33ZE8SB9,,G-QE6S5YFZ2P6VE,COP,150875.0,2195.44,PRINCIPAL
2025-07-07,Reservación,HMCFM9WWSM,,G-QE6S5YFZ2P6VE,COP,1029350.0,2195.44,PRINCIPAL
2025-07-07,Reservación,HMZJTBC8FR,,G-QE6S5YFZ2P6VE,COP,129464.52,2195.44,PRINCIPAL
2025-07-07,Reservación,HMN4HJWZJS,,G-RPIKETGZFMSAX,COP,151898.4,37.96,PRINCIPAL
2025-07-04,Reservación,HMA5CEWP2T,,G-SQBNPTMNVW3VJ,COP,649468.0,1513.36,PRINCIPAL
2025-07-04,Reservación,HMDABWTBKM,,G-SQBNPTMNVW3VJ,COP,1347253.64,1513.36,PRINCIPAL
2025-07-04,Reservación,HMX9RCKXH3,,G-SQBNPTMNVW3VJ,COP,228516.04,1513.36,PRINCIPAL
2025-07-04,Reservación,HMP4KTE2ZD,,G-SQBNPTMNVW3VJ,COP,633961.96,1513.36,PRINCIPAL
2025-07-04,Reservación,HMJZKRRJDR,,G-SQBNPTMNVW3VJ,COP,251137.98,1513.36,PRINCIPAL
2025-07-04,Reservación,HMYS3FXZSA,,G-SQBNPTMNVW3VJ,COP,345950.0,1513.36,PRINCIPAL
2025-07-04,Reservación,HMPWYC3MEF,,G-SQBNPTMNVW3VJ,COP,204158.95,1513.36,PRINCIPAL
2025-07-04,Reservación,HMRKXSSDXR,,G-SQBNPTMNVW3VJ,COP,251073.85,1513.36,PRINCIPAL
2025-07-04,Reservación,HMWDQBWDRS,,G-SQBNPTMNVW3VJ,COP,326187.5,1513.36,PRINCIPAL
2025-07-04,Reservación,HMXFZXQSQQ,,G-SQBNPTMNVW3VJ,COP,102000.0,1513.36,PRINCIPAL
2025-07-04,Reservación,HMRD4C4SCK,,G-SQBNPTMNVW3VJ,COP,93500.0,1513.36,PRINCIPAL
2025-07-04,Reservación,HMB2JNJC8T,,G-SQBNPTMNVW3VJ,COP,203116.0,1513.36,PRINCIPAL
2025-07-04,Reservación,HM92RK39TW,,G-SQBNPTMNVW3VJ,COP,437750.0,1513.36,PRINCIPAL
2025-07-04,Reservación,HMQJMETRRK,,G-SQBNPTMNVW3VJ,COP,140250.0,1513.36,PRINCIPAL
2025-07-04,Reservación,HM3TDZ3Z9S,,G-SQBNPTMNVW3VJ,COP,119000.0,1513.36,PRINCIPAL
2025-07-04,Reservación,HMC4RJWJQ2,,G-SQBNPTMNVW3VJ,COP,355014.4,1513.36,PRINCIPAL
2025-07-04,Reservación,HMN4HJWZJS,,G-SQBNPTMNVW3VJ,COP,347568.4,1513.36,PRINCIPAL
2025-07-08,Reservación,HM3AHAPKHW,,G-K5CSSU3WMYS6Q,COP,6917300.0,2795.66,PRINCIPAL
2025-07-08,Reservación,HMYAXY9D45,,G-K5CSSU3WMYS6Q,COP,326187.5,2795.66,PRINCIPAL
2025-07-08,Reservación,HMW2ZBXBFQ,,G-K5CSSU3WMYS6Q,COP,1327656.26,2795.66,PRINCIPAL
2025-07-08,Reservación,HMBZ8NAN8Z,,G-K5CSSU3WMYS6Q,COP,326187.5,2795.66,PRINCIPAL
2025-07-08,Reservación,HMJTCDTM43,,G-K5CSSU3WMYS6Q,COP,332520.0,2795.66,PRINCIPAL
2025-07-08,Reservación,HM2B59AEQP,,G-K5CSSU3WMYS6Q,COP,217600.0,2795.66,PRINCIPAL
2025-07-08,Reservación,HMRNBZT4JB,,G-K5CSSU3WMYS6Q,COP,153000.0,2795.66,PRINCIPAL
2025-07-08,Reservación,HM2ACJC9F5,,G-K5CSSU3WMYS6Q,COP,161800.05,2795.66,PRINCIPAL
2025-07-08,Reservación,HMZC4FW8JB,,G-K5CSSU3WMYS6Q,COP,631550.0,2795.66,PRINCIPAL
2025-07-08,Reservación,HM45T94K3R,,G-K5CSSU3WMYS6Q,COP,211650.0,2795.66,PRINCIPAL
2025-07-08,Reservación,HMD4M4P3W9,,G-K5CSSU3WMYS6Q,COP,472600.0,2795.66,PRINCIPAL
2025-07-08,Reservación,HM9YXMMMJ8,,G-K5CSSU3WMYS6Q,COP,204000.0,2795.66,PRINCIPAL
2025-07-08,Reservación,HMDJS8BAXX,,G-XA2LOJGHO57QG,COP,180625.0,44.76,PRINCIPAL
2025-07-08,Reservación,HMN4HJWZJS,,G-RIK6TDRXKPU5R,COP,175911.75,43.59,PRINCIPAL
2025-07-07,Reservación,HMRS9EPTJ2,,G-MU5DSZNNLM7MX,COP,1333853.27,1609.61,PRINCIPAL
2025-07-07,Reservación,HMEZBQ33EM,,G-MU5DSZNNLM7MX,COP,502307.13,1609.61,PRINCIPAL
2025-07-07,Reservación,HM3BEJPMCS,,G-MU5DSZNNLM7MX,COP,545995.12,1609.61,PRINCIPAL
2025-07-07,Reservación,HM2SNYTRXF,,G-MU5DSZNNLM7MX,COP,618313.61,1609.61,PRINCIPAL
2025-07-07,Reservación,HM8YA44H3R,,G-MU5DSZNNLM7MX,COP,109743.5,1609.61,PRINCIPAL
2025-07-07,Reservación,HM4F5C5X55,,G-MU5DSZNNLM7MX,COP,167329.87,1609.61,PRINCIPAL
2025-07-07,Reservación,HMSJF33WWE,,G-MU5DSZNNLM7MX,COP,508402.0,1609.61,PRINCIPAL
2025-07-07,Reservación,HMN8FJFPJP,,G-MU5DSZNNLM7MX,COP,485920.55,1609.61,PRINCIPAL
2025-07-07,Reservación,HM9TZSYMZD,,G-MU5DSZNNLM7MX,COP,275504.04,1609.61,PRINCIPAL
2025-07-07,Reservación,HMZDTZWWST,,G-MU5DSZNNLM7MX,COP,1295556.4,1609.61,PRINCIPAL
2025-07-07,Reservación,HMXPDFRJS9,,G-MU5DSZNNLM7MX,COP,200744.5,1609.61,PRINCIPAL
2025-07-07,Reservación,HM94QDCRR9,,G-MU5DSZNNLM7MX,COP,384412.5,1609.61,PRINCIPAL
2025-07-07,Reservación,HM8SFWNRTT,,G-4J75JRHRWOSQ3,COP,128257.35,32.12,PRINCIPAL
2025-07-07,Reservación,HMF2WN8JYA,,G-3XEGNRAOAQV77,COP,615911.02,153.99,PRINCIPAL
2025-07-06,Reservación,HMSXY3YJPP,,G-5FNC3BWKHGYQX,USD,32.2,32.2,BOULERVARD
2025-07-05,Reservación,HMC3S2AXWW,,G-VHTW5N7GG2F4L,USD,34.69,53.05,BOULERVARD
2025-07-05,Reservación,HMQMX4CRXY,,G-VHTW5N7GG2F4L,USD,18.37,53.05,BOULERVARD
2025-07-05,Ajuste de la resolución,HMQMX4CRXY,Ajuste para la resolución 17516759413181,G-VHTW5N7GG2F4L,USD,-0.01,53.05,BOULERVARD
2025-07-09,Reservación,HM2B59AEQP,,G-6DJZ42Y75IIGK,COP,61200.0,2824.8,PRINCIPAL
2025-07-09,Reservación,HMHKF4RK28,,G-6DJZ42Y75IIGK,COP,950457.11,2824.8,PRINCIPAL
2025-07-09,Reservación,HMMHAQ8TT5,,G-6DJZ42Y75IIGK,COP,746286.4,2824.8,PRINCIPAL
2025-07-09,Reservación,HMRETXPNZY,,G-6DJZ42Y75IIGK,COP,267750.0,2824.8,PRINCIPAL
2025-07-09,Reservación,HMPR8JRCHA,,G-6DJZ42Y75IIGK,COP,1184390.0,2824.8,PRINCIPAL
2025-07-09,Reservación,HMFQN5CB5X,,G-6DJZ42Y75IIGK,COP,1306081.32,2824.8,PRINCIPAL
2025-07-09,Reservación,HMY5HN8EJ9,,G-6DJZ42Y75IIGK,COP,563072.64,2824.8,PRINCIPAL
2025-07-09,Reservación,HMSK3SASEE,,G-6DJZ42Y75IIGK,COP,442000.0,2824.8,PRINCIPAL
2025-07-09,Reservación,HMNKKARYQ8,,G-6DJZ42Y75IIGK,COP,817912.5,2824.8,PRINCIPAL
2025-07-09,Reservación,HM9E5SRN3F,,G-6DJZ42Y75IIGK,COP,416500.0,2824.8,PRINCIPAL
2025-07-09,Reservación,HMD9BECT8X,,G-6DJZ42Y75IIGK,COP,505240.0,2824.8,PRINCIPAL
2025-07-09,Reservación,HMB9KYTQW9,,G-6DJZ42Y75IIGK,COP,178500.0,2824.8,PRINCIPAL
2025-07-09,Reservación,HMMCBHJQPW,,G-6DJZ42Y75IIGK,COP,354093.76,2824.8,PRINCIPAL
2025-07-09,Reservación,HM8YN33YXZ,,G-6DJZ42Y75IIGK,COP,2443389.06,2824.8,PRINCIPAL
2025-07-09,Reservación,HMMHM43DNJ,,G-6DJZ42Y75IIGK,COP,170000.0,2824.8,PRINCIPAL
2025-07-09,Reservación,HM5J3ZXSFC,,G-6DJZ42Y75IIGK,COP,269450.0,2824.8,PRINCIPAL
2025-07-09,Reservación,HM3MQKNXJP,,G-6DJZ42Y75IIGK,COP,136000.0,2824.8,PRINCIPAL
2025-07-09,Reservación,HMBXKAEMNW,,G-6DJZ42Y75IIGK,COP,624750.0,2824.8,PRINCIPAL
2025-07-09,Reservación,HM2HMFR9FD,,G-YQH7SW7IDCP6Q,COP,157900.93,39.0,PRINCIPAL
2025-07-14,Reservación,HMD9BECT8X,,G-RKWCL76KXTTYV,COP,201960.0,50.57,PRINCIPAL
2025-07-14,Reservación,HMQ22RFQQ4,,G-MKOTG3GPOJHBF,COP,61412.5,260.78,PRINCIPAL
2025-07-14,Pago de la resolución,HMKMFM8HP5,Reembolso de daños de AirCover para la resolución CLSF-04595324,G-MKOTG3GPOJHBF,COP,980000.0,260.78,PRINCIPAL
2025-07-14,Reservación,HMHRH2TSYD,,G-MPAP7A4JNKWJL,COP,281301.17,1592.48,PRINCIPAL
2025-07-14,Reservación,HMWCMHS25R,,G-MPAP7A4JNKWJL,COP,796437.71,1592.48,PRINCIPAL
2025-07-14,Reservación,HMQF8FTFTJ,,G-MPAP7A4JNKWJL,COP,533274.95,1592.48,PRINCIPAL
2025-07-14,Reservación,HM8RBEN8HN,,G-MPAP7A4JNKWJL,COP,731278.63,1592.48,PRINCIPAL
2025-07-14,Reservación,HMJAHWWJXK,,G-MPAP7A4JNKWJL,COP,254755.79,1592.48,PRINCIPAL
2025-07-14,Reservación,HMDWQWPY3F,,G-MPAP7A4JNKWJL,COP,496400.0,1592.48,PRINCIPAL
2025-07-14,Reservación,HMFFN4KZRJ,,G-MPAP7A4JNKWJL,COP,118611.79,1592.48,PRINCIPAL
2025-07-14,Reservación,HMA3Q3EMAJ,,G-MPAP7A4JNKWJL,COP,422092.15,1592.48,PRINCIPAL
2025-07-14,Reservación,HM4KZASR2Y,,G-MPAP7A4JNKWJL,COP,347862.5,1592.48,PRINCIPAL
2025-07-14,Reservación,HMJ5ZDH383,,G-MPAP7A4JNKWJL,COP,253343.89,1592.48,PRINCIPAL
2025-07-14,Reservación,HMEQTE9QMQ,,G-MPAP7A4JNKWJL,COP,125238.32,1592.48,PRINCIPAL
2025-07-14,Reservación,HMSXPEAJDB,,G-MPAP7A4JNKWJL,COP,146813.7,1592.48,PRINCIPAL
2025-07-14,Reservación,HM4PKB8ZEW,,G-MPAP7A4JNKWJL,COP,169150.0,1592.48,PRINCIPAL
2025-07-14,Reservación,HMEWPP3TNQ,,G-MPAP7A4JNKWJL,COP,203000.4,1592.48,PRINCIPAL
2025-07-14,Reservación,HMQFWAW8F4,,G-MPAP7A4JNKWJL,COP,347568.4,1592.48,PRINCIPAL
2025-07-14,Reservación,HMC9X2FSSE,,G-MPAP7A4JNKWJL,COP,259250.0,1592.48,PRINCIPAL
2025-07-14,Reservación,HMM4YM4Y9M,,G-MPAP7A4JNKWJL,COP,352036.0,1592.48,PRINCIPAL
2025-07-14,Reservación,HM8DBCAZ2Z,,G-MPAP7A4JNKWJL,COP,203116.0,1592.48,PRINCIPAL
2025-07-14,Reservación,HMF4ZY2TR3,,G-MPAP7A4JNKWJL,COP,122825.0,1592.48,PRINCIPAL
2025-07-14,Reservación,HMFXADATFN,,G-MPAP7A4JNKWJL,COP,203116.0,1592.48,PRINCIPAL
2025-07-14,Reservación,HMK3MR5HEE,,G-TIAUSGY64MA4T,COP,444504.1,1474.54,PRINCIPAL
2025-07-14,Reservación,HMZ4PWHXPH,,G-TIAUSGY64MA4T,COP,227676.24,1474.54,PRINCIPAL
2025-07-14,Reservación,HMNFDX4ZMT,,G-TIAUSGY64MA4T,COP,243417.35,1474.54,PRINCIPAL
2025-07-14,Reservación,HMCKJDN9H3,,G-TIAUSGY64MA4T,COP,232700.25,1474.54,PRINCIPAL
2025-07-14,Reservación,HM8W32ERZY,,G-TIAUSGY64MA4T,COP,116785.92,1474.54,PRINCIPAL
2025-07-14,Reservación,HMM8BX5ZMA,,G-TIAUSGY64MA4T,COP,166001.6,1474.54,PRINCIPAL
2025-07-14,Reservación,HMQ22RFQQ4,,G-TIAUSGY64MA4T,COP,258644.29,1474.54,PRINCIPAL
2025-07-14,Reservación,HMWA45DHPS,,G-TIAUSGY64MA4T,COP,342465.0,1474.54,PRINCIPAL
2025-07-14,Reservación,HMJYRX99HJ,,G-TIAUSGY64MA4T,COP,251472.5,1474.54,PRINCIPAL
2025-07-14,Reservación,HM5EAA582Z,,G-TIAUSGY64MA4T,COP,370133.76,1474.54,PRINCIPAL
2025-07-14,Reservación,HMDP2T4NS4,,G-TIAUSGY64MA4T,COP,229500.0,1474.54,PRINCIPAL
2025-07-14,Reservación,HMSTWC9RX8,,G-TIAUSGY64MA4T,COP,479596.35,1474.54,PRINCIPAL
2025-07-14,Reservación,HM8AMAT5MR,,G-TIAUSGY64MA4T,COP,807272.03,1474.54,PRINCIPAL
2025-07-14,Reservación,HM9CFCY82Q,,G-TIAUSGY64MA4T,COP,364976.4,1474.54,PRINCIPAL
2025-07-14,Reservación,HM9KKNRXEZ,,G-TIAUSGY64MA4T,COP,192015.0,1474.54,PRINCIPAL
2025-07-14,Reservación,HMDCKZXJWX,,G-TIAUSGY64MA4T,COP,106250.0,1474.54,PRINCIPAL
2025-07-14,Reservación,HMSDJ9233H,,G-TIAUSGY64MA4T,COP,157250.0,1474.54,PRINCIPAL
2025-07-14,Reservación,HM5254MPRP,,G-TIAUSGY64MA4T,COP,106250.0,1474.54,PRINCIPAL
2025-07-14,Reservación,HMC89WB3Y8,,G-TIAUSGY64MA4T,COP,587612.99,1474.54,PRINCIPAL
2025-07-14,Reservación,HMWZJ5XNXK,,G-TIAUSGY64MA4T,COP,212500.0,1474.54,PRINCIPAL
2025-07-11,Pago de la resolución,HMWHMKDTSS,Cobro de la resolución CLA-M5EPPS95QP de la reservación HMWHMKDTSS,G-VNVHUI7EB2VOB,COP,39981.85,1237.74,PRINCIPAL
2025-07-11,Reservación,HM98DPS8NK,,G-VNVHUI7EB2VOB,COP,335939.81,1237.74,PRINCIPAL
2025-07-11,Reservación,HMDXETYZ4Y,,G-VNVHUI7EB2VOB,COP,139540.08,1237.74,PRINCIPAL
2025-07-11,Reservación,HMDHNRSH2Y,,G-VNVHUI7EB2VOB,COP,342765.26,1237.74,PRINCIPAL
2025-07-11,Reservación,HMY3W3WAA2,,G-VNVHUI7EB2VOB,COP,336100.92,1237.74,PRINCIPAL
2025-07-11,Reservación,HM4ME2ED8R,,G-VNVHUI7EB2VOB,COP,773502.23,1237.74,PRINCIPAL
2025-07-11,Reservación,HMCQYTYM3P,,G-VNVHUI7EB2VOB,COP,368735.07,1237.74,PRINCIPAL
2025-07-11,Reservación,HMA5CMS2CH,,G-VNVHUI7EB2VOB,COP,429046.75,1237.74,PRINCIPAL
2025-07-11,Reservación,HMD8Q8KA5S,,G-VNVHUI7EB2VOB,COP,612000.0,1237.74,PRINCIPAL
2025-07-11,Reservación,HM5CBRYD5B,,G-VNVHUI7EB2VOB,COP,345950.0,1237.74,PRINCIPAL
2025-07-11,Reservación,HMHMQBWSAN,,G-VNVHUI7EB2VOB,COP,130384.05,1237.74,PRINCIPAL
2025-07-11,Reservación,HMPC4P94DT,,G-VNVHUI7EB2VOB,COP,156400.0,1237.74,PRINCIPAL
2025-07-11,Reservación,HMM8MHZ422,,G-VNVHUI7EB2VOB,COP,242930.0,1237.74,PRINCIPAL
2025-07-11,Reservación,HMAF8WYP4S,,G-VNVHUI7EB2VOB,COP,215756.02,1237.74,PRINCIPAL
2025-07-11,Reservación,HMCMZJJN2P,,G-VNVHUI7EB2VOB,COP,499466.8,1237.74,PRINCIPAL
2025-07-10,Pago de la resolución,HMQSXWHRBQ,Reembolso de daños de AirCover para la resolución CLSF-04637543,G-I2LX7X7C4TFVM,COP,487499.25,121.2,PRINCIPAL
2025-07-10,Ajuste,HM5J3ZXSFC,,G-VFLXMUXDNKPZR,COP,-163200.0,659.05,PRINCIPAL
2025-07-10,Ajuste,HMD4M4P3W9,,G-VFLXMUXDNKPZR,COP,-172040.0,659.05,PRINCIPAL
2025-07-10,Ajuste de la resolución,HM8YN33YXZ,Ajuste para la resolución 17521044324044,G-VFLXMUXDNKPZR,COP,-36580.99,659.05,PRINCIPAL
2025-07-10,Ajuste,HM8YN33YXZ,,G-VFLXMUXDNKPZR,COP,-2174527.94,659.05,PRINCIPAL
2025-07-10,Pago de la resolución,HMNW9S83Z8,Cobro de la resolución CLA-HQ8PSMWJB9 de la reservación HMNW9S83Z8,G-VFLXMUXDNKPZR,COP,60001.02,659.05,PRINCIPAL
2025-07-10,Reservación,HMNKKARYQ8,,G-VFLXMUXDNKPZR,COP,223975.0,659.05,PRINCIPAL
2025-07-10,Reservación,HMTERDTAK3,,G-VFLXMUXDNKPZR,COP,552574.37,659.05,PRINCIPAL
2025-07-10,Reservación,HMAXC53XEW,,G-VFLXMUXDNKPZR,COP,342399.38,659.05,PRINCIPAL
2025-07-10,Reservación,HMYPAF9CDX,,G-VFLXMUXDNKPZR,COP,1007051.44,659.05,PRINCIPAL
2025-07-10,Reservación,HM284XHZYY,,G-VFLXMUXDNKPZR,COP,416500.0,659.05,PRINCIPAL
2025-07-10,Reservación,HMWHMKDTSS,,G-VFLXMUXDNKPZR,COP,182750.0,659.05,PRINCIPAL
2025-07-10,Reservación,HMNWAA8329,,G-VFLXMUXDNKPZR,COP,1968749.6,659.05,PRINCIPAL
2025-07-10,Reservación,HM9CX4WW3N,,G-VFLXMUXDNKPZR,COP,118077.58,659.05,PRINCIPAL
2025-07-10,Reservación,HMTEAYZ9KT,,G-VFLXMUXDNKPZR,COP,150875.0,659.05,PRINCIPAL
2025-07-10,Reservación,HMPPNDN55S,,G-VFLXMUXDNKPZR,COP,174250.0,659.05,PRINCIPAL
2025-07-10,Reservación,HMM9NTACFP,,G-YNNESM3JAJ2LZ,COP,3575270.0,878.0,PRINCIPAL
2025-07-10,Ajuste de la resolución,HM5J3ZXSFC,Ajuste para la resolución 17520875919673,G-YNNESM3JAJ2LZ,COP,-20397.88,878.0,PRINCIPAL
2025-07-15,Ajuste de la resolución,HMJ5ZDH383,Ajuste para la resolución 17525523876694,G-IQLUSYYPQL7BE,COP,-116525.8,883.0,PRINCIPAL
2025-07-15,Tarifa de cancelación,HMCZFKWHZ9,,G-IQLUSYYPQL7BE,COP,-205134.77,883.0,PRINCIPAL
2025-07-15,Reservación,HMBZWEDKZC,,G-IQLUSYYPQL7BE,COP,99639.85,883.0,PRINCIPAL
2025-07-15,Reservación,HMNWY8NTNW,,G-IQLUSYYPQL7BE,COP,519267.82,883.0,PRINCIPAL
2025-07-15,Reservación,HMFZCXN8RH,,G-IQLUSYYPQL7BE,COP,598910.0,883.0,PRINCIPAL
2025-07-15,Reservación,HMEF9YYXDP,,G-IQLUSYYPQL7BE,COP,330217.6,883.0,PRINCIPAL
2025-07-15,Reservación,HM8ETTXJM9,,G-IQLUSYYPQL7BE,COP,433500.0,883.0,PRINCIPAL
2025-07-15,Reservación,HMTYXQJ5R9,,G-IQLUSYYPQL7BE,COP,342191.6,883.0,PRINCIPAL
2025-07-15,Reservación,HMTRQCRJHJ,,G-IQLUSYYPQL7BE,COP,779441.16,883.0,PRINCIPAL
2025-07-15,Reservación,HMXXSNN94B,,G-IQLUSYYPQL7BE,COP,300560.0,883.0,PRINCIPAL
2025-07-15,Reservación,HM2PTE5BDS,,G-IQLUSYYPQL7BE,COP,335750.0,883.0,PRINCIPAL
2025-07-15,Reservación,HMSEJ8ZTDS,,G-IQLUSYYPQL7BE,COP,119000.0,883.0,PRINCIPAL
2025-07-15,Reservación,HMNKKARYQ8,,G-DNWR4YP6H24AI,COP,111987.5,28.04,PRINCIPAL
2025-07-14,Reservación,HMA8BWJPNK,,G-25ZZHTWWOCBLW,COP,7059624.49,1878.79,PRINCIPAL
2025-07-14,Reservación,HMEMSDEQ5Q,,G-25ZZHTWWOCBLW,COP,443329.77,1878.79,PRINCIPAL
2025-07-14,Reservación,HMY3245RZS,,G-NMAG6XIHDPETG,COP,950671.96,881.39,PRINCIPAL
2025-07-14,Reservación,HMSMXKFWED,,G-NMAG6XIHDPETG,COP,916247.04,881.39,PRINCIPAL
2025-07-14,Reservación,HMF32RMQZN,,G-NMAG6XIHDPETG,COP,297510.2,881.39,PRINCIPAL
2025-07-14,Reservación,HMQQE8H9ZE,,G-NMAG6XIHDPETG,COP,153000.0,881.39,PRINCIPAL
2025-07-14,Reservación,HMBKFZW42N,,G-NMAG6XIHDPETG,COP,502371.08,881.39,PRINCIPAL
2025-07-14,Reservación,HMXJ22ACW3,,G-NMAG6XIHDPETG,COP,143225.0,881.39,PRINCIPAL
2025-07-14,Reservación,HMC4W4WXDP,,G-NMAG6XIHDPETG,COP,279736.36,881.39,PRINCIPAL
2025-07-14,Reservación,HM4MXJHPJW,,G-NMAG6XIHDPETG,COP,277100.0,881.39,PRINCIPAL
2025-07-14,Reservación,HM3F42NSAZ,,G-OB55XNHBIZFQP,COP,304429.2,105.56,COLONIA
2025-07-14,Reservación,HMYWEY5EDW,,G-OB55XNHBIZFQP,COP,117631.16,105.56,COLONIA
2025-07-14,Reservación,HMJRBDBYYY,,G-CGO7KAZJIO2WT,COP,233936.18,112.95,COLONIA
2025-07-14,Reservación,HMPDYMEC8B,,G-CGO7KAZJIO2WT,COP,217792.1,112.95,COLONIA
2025-07-10,Reservación,HMEW9H5PFR,,G-TTZXPRKQZRBG3,COP,105797.8,203.42,COLONIA
2025-07-10,Reservación,HMRA3RXFDB,,G-TTZXPRKQZRBG3,COP,211452.8,203.42,COLONIA
2025-07-10,Reservación,HMQCNTSEK9,,G-TTZXPRKQZRBG3,COP,107204.04,203.42,COLONIA
2025-07-10,Reservación,HMH4F2H8KQ,,G-TTZXPRKQZRBG3,COP,393791.4,203.42,COLONIA
2025-07-21,Reservación,HMTC5SRQKH,,G-D4NG7LYOJG5FM,COP,67926.57,1477.12,PRINCIPAL
2025-07-21,Reservación,HMYJ3TP3FH,,G-D4NG7LYOJG5FM,COP,872475.91,1477.12,PRINCIPAL
2025-07-21,Reservación,HM5RRFNA49,,G-D4NG7LYOJG5FM,COP,433500.0,1477.12,PRINCIPAL
2025-07-21,Reservación,HMXXNTZXNC,,G-D4NG7LYOJG5FM,COP,420136.64,1477.12,PRINCIPAL
2025-07-21,Reservación,HM9QNXEAX5,,G-D4NG7LYOJG5FM,COP,309679.65,1477.12,PRINCIPAL
2025-07-21,Reservación,HMQCNTF2EJ,,G-D4NG7LYOJG5FM,COP,147900.0,1477.12,PRINCIPAL
2025-07-21,Reservación,HMMTKA52E8,,G-D4NG7LYOJG5FM,COP,472677.35,1477.12,PRINCIPAL
2025-07-21,Reservación,HMDTEC9NJP,,G-D4NG7LYOJG5FM,COP,332520.0,1477.12,PRINCIPAL
2025-07-21,Reservación,HM522XNEHE,,G-D4NG7LYOJG5FM,COP,489260.0,1477.12,PRINCIPAL
2025-07-21,Reservación,HMPMMXYPWH,,G-D4NG7LYOJG5FM,COP,206882.52,1477.12,PRINCIPAL
2025-07-21,Reservación,HMFZQYS2RY,,G-D4NG7LYOJG5FM,COP,170000.0,1477.12,PRINCIPAL
2025-07-21,Reservación,HMYDADJ2MJ,,G-D4NG7LYOJG5FM,COP,1439220.0,1477.12,PRINCIPAL
2025-07-21,Reservación,HMDEY28M5N,,G-D4NG7LYOJG5FM,COP,221499.8,1477.12,PRINCIPAL
2025-07-21,Reservación,HMJPNNTRYH,,G-D4NG7LYOJG5FM,COP,260015.0,1477.12,PRINCIPAL
2025-07-21,Reservación,HMZJ2RPHPA,,G-D4NG7LYOJG5FM,COP,106250.0,1477.12,PRINCIPAL
2025-07-21,Reservación,HMMDE2AMDS,,G-A67LKP4UI7FES,COP,1530509.41,1635.14,PRINCIPAL
2025-07-21,Reservación,HMJ8PEEZHQ,,G-A67LKP4UI7FES,COP,101115.19,1635.14,PRINCIPAL
2025-07-21,Reservación,HM2PKBCPME,,G-A67LKP4UI7FES,COP,710132.5,1635.14,PRINCIPAL
2025-07-21,Reservación,HM2NACEPA9,,G-A67LKP4UI7FES,COP,345860.45,1635.14,PRINCIPAL
2025-07-21,Reservación,HMCMJBNRHE,,G-A67LKP4UI7FES,COP,266050.0,1635.14,PRINCIPAL
2025-07-21,Reservación,HMWXHRQ22A,,G-A67LKP4UI7FES,COP,495975.0,1635.14,PRINCIPAL
2025-07-21,Reservación,HMPEPPJWRZ,,G-A67LKP4UI7FES,COP,208518.26,1635.14,PRINCIPAL
2025-07-21,Reservación,HMFDAWRPBZ,,G-A67LKP4UI7FES,COP,375616.7,1635.14,PRINCIPAL
2025-07-21,Reservación,HMME42QZ3P,,G-A67LKP4UI7FES,COP,119000.0,1635.14,PRINCIPAL
2025-07-21,Reservación,HMW3TJFBJ8,,G-A67LKP4UI7FES,COP,717298.09,1635.14,PRINCIPAL
2025-07-21,Reservación,HMZRC2DJES,,G-A67LKP4UI7FES,COP,157250.0,1635.14,PRINCIPAL
2025-07-21,Reservación,HMZTJMJM3C,,G-A67LKP4UI7FES,COP,140250.0,1635.14,PRINCIPAL
2025-07-21,Reservación,HM2HM5JBBA,,G-A67LKP4UI7FES,COP,210800.0,1635.14,PRINCIPAL
2025-07-21,Reservación,HMYD32XPS9,,G-A67LKP4UI7FES,COP,191250.0,1635.14,PRINCIPAL
2025-07-21,Reservación,HMCWYHFQN5,,G-A67LKP4UI7FES,COP,106250.0,1635.14,PRINCIPAL
2025-07-21,Reservación,HMM8TNPTM9,,G-A67LKP4UI7FES,COP,170000.0,1635.14,PRINCIPAL
2025-07-21,Reservación,HMQB4DQDW2,,G-A67LKP4UI7FES,COP,118611.79,1635.14,PRINCIPAL
2025-07-21,Reservación,HMNZDQNFDA,,G-A67LKP4UI7FES,COP,153000.0,1635.14,PRINCIPAL
2025-07-21,Reservación,HMZXKMDWRE,,G-A67LKP4UI7FES,COP,332894.0,1635.14,PRINCIPAL
2025-07-21,Reservación,HMXXX53R5Q,,G-A67LKP4UI7FES,COP,110869.24,1635.14,PRINCIPAL
2025-07-18,Reservación,HMB44NCHWP,,G-HBGYEBSL32BDS,COP,224138.41,1283.24,PRINCIPAL
2025-07-18,Reservación,HMJYMEKYFZ,,G-HBGYEBSL32BDS,COP,326187.5,1283.24,PRINCIPAL
2025-07-18,Reservación,HMTC5SRQKH,,G-HBGYEBSL32BDS,COP,218914.01,1283.24,PRINCIPAL
2025-07-18,Reservación,HMRDM54TWD,,G-HBGYEBSL32BDS,COP,1036199.44,1283.24,PRINCIPAL
2025-07-18,Reservación,HMZJFP5C9J,,G-HBGYEBSL32BDS,COP,170000.0,1283.24,PRINCIPAL
2025-07-18,Reservación,HM43YFKJWF,,G-HBGYEBSL32BDS,COP,367573.42,1283.24,PRINCIPAL
2025-07-18,Reservación,HMX5SZRTNJ,,G-HBGYEBSL32BDS,COP,630313.25,1283.24,PRINCIPAL
2025-07-18,Reservación,HMEF4CBZ2M,,G-HBGYEBSL32BDS,COP,558620.0,1283.24,PRINCIPAL
2025-07-18,Reservación,HM4E3KKCBT,,G-HBGYEBSL32BDS,COP,463386.0,1283.24,PRINCIPAL
2025-07-18,Reservación,HMKHAK8H2S,,G-HBGYEBSL32BDS,COP,143225.0,1283.24,PRINCIPAL
2025-07-18,Reservación,HMY2SZDJ2R,,G-HBGYEBSL32BDS,COP,300560.0,1283.24,PRINCIPAL
2025-07-18,Reservación,HMHXYXXKPR,,G-HBGYEBSL32BDS,COP,476229.84,1283.24,PRINCIPAL
2025-07-18,Reservación,HM38JHQSTT,,G-HBGYEBSL32BDS,COP,243780.0,1283.24,PRINCIPAL
2025-07-18,Reservación,HMQFPDFTP8,,G-JRDYF7MXZJPQJ,COP,106250.0,26.43,PRINCIPAL
2025-07-17,Reservación,HMYJSNECP5,,G-2OMPLNMD5RQ37,COP,1805483.07,449.63,PRINCIPAL
2025-07-17,Reservación,HMDAQT3CQN,,G-IIVZVJVU7T32M,COP,1139438.91,1305.12,PRINCIPAL
2025-07-17,Reservación,HM2HK8TQ9H,,G-IIVZVJVU7T32M,COP,445400.0,1305.12,PRINCIPAL
2025-07-17,Reservación,HM9M8SSXCQ,,G-IIVZVJVU7T32M,COP,153000.0,1305.12,PRINCIPAL
2025-07-17,Reservación,HMY8ARJE3N,,G-IIVZVJVU7T32M,COP,512163.25,1305.12,PRINCIPAL
2025-07-17,Reservación,HME5P2ZJ22,,G-IIVZVJVU7T32M,COP,229500.0,1305.12,PRINCIPAL
2025-07-17,Reservación,HMPPC38NSW,,G-IIVZVJVU7T32M,COP,244162.5,1305.12,PRINCIPAL
2025-07-17,Reservación,HMSYKRCNZQ,,G-IIVZVJVU7T32M,COP,102000.0,1305.12,PRINCIPAL
2025-07-17,Reservación,HMP8JXZX98,,G-IIVZVJVU7T32M,COP,338172.5,1305.12,PRINCIPAL
2025-07-17,Reservación,HM4S9BYDXM,,G-IIVZVJVU7T32M,COP,1083070.0,1305.12,PRINCIPAL
2025-07-17,Reservación,HM2B4M99TF,,G-IIVZVJVU7T32M,COP,585415.91,1305.12,PRINCIPAL
2025-07-17,Reservación,HM48HWBYWW,,G-IIVZVJVU7T32M,COP,185835.84,1305.12,PRINCIPAL
2025-07-17,Reservación,HM22BP29YK,,G-IIVZVJVU7T32M,COP,222487.5,1305.12,PRINCIPAL
2025-07-17,Reservación,HMNKKARYQ8,,G-ZF3M2Q7ELNJ5G,COP,111987.5,27.77,PRINCIPAL
2025-07-16,Ajuste de la resolución,HM843CZ299,Ajuste para la resolución 17526085458300,G-WAJ5U2DPEVW6M,COP,-43197.3,1172.82,PRINCIPAL
2025-07-16,Reservación,HMRQECBQDP,,G-WAJ5U2DPEVW6M,COP,378623.32,1172.82,PRINCIPAL
2025-07-16,Reservación,HMZ38SQTNZ,,G-WAJ5U2DPEVW6M,COP,697548.74,1172.82,PRINCIPAL
2025-07-16,Reservación,HM9HX2D52X,,G-WAJ5U2DPEVW6M,COP,269031.8,1172.82,PRINCIPAL
2025-07-16,Reservación,HM44SCRM3B,,G-WAJ5U2DPEVW6M,COP,315057.09,1172.82,PRINCIPAL
2025-07-16,Reservación,HMNB53QT35,,G-WAJ5U2DPEVW6M,COP,424490.85,1172.82,PRINCIPAL
2025-07-16,Reservación,HMJRNJWH2P,,G-WAJ5U2DPEVW6M,COP,988566.11,1172.82,PRINCIPAL
2025-07-16,Reservación,HMHXZFTFNE,,G-WAJ5U2DPEVW6M,COP,153000.0,1172.82,PRINCIPAL
2025-07-16,Reservación,HMKYKCZED4,,G-WAJ5U2DPEVW6M,COP,192015.0,1172.82,PRINCIPAL
2025-07-16,Reservación,HMQFPDFTP8,,G-WAJ5U2DPEVW6M,COP,369750.0,1172.82,PRINCIPAL
2025-07-16,Reservación,HM5DZMR9NH,,G-WAJ5U2DPEVW6M,COP,267750.0,1172.82,PRINCIPAL
2025-07-16,Reservación,HMS8YMQNBA,,G-WAJ5U2DPEVW6M,COP,277100.0,1172.82,PRINCIPAL
2025-07-16,Reservación,HMTBD5Y34Q,,G-WAJ5U2DPEVW6M,COP,196456.25,1172.82,PRINCIPAL
2025-07-16,Reservación,HMZHFRZ5HQ,,G-WAJ5U2DPEVW6M,COP,244162.5,1172.82,PRINCIPAL
2025-07-21,Reservación,HMKF8ZP24C,,G-TRJP27WEJUYZX,COP,186095.6,129.44,COLONIA
2025-07-21,Reservación,HMKJRDJZX3,,G-TRJP27WEJUYZX,COP,119448.8,129.44,COLONIA
2025-07-21,Pago de la resolución,HMKJRDJZX3,Cobro de la resolución CLA-3KWZHSDE4X de la reservación HMKJRDJZX3,G-TRJP27WEJUYZX,COP,60000.0,129.44,COLONIA
2025-07-21,Reservación,HMBBR4M3DD,,G-TRJP27WEJUYZX,COP,59238.2,129.44,COLONIA
2025-07-21,Reservación,HMCEBK82RT,,G-TRJP27WEJUYZX,COP,135381.2,129.44,COLONIA
2025-07-21,Ajuste de la resolución,HMCEBK82RT,Ajuste para la resolución 17530279810026,G-TRJP27WEJUYZX,COP,-38781.6,129.44,COLONIA
2025-07-18,Reservación,HMY4RQPWWE,,G-DHGW2G4ENLVMJ,COP,211452.8,118.86,COLONIA
2025-07-18,Reservación,HMNJCJRRDD,,G-DHGW2G4ENLVMJ,COP,266393.4,118.86,COLONIA
2025-07-17,Reservación,HMQ3AHFMK5,,G-HGN4Q4XBBMQ4X,COP,213397.6,108.33,COLONIA
2025-07-17,Reservación,HMWFBY3J3X,,G-HGN4Q4XBBMQ4X,COP,221595.68,108.33,COLONIA
2025-07-18,Reservación,HMRT4AEW5A,,G-6EJMAM4SZMGJX,USD,17.29,138.7,RH
2025-07-18,Reservación,HM43X28B49,,G-6EJMAM4SZMGJX,USD,16.73,138.7,RH
2025-07-18,Reservación,HMDC3KNBJB,,G-6EJMAM4SZMGJX,USD,11.19,138.7,RH
2025-07-18,Reservación,HM5K2EPA8F,,G-6EJMAM4SZMGJX,USD,32.92,138.7,RH
2025-07-18,Reservación,HMWWSHT252,,G-6EJMAM4SZMGJX,USD,60.57,138.7,RH
2025-07-21,Reservación,HMBHAMDBCD,,G-4TRHQ2YI5DG4V,COP,798146.75,1674.08,PRINCIPAL
2025-07-21,Reservación,HMFQ4HSBEX,,G-4TRHQ2YI5DG4V,COP,770858.24,1674.08,PRINCIPAL
2025-07-21,Reservación,HMT3D48NCK,,G-4TRHQ2YI5DG4V,COP,268090.0,1674.08,PRINCIPAL
2025-07-21,Reservación,HMRFXDZZET,,G-4TRHQ2YI5DG4V,COP,782641.34,1674.08,PRINCIPAL
2025-07-21,Reservación,HMN9ZKTCBJ,,G-4TRHQ2YI5DG4V,COP,174250.0,1674.08,PRINCIPAL
2025-07-21,Reservación,HMWZYTEDF2,,G-4TRHQ2YI5DG4V,COP,479137.35,1674.08,PRINCIPAL
2025-07-21,Reservación,HMF3TEEMKR,,G-4TRHQ2YI5DG4V,COP,189945.12,1674.08,PRINCIPAL
2025-07-21,Reservación,HM4D5TQEFH,,G-4TRHQ2YI5DG4V,COP,332894.0,1674.08,PRINCIPAL
2025-07-21,Reservación,HM8FE9FK9K,,G-4TRHQ2YI5DG4V,COP,569500.0,1674.08,PRINCIPAL
2025-07-21,Reservación,HMTTMTSEYK,,G-4TRHQ2YI5DG4V,COP,491059.11,1674.08,PRINCIPAL
2025-07-21,Reservación,HMJE85APRE,,G-4TRHQ2YI5DG4V,COP,720228.8,1674.08,PRINCIPAL
2025-07-21,Reservación,HMMYZX2AR2,,G-4TRHQ2YI5DG4V,COP,306000.0,1674.08,PRINCIPAL
2025-07-21,Reservación,HMEEZWAA5M,,G-4TRHQ2YI5DG4V,COP,484551.0,1674.08,PRINCIPAL
2025-07-21,Reservación,HMA4SMA5NJ,,G-4TRHQ2YI5DG4V,COP,363375.0,1674.08,PRINCIPAL
2025-07-22,Reservación,HMFZCNJJ4F,,G-MLAJKR4Q3OV3T,COP,1183195.57,292.9,PRINCIPAL
2025-07-22,Ajuste de la resolución,HM8FE9FK9K,Ajuste para la resolución 17531483036107,G-SYUW5IUADQEV5,COP,-124000.0,743.92,PRINCIPAL
2025-07-22,Ajuste de la resolución,HMMTKA52E8,Ajuste para la resolución 17531551453824,G-SYUW5IUADQEV5,COP,-110495.47,743.92,PRINCIPAL
2025-07-22,Pago de la resolución,HM38JHQSTT,Reembolso de daños de AirCover para la resolución CLSF-04690246,G-SYUW5IUADQEV5,COP,20000.0,743.92,PRINCIPAL
2025-07-22,Reservación,HMAJHSFWSD,,G-SYUW5IUADQEV5,COP,396125.5,743.92,PRINCIPAL
2025-07-22,Reservación,HMEPQBJ98J,,G-SYUW5IUADQEV5,COP,235777.25,743.92,PRINCIPAL
2025-07-22,Reservación,HMWEJK9Z3X,,G-SYUW5IUADQEV5,COP,182750.0,743.92,PRINCIPAL
2025-07-22,Reservación,HMCXQPEWSP,,G-SYUW5IUADQEV5,COP,335750.0,743.92,PRINCIPAL
2025-07-22,Reservación,HMS4KWZB55,,G-SYUW5IUADQEV5,COP,512625.74,743.92,PRINCIPAL
2025-07-22,Reservación,HMCWBKAD5N,,G-SYUW5IUADQEV5,COP,147050.0,743.92,PRINCIPAL
2025-07-22,Reservación,HM3K4SNJRJ,,G-SYUW5IUADQEV5,COP,425000.0,743.92,PRINCIPAL
2025-07-22,Reservación,HMHEE5JYSK,,G-SYUW5IUADQEV5,COP,426360.0,743.92,PRINCIPAL
2025-07-22,Reservación,HM888RMTSQ,,G-SYUW5IUADQEV5,COP,332894.0,743.92,PRINCIPAL
2025-07-22,Reservación,HMZJWW52YP,,G-SYUW5IUADQEV5,COP,225250.0,743.92,PRINCIPAL
2025-07-22,Reservación,HMZS54NNFX,,G-EFEYFX6UKPIJG,COP,301163.5,396.92,COLONIA
2025-07-22,Reservación,HMH2T4BE8Z,,G-EFEYFX6UKPIJG,COP,989073.6,396.92,COLONIA
2025-07-22,Reservación,HM3CQX4BFY,,G-EFEYFX6UKPIJG,COP,313141.94,396.92,COLONIA
2025-07-24,Reservación,HMDKSTJWJ8,,G-7IKP26ENS7UCJ,COP,793730.0,196.47,PRINCIPAL
2025-07-23,Reservación,HMDQPK8FZS,,G-GTGWDIHQG7HIC,COP,264982.74,723.69,PRINCIPAL
2025-07-23,Reservación,HMFYEN8B2Y,,G-GTGWDIHQG7HIC,COP,347862.5,723.69,PRINCIPAL
2025-07-23,Reservación,HM8BYHARMC,,G-GTGWDIHQG7HIC,COP,315350.0,723.69,PRINCIPAL
2025-07-23,Reservación,HMTHZ2XRQX,,G-GTGWDIHQG7HIC,COP,332520.0,723.69,PRINCIPAL
2025-07-23,Reservación,HMDX3H8EDH,,G-GTGWDIHQG7HIC,COP,819405.25,723.69,PRINCIPAL
2025-07-23,Reservación,HM8P58X8NQ,,G-GTGWDIHQG7HIC,COP,238000.0,723.69,PRINCIPAL
2025-07-23,Reservación,HM94JK4FRJ,,G-GTGWDIHQG7HIC,COP,233325.0,723.69,PRINCIPAL
2025-07-23,Reservación,HMNKZQQMZB,,G-GTGWDIHQG7HIC,COP,225250.0,723.69,PRINCIPAL
2025-07-23,Reservación,HMJKE33ENZ,,G-GTGWDIHQG7HIC,COP,147050.0,723.69,PRINCIPAL
2025-07-24,Ajuste,HMYDADJ2MJ,,G-IPFJ6RE2VDGLJ,COP,-994160.0,1238.63,PRINCIPAL
2025-07-24,Reservación,HMZ2DBXN28,,G-IPFJ6RE2VDGLJ,COP,223238.18,1238.63,PRINCIPAL
2025-07-24,Reservación,HMFAPWXD38,,G-IPFJ6RE2VDGLJ,COP,638908.28,1238.63,PRINCIPAL
2025-07-24,Reservación,HMNFFSNRDN,,G-IPFJ6RE2VDGLJ,COP,174250.0,1238.63,PRINCIPAL
2025-07-24,Reservación,HMJK4ZDS4Z,,G-IPFJ6RE2VDGLJ,COP,187000.0,1238.63,PRINCIPAL
2025-07-24,Reservación,HMMXBPPAS9,,G-IPFJ6RE2VDGLJ,COP,225250.0,1238.63,PRINCIPAL
2025-07-24,Reservación,HMDK4WKNKC,,G-IPFJ6RE2VDGLJ,COP,433500.0,1238.63,PRINCIPAL
2025-07-24,Reservación,HMCJN3F8P9,,G-IPFJ6RE2VDGLJ,COP,395250.0,1238.63,PRINCIPAL
2025-07-24,Reservación,HMMHNY44YH,,G-IPFJ6RE2VDGLJ,COP,360910.0,1238.63,PRINCIPAL
2025-07-24,Reservación,HMXWTQK23K,,G-IPFJ6RE2VDGLJ,COP,347862.5,1238.63,PRINCIPAL
2025-07-24,Reservación,HMJF5PAWY3,,G-IPFJ6RE2VDGLJ,COP,437750.0,1238.63,PRINCIPAL
2025-07-24,Reservación,HM8E5QK8CE,,G-IPFJ6RE2VDGLJ,COP,93500.0,1238.63,PRINCIPAL
2025-07-24,Reservación,HM2FRCYHBF,,G-IPFJ6RE2VDGLJ,COP,573750.0,1238.63,PRINCIPAL
2025-07-24,Reservación,HMQ9N452YA,,G-IPFJ6RE2VDGLJ,COP,345950.0,1238.63,PRINCIPAL
2025-07-24,Reservación,HMD389Z224,,G-IPFJ6RE2VDGLJ,COP,326187.5,1238.63,PRINCIPAL
2025-07-24,Reservación,HMAJFNPSBC,,G-IPFJ6RE2VDGLJ,COP,259250.0,1238.63,PRINCIPAL
2025-07-24,Reservación,HM9X3HJTAX,,G-IPFJ6RE2VDGLJ,COP,285274.19,1238.63,PRINCIPAL
2025-07-24,Reservación,HMSBK4J4JQ,,G-IPFJ6RE2VDGLJ,COP,123250.0,1238.63,PRINCIPAL
2025-07-24,Reservación,HMZTDEACD3,,G-IPFJ6RE2VDGLJ,COP,363596.0,1238.63,PRINCIPAL
2025-07-24,Reservación,HMK4R58JQS,,G-IPFJ6RE2VDGLJ,COP,201602.15,1238.63,PRINCIPAL
2025-07-28,Ajuste de la resolución,HMSSSRSWY2,Ajuste para la resolución 17536383298793,G-PF6XYYFWWQ66O,COP,-49470.0,546.78,PRINCIPAL
2025-07-28,Ajuste de la resolución,HMSSSRSWY2,Ajuste para la resolución 17536383311968,G-PF6XYYFWWQ66O,COP,-40000.0,546.78,PRINCIPAL
2025-07-28,Reservación,HMJHBD5HTF,,G-PF6XYYFWWQ66O,COP,121652.85,546.78,PRINCIPAL
2025-07-28,Reservación,HM3DRXHXCS,,G-PF6XYYFWWQ66O,COP,145600.92,546.78,PRINCIPAL
2025-07-28,Reservación,HMY5PDQB2K,,G-PF6XYYFWWQ66O,COP,171662.6,546.78,PRINCIPAL
2025-07-28,Reservación,HMTNND444Q,,G-PF6XYYFWWQ66O,COP,116785.92,546.78,PRINCIPAL
2025-07-28,Reservación,HMWXWRR9ZA,,G-PF6XYYFWWQ66O,COP,105074.96,546.78,PRINCIPAL
2025-07-28,Reservación,HMMNSXZXJM,,G-PF6XYYFWWQ66O,COP,326187.5,546.78,PRINCIPAL
2025-07-28,Reservación,HMDDSCSK4P,,G-PF6XYYFWWQ66O,COP,127500.0,546.78,PRINCIPAL
2025-07-28,Reservación,HMSWT5MD8X,,G-PF6XYYFWWQ66O,COP,103615.85,546.78,PRINCIPAL
2025-07-28,Reservación,HMD55AJEDF,,G-PF6XYYFWWQ66O,COP,127937.75,546.78,PRINCIPAL
2025-07-28,Reservación,HM4K3RCPJD,,G-PF6XYYFWWQ66O,COP,332894.0,546.78,PRINCIPAL
2025-07-28,Reservación,HMPZ52C892,,G-PF6XYYFWWQ66O,COP,187697.0,546.78,PRINCIPAL
2025-07-28,Reservación,HMNJKM9YW9,,G-PF6XYYFWWQ66O,COP,198866.0,546.78,PRINCIPAL
2025-07-28,Reservación,HMFXEQJD5Q,,G-PF6XYYFWWQ66O,COP,182750.0,546.78,PRINCIPAL
2025-07-28,Reservación,HMD4Y2J495,,G-PF6XYYFWWQ66O,COP,106250.0,546.78,PRINCIPAL
2025-07-28,Reservación,HMCA9WYPP5,,G-SKRJH6AAECLAQ,COP,84524.0,20.4,PRINCIPAL
2025-07-28,Reservación,HMCJBE3TWE,,G-PYV3F6VWUZGOW,COP,297653.85,72.4,PRINCIPAL
2025-07-28,Tarifa de cancelación,HM4QBXE5SJ,,G-WNAPWRKJQ74WI,COP,-201923.32,3728.58,PRINCIPAL
2025-07-28,Reservación,HMS4KWZB55,,G-WNAPWRKJQ74WI,COP,158574.31,3728.58,PRINCIPAL
2025-07-28,Reservación,HM9X3HJTAX,,G-WNAPWRKJQ74WI,COP,62623.67,3728.58,PRINCIPAL
2025-07-28,Reservación,HMBHC2SW4N,,G-WNAPWRKJQ74WI,COP,264982.74,3728.58,PRINCIPAL
2025-07-28,Reservación,HMWTDC9PTR,,G-WNAPWRKJQ74WI,COP,256190.0,3728.58,PRINCIPAL
2025-07-28,Reservación,HMK9B9FBTK,,G-WNAPWRKJQ74WI,COP,2058264.73,3728.58,PRINCIPAL
2025-07-28,Reservación,HMK2ABB3XR,,G-WNAPWRKJQ74WI,COP,315350.0,3728.58,PRINCIPAL
2025-07-28,Reservación,HMMPPPW2Q9,,G-WNAPWRKJQ74WI,COP,2983044.74,3728.58,PRINCIPAL
2025-07-28,Reservación,HMHFDY9TWX,,G-WNAPWRKJQ74WI,COP,224669.45,3728.58,PRINCIPAL
2025-07-28,Reservación,HMSSSRSWY2,,G-WNAPWRKJQ74WI,COP,384412.5,3728.58,PRINCIPAL
2025-07-28,Reservación,HM5JTPNH5P,,G-WNAPWRKJQ74WI,COP,1432250.0,3728.58,PRINCIPAL
2025-07-28,Reservación,HMH98A22DA,,G-WNAPWRKJQ74WI,COP,238000.0,3728.58,PRINCIPAL
2025-07-28,Reservación,HM2NZ9SMHZ,,G-WNAPWRKJQ74WI,COP,231157.5,3728.58,PRINCIPAL
2025-07-28,Reservación,HM4SPJRJKM,,G-WNAPWRKJQ74WI,COP,234260.0,3728.58,PRINCIPAL
2025-07-28,Reservación,HMAD8XYZ3M,,G-WNAPWRKJQ74WI,COP,204000.0,3728.58,PRINCIPAL
2025-07-28,Reservación,HM5S3BA4NE,,G-WNAPWRKJQ74WI,COP,194630.45,3728.58,PRINCIPAL
2025-07-28,Reservación,HMYJHDD3WC,,G-WNAPWRKJQ74WI,COP,265186.53,3728.58,PRINCIPAL
2025-07-28,Reservación,HM8FZTET5Z,,G-WNAPWRKJQ74WI,COP,300560.0,3728.58,PRINCIPAL
2025-07-28,Reservación,HMBBZNR8WC,,G-WNAPWRKJQ74WI,COP,238000.0,3728.58,PRINCIPAL
2025-07-28,Reservación,HMRD343ESD,,G-WNAPWRKJQ74WI,COP,643277.45,3728.58,PRINCIPAL
2025-07-28,Reservación,HMJSQ2Q8JK,,G-WNAPWRKJQ74WI,COP,274206.6,3728.58,PRINCIPAL
2025-07-28,Reservación,HM93TYFNCR,,G-WNAPWRKJQ74WI,COP,187000.0,3728.58,PRINCIPAL
2025-07-28,Reservación,HM3A3XSWF5,,G-WNAPWRKJQ74WI,COP,120190.68,3728.58,PRINCIPAL
2025-07-28,Reservación,HMJR5X3RCQ,,G-WNAPWRKJQ74WI,COP,267750.0,3728.58,PRINCIPAL
2025-07-28,Reservación,HMCJBE3TWE,,G-WNAPWRKJQ74WI,COP,332894.0,3728.58,PRINCIPAL
2025-07-28,Reservación,HMYCT9FJ22,,G-WNAPWRKJQ74WI,COP,225250.0,3728.58,PRINCIPAL
2025-07-28,Reservación,HMXQFPCC9K,,G-WNAPWRKJQ74WI,COP,1592055.18,3728.58,PRINCIPAL
2025-07-28,Reservación,HMMHYT8TR2,,G-WNAPWRKJQ74WI,COP,351509.0,3728.58,PRINCIPAL
2025-07-28,Reservación,HMCSKE8PRE,,G-WNAPWRKJQ74WI,COP,270020.77,3728.58,PRINCIPAL
2025-07-28,Reservación,HMM3TE8CPD,,G-WNAPWRKJQ74WI,COP,123250.0,3728.58,PRINCIPAL
2025-07-28,Reservación,HM4F95W4DW,,G-WNAPWRKJQ74WI,COP,255000.0,3728.58,PRINCIPAL
2025-07-28,Reservación,HM4ASY4BMR,,G-WNAPWRKJQ74WI,COP,206312.0,3728.58,PRINCIPAL
2025-07-28,Reservación,HMSJP9PKJC,,G-WNAPWRKJQ74WI,COP,295260.25,3728.58,PRINCIPAL
2025-07-28,Reservación,HMDZBARCNX,,G-WNAPWRKJQ74WI,COP,206312.0,3728.58,PRINCIPAL
2025-07-28,Reservación,HM44QZMTZ4,,G-WNAPWRKJQ74WI,COP,134130.54,3728.58,PRINCIPAL
2025-07-25,Reservación,HMRY2XQHZF,,G-GYXGNH366G4HM,COP,686449.2,1991.2,PRINCIPAL
2025-07-25,Reservación,HMRBPBNQMR,,G-GYXGNH366G4HM,COP,621215.54,1991.2,PRINCIPAL
2025-07-25,Reservación,HMZNEZTBYQ,,G-GYXGNH366G4HM,COP,416500.0,1991.2,PRINCIPAL
2025-07-25,Reservación,HMA5AKAEKF,,G-GYXGNH366G4HM,COP,365160.0,1991.2,PRINCIPAL
2025-07-25,Reservación,HMFTTBWA9B,,G-GYXGNH366G4HM,COP,295460.0,1991.2,PRINCIPAL
2025-07-25,Reservación,HMYNQXRXKC,,G-GYXGNH366G4HM,COP,506812.5,1991.2,PRINCIPAL
2025-07-25,Reservación,HMFJF3NME3,,G-GYXGNH366G4HM,COP,313650.0,1991.2,PRINCIPAL
2025-07-25,Reservación,HMNPSKSDZR,,G-GYXGNH366G4HM,COP,102384.2,1991.2,PRINCIPAL
2025-07-25,Reservación,HMNHBT2D2A,,G-GYXGNH366G4HM,COP,332894.0,1991.2,PRINCIPAL
2025-07-25,Reservación,HM8WBSB4FD,,G-GYXGNH366G4HM,COP,595362.99,1991.2,PRINCIPAL
2025-07-25,Reservación,HMTBRHXC8D,,G-GYXGNH366G4HM,COP,416500.0,1991.2,PRINCIPAL
2025-07-25,Reservación,HMMSC2KWHK,,G-GYXGNH366G4HM,COP,288585.11,1991.2,PRINCIPAL
2025-07-25,Reservación,HM5D9J4NPC,,G-GYXGNH366G4HM,COP,170000.0,1991.2,PRINCIPAL
2025-07-25,Reservación,HMWCAPKYNP,,G-GYXGNH366G4HM,COP,371913.25,1991.2,PRINCIPAL
2025-07-25,Reservación,HMBA5BNHFM,,G-GYXGNH366G4HM,COP,243780.0,1991.2,PRINCIPAL
2025-07-25,Reservación,HMCA9WYPP5,,G-GYXGNH366G4HM,COP,363596.0,1991.2,PRINCIPAL
2025-07-25,Reservación,HMWKEQ9RB5,,G-GYXGNH366G4HM,COP,140250.0,1991.2,PRINCIPAL
2025-07-25,Reservación,HMPHBEQARN,,G-GYXGNH366G4HM,COP,332894.0,1991.2,PRINCIPAL
2025-07-25,Reservación,HMEFXJZWQJ,,G-GYXGNH366G4HM,COP,187697.0,1991.2,PRINCIPAL
2025-07-25,Reservación,HMQXE3AFFC,,G-GYXGNH366G4HM,COP,187697.0,1991.2,PRINCIPAL
2025-07-25,Reservación,HMMZWA2NSH,,G-GYXGNH366G4HM,COP,478091.0,1991.2,PRINCIPAL
2025-07-25,Reservación,HMRHTEWECF,,G-GYXGNH366G4HM,COP,288830.0,1991.2,PRINCIPAL
2025-07-25,Reservación,HMB35D549T,,G-GYXGNH366G4HM,COP,200334.67,1991.2,PRINCIPAL
2025-07-25,Reservación,HMM8DFXK5B,,G-GYXGNH366G4HM,COP,206312.0,1991.2,PRINCIPAL
2025-07-28,Reservación,HMQZZQJFCH,,G-YR2SWYRANIBQQ,COP,1914011.5,522.56,COLONIA
2025-07-28,Reservación,HMHAN4XYHH,,G-YR2SWYRANIBQQ,COP,234274.28,522.56,COLONIA
2025-07-29,Reservación,HMSDJANMSD,,G-RZNAG6PU5HHCC,USD,27.43,27.43,PRINCIPAL
2025-07-29,Reservación,HM8XJFXEQW,,G-KYNE3AUV572L2,COP,504050.0,1221.98,PRINCIPAL
2025-07-29,Reservación,HMPMJ5W3FC,,G-KYNE3AUV572L2,COP,191250.0,1221.98,PRINCIPAL
2025-07-29,Reservación,HMM8PZEWMA,,G-KYNE3AUV572L2,COP,332520.0,1221.98,PRINCIPAL
2025-07-29,Reservación,HM534R3HF3,,G-KYNE3AUV572L2,COP,240639.59,1221.98,PRINCIPAL
2025-07-29,Reservación,HMK58A5A5K,,G-KYNE3AUV572L2,COP,1599069.44,1221.98,PRINCIPAL
2025-07-29,Reservación,HM94MPENEJ,,G-KYNE3AUV572L2,COP,115822.7,1221.98,PRINCIPAL
2025-07-29,Reservación,HMDWJWXYBY,,G-KYNE3AUV572L2,COP,416500.0,1221.98,PRINCIPAL
2025-07-29,Reservación,HMJP8YHQYH,,G-KYNE3AUV572L2,COP,250750.0,1221.98,PRINCIPAL
2025-07-29,Reservación,HMWPYWTTNN,,G-KYNE3AUV572L2,COP,466378.0,1221.98,PRINCIPAL
2025-07-29,Reservación,HMNAPRTTMZ,,G-KYNE3AUV572L2,COP,161500.0,1221.98,PRINCIPAL
2025-07-29,Reservación,HMERERQFYZ,,G-KYNE3AUV572L2,COP,295460.0,1221.98,PRINCIPAL
2025-07-29,Reservación,HM538HEQ8F,,G-KYNE3AUV572L2,COP,187697.0,1221.98,PRINCIPAL
2025-07-29,Reservación,HMHYSQNDQE,,G-KYNE3AUV572L2,COP,344063.0,1221.98,PRINCIPAL
2025-07-29,Pago de la resolución,HM4F95W4DW,Reembolso de daños de AirCover para la resolución CLSF-04732342,G-AN2Q3JRMKHFZJ,COP,150000.0,35.9,PRINCIPAL
2025-07-28,Reservación,HM955YAPNS,,G-6QMENIOGMN6BU,COP,1406495.0,342.53,PRINCIPAL
2025-07-28,Reservación,HMZSE2R5MW,,G-OD7WXIH7VZRDB,COP,393031.92,1362.48,PRINCIPAL
2025-07-28,Reservación,HMK4FHFKFC,,G-OD7WXIH7VZRDB,COP,283900.0,1362.48,PRINCIPAL
2025-07-28,Reservación,HMQND5NJPE,,G-OD7WXIH7VZRDB,COP,752250.0,1362.48,PRINCIPAL
2025-07-28,Reservación,HMXMCQ9AD9,,G-OD7WXIH7VZRDB,COP,764527.06,1362.48,PRINCIPAL
2025-07-28,Reservación,HMEB4DQ3SZ,,G-OD7WXIH7VZRDB,COP,1960100.0,1362.48,PRINCIPAL
2025-07-28,Reservación,HMMFJSAFHY,,G-OD7WXIH7VZRDB,COP,832981.57,1362.48,PRINCIPAL
2025-07-28,Reservación,HMTH8CWJRP,,G-OD7WXIH7VZRDB,COP,310250.0,1362.48,PRINCIPAL
2025-07-28,Reservación,HM942F5YMW,,G-OD7WXIH7VZRDB,COP,136000.0,1362.48,PRINCIPAL
2025-07-28,Reservación,HMZHFJKYZP,,G-OD7WXIH7VZRDB,COP,161500.0,1362.48,PRINCIPAL
2025-07-28,Pago de la resolución,HMAD8XYZ3M,Cobro de la resolución CLA-H3NJJ233TB de la reservación HMAD8XYZ3M,G-5D3MYNLGB7DHF,COP,90000.0,21.92,PRINCIPAL
2025-07-28,Reservación,HMS4KWZB55,,G-XZSOLJ7QENYYX,COP,87125.0,21.22,PRINCIPAL
2025-07-28,Reservación,HMD8KYEAPK,,G-OGU3XBHE3ZU33,COP,209100.0,50.92,PRINCIPAL
2025-07-28,Reservación,HMA2EY25XX,,G-OD3ZBBAJNCITJ,COP,531393.89,128.28,PRINCIPAL
2025-07-31,Reservación,HMBFD9JD9K,,G-NQPBZQBMCYGZR,COP,1260126.62,304.62,PRINCIPAL
2025-07-30,Ajuste de la resolución,HMFAPWXD38,Ajuste para la resolución 17538404162548,G-R2UIXLVSZTWG2,COP,-210497.04,972.59,PRINCIPAL
2025-07-30,Ajuste de la resolución,HMFAPWXD38,Ajuste para la resolución 17538404164314,G-R2UIXLVSZTWG2,COP,-50000.0,972.59,PRINCIPAL
2025-07-30,Reservación,HMK4FHFKFC,,G-R2UIXLVSZTWG2,COP,71575.19,972.59,PRINCIPAL
2025-07-30,Reservación,HMQ2E9J9YB,,G-R2UIXLVSZTWG2,COP,182750.0,972.59,PRINCIPAL
2025-07-30,Reservación,HMWZKQ5PZK,,G-R2UIXLVSZTWG2,COP,374000.0,972.59,PRINCIPAL
2025-07-30,Reservación,HMRTYC4ZTP,,G-R2UIXLVSZTWG2,COP,416500.0,972.59,PRINCIPAL
2025-07-30,Reservación,HMZ4NJCRJF,,G-R2UIXLVSZTWG2,COP,649400.0,972.59,PRINCIPAL
2025-07-30,Reservación,HMWQ9K3F2S,,G-R2UIXLVSZTWG2,COP,515332.05,972.59,PRINCIPAL
2025-07-30,Reservación,HMAT93B2P8,,G-R2UIXLVSZTWG2,COP,326187.5,972.59,PRINCIPAL
2025-07-30,Reservación,HMCX3WF4N5,,G-R2UIXLVSZTWG2,COP,332894.0,972.59,PRINCIPAL
2025-07-30,Reservación,HMKW8W93CJ,,G-R2UIXLVSZTWG2,COP,162465.6,972.59,PRINCIPAL
2025-07-30,Reservación,HMTA2KNXR5,,G-R2UIXLVSZTWG2,COP,257448.0,972.59,PRINCIPAL
2025-07-30,Reservación,HMTSBWA9CS,,G-R2UIXLVSZTWG2,COP,208250.0,972.59,PRINCIPAL
2025-07-30,Reservación,HMDP9NJFYY,,G-R2UIXLVSZTWG2,COP,332894.0,972.59,PRINCIPAL
2025-07-30,Reservación,HMY9SXNX4Q,,G-R2UIXLVSZTWG2,COP,233325.0,972.59,PRINCIPAL
2025-07-30,Reservación,HMPHPQCKXD,,G-R2UIXLVSZTWG2,COP,114250.2,972.59,PRINCIPAL
2025-07-30,Reservación,HMB24KCP2R,,G-R2UIXLVSZTWG2,COP,106675.0,972.59,PRINCIPAL
2025-07-31,Reservación,HMTSBWA9CS,,G-XEYTEHJWO4D2B,COP,46750.0,1813.64,PRINCIPAL
2025-07-31,Reservación,HMT5EQF9XF,,G-XEYTEHJWO4D2B,COP,1171370.72,1813.64,PRINCIPAL
2025-07-31,Reservación,HM22MJNSJW,,G-XEYTEHJWO4D2B,COP,2871794.16,1813.64,PRINCIPAL
2025-07-31,Reservación,HME92JNPCF,,G-XEYTEHJWO4D2B,COP,443421.8,1813.64,PRINCIPAL
2025-07-31,Reservación,HMMKXJZ348,,G-XEYTEHJWO4D2B,COP,600950.0,1813.64,PRINCIPAL
2025-07-31,Reservación,HM9YTAH3D9,,G-XEYTEHJWO4D2B,COP,325975.0,1813.64,PRINCIPAL
2025-07-31,Reservación,HMM843MP3Q,,G-XEYTEHJWO4D2B,COP,284920.0,1813.64,PRINCIPAL
2025-07-31,Reservación,HMK55YRBC5,,G-XEYTEHJWO4D2B,COP,712810.0,1813.64,PRINCIPAL
2025-07-31,Reservación,HMPTDAWAPP,,G-XEYTEHJWO4D2B,COP,478091.0,1813.64,PRINCIPAL
2025-07-31,Reservación,HMQ4CC3RPE,,G-XEYTEHJWO4D2B,COP,165750.0,1813.64,PRINCIPAL
2025-07-31,Reservación,HM3CW25RTW,,G-XEYTEHJWO4D2B,COP,110500.0,1813.64,PRINCIPAL
2025-07-31,Reservación,HMR8WZAJNF,,G-XEYTEHJWO4D2B,COP,378250.0,1813.64,PRINCIPAL
2025-07-31,Reservación,HMDWJWXYBY,,G-UN6VQHYQSMSXA,COP,248625.0,80.22,PRINCIPAL
2025-07-31,Reservación,HMDWJWXYBY,,G-UN6VQHYQSMSXA,COP,87125.0,80.22,PRINCIPAL
2025-07-31,Reservación,HM28MEDQ83,,G-RFZWG3YMG3OYA,COP,118476.4,112.23,PRINCIPAL
2025-07-31,Reservación,HMHRJ8NCDY,,G-RFZWG3YMG3OYA,COP,114250.2,112.23,PRINCIPAL
2025-07-31,Reservación,HM2HN3WPKY,,G-RFZWG3YMG3OYA,COP,118476.4,112.23,PRINCIPAL
2025-07-31,Reservación,HMCC9FTPXA,,G-RFZWG3YMG3OYA,COP,118476.4,112.23,PRINCIPAL
2025-07-28,Reservación,HMQZZQJFCH,,G-YR2SWYRANIBQQ,COP,1914011.5,522.56,PRINCIPAL
2025-07-28,Reservación,HMHAN4XYHH,,G-YR2SWYRANIBQQ,COP,234274.28,522.56,PRINCIPAL
2025-07-22,Reservación,HMZS54NNFX,,G-EFEYFX6UKPIJG,COP,301163.5,396.92,PRINCIPAL
2025-07-22,Reservación,HMH2T4BE8Z,,G-EFEYFX6UKPIJG,COP,989073.6,396.92,PRINCIPAL
2025-07-22,Reservación,HM3CQX4BFY,,G-EFEYFX6UKPIJG,COP,313141.94,396.92,PRINCIPAL
2025-07-21,Reservación,HMKF8ZP24C,,G-TRJP27WEJUYZX,COP,186095.6,129.44,PRINCIPAL
2025-07-21,Reservación,HMKJRDJZX3,,G-TRJP27WEJUYZX,COP,119448.8,129.44,PRINCIPAL
2025-07-21,Pago de la resolución,HMKJRDJZX3,Cobro de la resolución CLA-3KWZHSDE4X de la reservación HMKJRDJZX3,G-TRJP27WEJUYZX,COP,60000.0,129.44,PRINCIPAL
2025-07-21,Reservación,HMBBR4M3DD,,G-TRJP27WEJUYZX,COP,59238.2,129.44,PRINCIPAL
2025-07-21,Reservación,HMCEBK82RT,,G-TRJP27WEJUYZX,COP,135381.2,129.44,PRINCIPAL
2025-07-21,Ajuste de la resolución,HMCEBK82RT,Ajuste para la resolución 17530279810026,G-TRJP27WEJUYZX,COP,-38781.6,129.44,PRINCIPAL
2025-07-18,Reservación,HMY4RQPWWE,,G-DHGW2G4ENLVMJ,COP,211452.8,118.86,PRINCIPAL
2025-07-18,Reservación,HMNJCJRRDD,,G-DHGW2G4ENLVMJ,COP,266393.4,118.86,PRINCIPAL
2025-07-17,Reservación,HMQ3AHFMK5,,G-HGN4Q4XBBMQ4X,COP,213397.6,108.33,PRINCIPAL
2025-07-17,Reservación,HMWFBY3J3X,,G-HGN4Q4XBBMQ4X,COP,221595.68,108.33,PRINCIPAL
2025-07-14,Reservación,HM3F42NSAZ,,G-OB55XNHBIZFQP,COP,304429.2,105.56,PRINCIPAL
2025-07-14,Reservación,HMYWEY5EDW,,G-OB55XNHBIZFQP,COP,117631.16,105.56,PRINCIPAL
2025-07-14,Reservación,HMJRBDBYYY,,G-CGO7KAZJIO2WT,COP,233936.18,112.95,PRINCIPAL
2025-07-14,Reservación,HMPDYMEC8B,,G-CGO7KAZJIO2WT,COP,217792.1,112.95,PRINCIPAL
2025-07-10,Reservación,HMEW9H5PFR,,G-TTZXPRKQZRBG3,COP,105797.8,203.42,PRINCIPAL
2025-07-10,Reservación,HMRA3RXFDB,,G-TTZXPRKQZRBG3,COP,211452.8,203.42,PRINCIPAL
2025-07-10,Reservación,HMQCNTSEK9,,G-TTZXPRKQZRBG3,COP,107204.04,203.42,PRINCIPAL
2025-07-10,Reservación,HMH4F2H8KQ,,G-TTZXPRKQZRBG3,COP,393791.4,203.42,PRINCIPAL
2025-07-07,Reservación,HMJ5K5S5SH,,G-6TBYV74EYJQLQ,COP,123465.56,114.15,PRINCIPAL
2025-07-07,Reservación,HMQQQBNSD9,,G-6TBYV74EYJQLQ,COP,116627.34,114.15,PRINCIPAL
2025-07-07,Reservación,HM9K3HJJPF,,G-6TBYV74EYJQLQ,COP,216441.96,114.15,PRINCIPAL
2025-08-07,Tarifa de cancelación,HMBEWQRTRE,,G-JII7A2NPLSKIU,COP,-204625.45,769.29,PRINCIPAL
2025-08-07,Reservación,HMZ4NJCRJF,,G-JII7A2NPLSKIU,COP,344250.0,769.29,PRINCIPAL
2025-08-07,Reservación,HMFDPZFTET,,G-JII7A2NPLSKIU,COP,255085.0,769.29,PRINCIPAL
2025-08-07,Reservación,HMPDPJM955,,G-JII7A2NPLSKIU,COP,442850.0,769.29,PRINCIPAL
2025-08-07,Reservación,HMKWBXR2J5,,G-JII7A2NPLSKIU,COP,575875.0,769.29,PRINCIPAL
2025-08-07,Reservación,HMTBNB42Q9,,G-JII7A2NPLSKIU,COP,510970.49,769.29,PRINCIPAL
2025-08-07,Reservación,HMKERWBHD9,,G-JII7A2NPLSKIU,COP,492238.4,769.29,PRINCIPAL
2025-08-07,Reservación,HMMWQHWZ9E,,G-JII7A2NPLSKIU,COP,340340.0,769.29,PRINCIPAL
2025-08-07,Reservación,HMZWYZFPCM,,G-JII7A2NPLSKIU,COP,246500.0,769.29,PRINCIPAL
2025-08-07,Reservación,HMW2JEAZWH,,G-JII7A2NPLSKIU,COP,110500.0,769.29,PRINCIPAL
2025-08-07,Reservación,HMH5RNY3AR,,G-XSPACZ6BYDDHV,COP,306892.5,179.94,PRINCIPAL
2025-08-07,Reservación,HMXP9RS3EM,,G-XSPACZ6BYDDHV,COP,429505.0,179.94,PRINCIPAL
2025-08-06,Reservación,HM3MB8MFPQ,,G-A66TXRHWCVKDT,COP,214508.21,377.73,PRINCIPAL
2025-08-06,Reservación,HMYYQTQHYA,,G-A66TXRHWCVKDT,COP,140250.0,377.73,PRINCIPAL
2025-08-06,Reservación,HMTRJR95WE,,G-A66TXRHWCVKDT,COP,396270.0,377.73,PRINCIPAL
2025-08-06,Reservación,HM9QSNXZ5J,,G-A66TXRHWCVKDT,COP,326187.5,377.73,PRINCIPAL
2025-08-06,Reservación,HMR8BF3DA9,,G-A66TXRHWCVKDT,COP,256190.0,377.73,PRINCIPAL
2025-08-06,Reservación,HMMF9KQ8R8,,G-A66TXRHWCVKDT,COP,212500.0,377.73,PRINCIPAL
2025-08-05,Reservación,HMKQDCY93K,,G-CWMJEJR5JCAXO,COP,1334174.43,1747.63,PRINCIPAL
2025-08-05,Reservación,HMAK9E2WK8,,G-CWMJEJR5JCAXO,COP,690744.0,1747.63,PRINCIPAL
2025-08-05,Reservación,HM22TW9KZH,,G-CWMJEJR5JCAXO,COP,423230.28,1747.63,PRINCIPAL
2025-08-05,Reservación,HMRWHPXXJR,,G-CWMJEJR5JCAXO,COP,369044.5,1747.63,PRINCIPAL
2025-08-05,Reservación,HMD5YYA83Z,,G-CWMJEJR5JCAXO,COP,843108.66,1747.63,PRINCIPAL
2025-08-05,Reservación,HMQWXS4QRF,,G-CWMJEJR5JCAXO,COP,476655.45,1747.63,PRINCIPAL
2025-08-05,Reservación,HMF43PEKZ2,,G-CWMJEJR5JCAXO,COP,456662.5,1747.63,PRINCIPAL
2025-08-05,Reservación,HMSQ2YEWDA,,G-CWMJEJR5JCAXO,COP,607437.41,1747.63,PRINCIPAL
2025-08-05,Reservación,HMQ9BBFR5E,,G-CWMJEJR5JCAXO,COP,586500.0,1747.63,PRINCIPAL
2025-08-05,Reservación,HMKD8AFCDA,,G-CWMJEJR5JCAXO,COP,153000.0,1747.63,PRINCIPAL
2025-08-05,Reservación,HMCTSQ8EPT,,G-CWMJEJR5JCAXO,COP,259250.0,1747.63,PRINCIPAL
2025-08-05,Reservación,HMAX9PJFKR,,G-CWMJEJR5JCAXO,COP,127500.0,1747.63,PRINCIPAL
2025-08-05,Reservación,HMPPF8HCRN,,G-CWMJEJR5JCAXO,COP,326187.5,1747.63,PRINCIPAL
2025-08-05,Reservación,HM8NX2DRPF,,G-CWMJEJR5JCAXO,COP,340340.0,1747.63,PRINCIPAL
2025-08-05,Reservación,HMMKXJZ348,,G-CWMJEJR5JCAXO,COP,168300.0,1747.63,PRINCIPAL
2025-08-04,Reservación,HMXX3KQM54,,G-XS5BG6BS2DXZK,COP,593807.09,1076.7,PRINCIPAL
2025-08-04,Reservación,HM4SZEHXYS,,G-XS5BG6BS2DXZK,COP,926500.0,1076.7,PRINCIPAL
2025-08-04,Reservación,HMXC8DD4NQ,,G-XS5BG6BS2DXZK,COP,524160.45,1076.7,PRINCIPAL
2025-08-04,Reservación,HM2ESB8FP4,,G-XS5BG6BS2DXZK,COP,324887.85,1076.7,PRINCIPAL
2025-08-04,Reservación,HM5K2HSFAH,,G-XS5BG6BS2DXZK,COP,259250.0,1076.7,PRINCIPAL
2025-08-04,Reservación,HMB4BW52NB,,G-XS5BG6BS2DXZK,COP,140250.0,1076.7,PRINCIPAL
2025-08-04,Reservación,HMKA39E92Y,,G-XS5BG6BS2DXZK,COP,880175.0,1076.7,PRINCIPAL
2025-08-04,Reservación,HMNRJCQY3K,,G-XS5BG6BS2DXZK,COP,116785.92,1076.7,PRINCIPAL
2025-08-04,Reservación,HMH8EBYWM5,,G-XS5BG6BS2DXZK,COP,675070.0,1076.7,PRINCIPAL
2025-08-04,Reservación,HMWQSM8QSA,,G-LJPCWUI7HTEIA,COP,110500.0,26.79,PRINCIPAL
2025-08-04,Reservación,HMAMHM4BTP,,G-6CLRELLH7X4Z3,COP,80750.0,1150.36,PRINCIPAL
2025-08-04,Reservación,HM22JM45E2,,G-6CLRELLH7X4Z3,COP,160628.24,1150.36,PRINCIPAL
2025-08-04,Reservación,HMANEACQ2W,,G-6CLRELLH7X4Z3,COP,178539.44,1150.36,PRINCIPAL
2025-08-04,Reservación,HMZWE9TDZM,,G-6CLRELLH7X4Z3,COP,181443.04,1150.36,PRINCIPAL
2025-08-04,Reservación,HMAT3C2B32,,G-6CLRELLH7X4Z3,COP,251137.98,1150.36,PRINCIPAL
2025-08-04,Reservación,HM2JY3MA38,,G-6CLRELLH7X4Z3,COP,165869.0,1150.36,PRINCIPAL
2025-08-04,Reservación,HMWQSM8QSA,,G-6CLRELLH7X4Z3,COP,232050.0,1150.36,PRINCIPAL
2025-08-04,Reservación,HM8WRNDHDC,,G-6CLRELLH7X4Z3,COP,114250.2,1150.36,PRINCIPAL
2025-08-04,Reservación,HMEC592PWN,,G-6CLRELLH7X4Z3,COP,493000.0,1150.36,PRINCIPAL
2025-08-04,Reservación,HM2FBNW4KQ,,G-6CLRELLH7X4Z3,COP,459000.0,1150.36,PRINCIPAL
2025-08-04,Reservación,HMKXDWQ5P3,,G-6CLRELLH7X4Z3,COP,476000.0,1150.36,PRINCIPAL
2025-08-04,Reservación,HMHXJA2P4F,,G-6CLRELLH7X4Z3,COP,187697.0,1150.36,PRINCIPAL
2025-08-04,Reservación,HMXKF5N5SA,,G-6CLRELLH7X4Z3,COP,127500.0,1150.36,PRINCIPAL
2025-08-04,Reservación,HM9MFQXTWQ,,G-6CLRELLH7X4Z3,COP,136000.0,1150.36,PRINCIPAL
2025-08-04,Reservación,HMRM5T3JJX,,G-6CLRELLH7X4Z3,COP,198866.0,1150.36,PRINCIPAL
2025-08-04,Reservación,HM3QQ22WST,,G-6CLRELLH7X4Z3,COP,165173.7,1150.36,PRINCIPAL
2025-08-04,Reservación,HMA25PPMQD,,G-6CLRELLH7X4Z3,COP,182750.0,1150.36,PRINCIPAL
2025-08-04,Reservación,HMD3EQBA3E,,G-6CLRELLH7X4Z3,COP,153000.0,1150.36,PRINCIPAL
2025-08-04,Reservación,HMW9BAFNHX,,G-6CLRELLH7X4Z3,COP,347786.0,1150.36,PRINCIPAL
2025-08-04,Reservación,HM454XP8PQ,,G-6CLRELLH7X4Z3,COP,198866.0,1150.36,PRINCIPAL
2025-08-04,Reservación,HMANWJ2RPA,,G-6CLRELLH7X4Z3,COP,255000.0,1150.36,PRINCIPAL
2025-08-04,Ajuste de la resolución,HMM8PZEWMA,Ajuste para la resolución 17540876759614,G-N6HEJMNTLC572,COP,-99339.0,1483.48,PRINCIPAL
2025-08-04,Reservación,HMHSTDZ8SM,,G-N6HEJMNTLC572,COP,174056.2,1483.48,PRINCIPAL
2025-08-04,Reservación,HMBM2B89BW,,G-N6HEJMNTLC572,COP,168834.48,1483.48,PRINCIPAL
2025-08-04,Reservación,HMXZECZZHC,,G-N6HEJMNTLC572,COP,168066.25,1483.48,PRINCIPAL
2025-08-04,Reservación,HMJKCSB4WJ,,G-N6HEJMNTLC572,COP,166476.92,1483.48,PRINCIPAL
2025-08-04,Reservación,HMFYFMXBAA,,G-N6HEJMNTLC572,COP,626205.62,1483.48,PRINCIPAL
2025-08-04,Reservación,HM3NW5QS5A,,G-N6HEJMNTLC572,COP,470030.66,1483.48,PRINCIPAL
2025-08-04,Reservación,HMQ98PWE2C,,G-N6HEJMNTLC572,COP,415437.5,1483.48,PRINCIPAL
2025-08-04,Reservación,HMWSKQQDH4,,G-N6HEJMNTLC572,COP,360910.0,1483.48,PRINCIPAL
2025-08-04,Reservación,HMA2NCJ3BJ,,G-N6HEJMNTLC572,COP,252960.0,1483.48,PRINCIPAL
2025-08-04,Reservación,HM2K83N8X5,,G-N6HEJMNTLC572,COP,300894.7,1483.48,PRINCIPAL
2025-08-04,Reservación,HMAMHM4BTP,,G-N6HEJMNTLC572,COP,276250.0,1483.48,PRINCIPAL
2025-08-04,Reservación,HMKAKTRNB5,,G-N6HEJMNTLC572,COP,246500.0,1483.48,PRINCIPAL
2025-08-04,Reservación,HMQR42DHR9,,G-N6HEJMNTLC572,COP,239912.5,1483.48,PRINCIPAL
2025-08-04,Reservación,HMW985CSQ5,,G-N6HEJMNTLC572,COP,139556.4,1483.48,PRINCIPAL
2025-08-04,Reservación,HMNPSN4MNR,,G-N6HEJMNTLC572,COP,243666.67,1483.48,PRINCIPAL
2025-08-04,Reservación,HMJ4TD5RYF,,G-N6HEJMNTLC572,COP,200600.0,1483.48,PRINCIPAL
2025-08-04,Reservación,HMCX49EXEF,,G-N6HEJMNTLC572,COP,110024.0,1483.48,PRINCIPAL
2025-08-04,Reservación,HMZJATHSZY,,G-N6HEJMNTLC572,COP,408000.0,1483.48,PRINCIPAL
2025-08-04,Reservación,HMP3HAXCCX,,G-N6HEJMNTLC572,COP,195500.0,1483.48,PRINCIPAL
2025-08-04,Reservación,HMPWT3HKA3,,G-N6HEJMNTLC572,COP,114250.2,1483.48,PRINCIPAL
2025-08-04,Reservación,HMFQ3KKBZB,,G-N6HEJMNTLC572,COP,114250.2,1483.48,PRINCIPAL
2025-08-04,Reservación,HMCST4KWFQ,,G-N6HEJMNTLC572,COP,165869.0,1483.48,PRINCIPAL
2025-08-04,Reservación,HMDNJMSBPK,,G-N6HEJMNTLC572,COP,153000.0,1483.48,PRINCIPAL
2025-08-04,Reservación,HMMH9A3QNR,,G-N6HEJMNTLC572,COP,505786.55,1483.48,PRINCIPAL
2025-08-01,Reservación,HMKDMPDDXC,,G-AZQGMNNZMQZHQ,COP,1549369.87,2136.97,PRINCIPAL
2025-08-01,Reservación,HM2W5NEA3R,,G-AZQGMNNZMQZHQ,COP,255605.45,2136.97,PRINCIPAL
2025-08-01,Reservación,HMBSQSQWCX,,G-AZQGMNNZMQZHQ,COP,156530.56,2136.97,PRINCIPAL
2025-08-01,Reservación,HMTT95CSC3,,G-AZQGMNNZMQZHQ,COP,316976.05,2136.97,PRINCIPAL
2025-08-01,Reservación,HM532CHCJJ,,G-AZQGMNNZMQZHQ,COP,244327.23,2136.97,PRINCIPAL
2025-08-01,Reservación,HMSTYJZD2P,,G-AZQGMNNZMQZHQ,COP,307081.41,2136.97,PRINCIPAL
2025-08-01,Reservación,HMWFZHRQC4,,G-AZQGMNNZMQZHQ,COP,279072.0,2136.97,PRINCIPAL
2025-08-01,Reservación,HM4HFP2FZE,,G-AZQGMNNZMQZHQ,COP,416500.0,2136.97,PRINCIPAL
2025-08-01,Reservación,HM5J2BKAMY,,G-AZQGMNNZMQZHQ,COP,110500.0,2136.97,PRINCIPAL
2025-08-01,Reservación,HMNFAPDSA4,,G-AZQGMNNZMQZHQ,COP,469016.4,2136.97,PRINCIPAL
2025-08-01,Reservación,HMBF3DQNSY,,G-AZQGMNNZMQZHQ,COP,626450.0,2136.97,PRINCIPAL
2025-08-01,Reservación,HMNN2JHHRD,,G-AZQGMNNZMQZHQ,COP,503625.0,2136.97,PRINCIPAL
2025-08-01,Reservación,HMKSZMFN33,,G-AZQGMNNZMQZHQ,COP,263500.0,2136.97,PRINCIPAL
2025-08-01,Reservación,HMJJZ5DK2Z,,G-AZQGMNNZMQZHQ,COP,1897285.0,2136.97,PRINCIPAL
2025-08-01,Reservación,HMRWNX45PA,,G-AZQGMNNZMQZHQ,COP,102000.0,2136.97,PRINCIPAL
2025-08-01,Reservación,HMT8CZC4RZ,,G-AZQGMNNZMQZHQ,COP,276250.0,2136.97,PRINCIPAL
2025-08-01,Reservación,HMKX5TCBX3,,G-AZQGMNNZMQZHQ,COP,161614.75,2136.97,PRINCIPAL
2025-08-01,Reservación,HMNMT5YSPS,,G-AZQGMNNZMQZHQ,COP,161500.0,2136.97,PRINCIPAL
2025-08-01,Reservación,HMY8Y59TJE,,G-AZQGMNNZMQZHQ,COP,161500.0,2136.97,PRINCIPAL
2025-08-01,Reservación,HMA3PSEB9T,,G-AZQGMNNZMQZHQ,COP,538378.41,2136.97,PRINCIPAL
2025-08-01,Ajuste de la resolución,HM5J2BKAMY,Ajuste para la resolución 17540093778397,G-AZQGMNNZMQZHQ,COP,-26963.8,2136.97,PRINCIPAL
2025-08-01,Ajuste de la resolución,HM5J2BKAMY,Ajuste para la resolución 17540093775293,G-AZQGMNNZMQZHQ,COP,-39979.2,2136.97,PRINCIPAL
2025-08-01,Reservación,HMHJEBW2SH,,G-AZQGMNNZMQZHQ,COP,214203.4,2136.97,PRINCIPAL
2025-08-07,Reservación,HMRJE3FJYW,,G-26MC7EJKFEEGH,COP,304429.2,102.04,COLONIA
2025-08-07,Reservación,HMJZXKWT55,,G-26MC7EJKFEEGH,COP,108608.78,102.04,COLONIA
2025-08-06,Reservación,HMDPPDJDAH,,G-K7NABO2JQ3V6I,COP,211452.8,105.44,COLONIA
2025-08-06,Reservación,HM3NFQECKT,,G-K7NABO2JQ3V6I,COP,114250.2,105.44,COLONIA
2025-08-06,Reservación,HM8NNN2X58,,G-K7NABO2JQ3V6I,COP,105797.8,105.44,COLONIA
2025-08-04,Reservación,HMQZQJSE5E,,G-3XYRJUGFLE77X,COP,113226.19,166.43,COLONIA
2025-08-04,Reservación,HMNNZTDRZR,,G-3XYRJUGFLE77X,COP,135508.7,166.43,COLONIA
2025-08-04,Reservación,HMC9CSWQ28,,G-3XYRJUGFLE77X,COP,191988.34,166.43,COLONIA
2025-08-04,Reservación,HMZRE4MZZJ,,G-3XYRJUGFLE77X,COP,135508.36,166.43,COLONIA
2025-08-04,Reservación,HMMQ4JBSZD,,G-3XYRJUGFLE77X,COP,110304.5,166.43,COLONIA
2025-08-01,Reservación,HMFNZRXDHR,,G-DYTHJLPOBXSWG,COP,583358.4,168.69,COLONIA
2025-08-01,Reservación,HMASP33QJE,,G-DYTHJLPOBXSWG,COP,122702.6,168.69,COLONIA
2025-07-31,Reservación,HM28MEDQ83,,G-RFZWG3YMG3OYA,COP,118476.4,112.23,COLONIA
2025-07-31,Reservación,HMHRJ8NCDY,,G-RFZWG3YMG3OYA,COP,114250.2,112.23,COLONIA
2025-07-31,Reservación,HM2HN3WPKY,,G-RFZWG3YMG3OYA,COP,118476.4,112.23,COLONIA
2025-07-31,Reservación,HMCC9FTPXA,,G-RFZWG3YMG3OYA,COP,118476.4,112.23,COLONIA
2025-08-04,Reservación,HMHW92XYZT,,G-GA5B6O4O62F37,USD,27.18,130.66,RH
2025-08-04,Reservación,HM93X5BQ34,,G-GA5B6O4O62F37,USD,103.48,130.66,RH
2025-08-11,Pago de la resolución,HMZJ4WCSJP,Cobro de la resolución CLA-TDCY2MWDYN de la reservación HMZJ4WCSJP,G-27PZ43FB5P73S,COP,79999.02,1729.13,PRINCIPAL
2025-08-11,Reservación,HMK9E492HT,,G-27PZ43FB5P73S,COP,1040862.23,1729.13,PRINCIPAL
2025-08-11,Reservación,HMFP5T9Q28,,G-27PZ43FB5P73S,COP,199750.0,1729.13,PRINCIPAL
2025-08-11,Reservación,HMJCNTHRPK,,G-27PZ43FB5P73S,COP,626160.28,1729.13,PRINCIPAL
2025-08-11,Reservación,HM54NWNWXX,,G-27PZ43FB5P73S,COP,430720.54,1729.13,PRINCIPAL
2025-08-11,Reservación,HMBSA8TMA8,,G-27PZ43FB5P73S,COP,317858.69,1729.13,PRINCIPAL
2025-08-11,Reservación,HMYWDHXFF5,,G-27PZ43FB5P73S,COP,394750.29,1729.13,PRINCIPAL
2025-08-11,Reservación,HM8BXC8X3P,,G-27PZ43FB5P73S,COP,356184.0,1729.13,PRINCIPAL
2025-08-11,Reservación,HMQMABSM5F,,G-27PZ43FB5P73S,COP,431975.1,1729.13,PRINCIPAL
2025-08-11,Reservación,HM3PH9WFBQ,,G-27PZ43FB5P73S,COP,144500.0,1729.13,PRINCIPAL
2025-08-11,Reservación,HMYB5TDC9X,,G-27PZ43FB5P73S,COP,116785.92,1729.13,PRINCIPAL
2025-08-11,Reservación,HM2XTMKQXM,,G-27PZ43FB5P73S,COP,410483.02,1729.13,PRINCIPAL
2025-08-11,Reservación,HMQ2CBP5D5,,G-27PZ43FB5P73S,COP,210800.0,1729.13,PRINCIPAL
2025-08-11,Reservación,HMZRXNT9F9,,G-27PZ43FB5P73S,COP,106250.0,1729.13,PRINCIPAL
2025-08-11,Reservación,HMQWHXXJCJ,,G-27PZ43FB5P73S,COP,194398.4,1729.13,PRINCIPAL
2025-08-11,Reservación,HMK2FNFJCX,,G-27PZ43FB5P73S,COP,161500.0,1729.13,PRINCIPAL
2025-08-11,Reservación,HMYJFW88QF,,G-27PZ43FB5P73S,COP,229500.0,1729.13,PRINCIPAL
2025-08-11,Reservación,HM95PXW3Y4,,G-27PZ43FB5P73S,COP,343318.4,1729.13,PRINCIPAL
2025-08-11,Reservación,HMRE58MDNM,,G-27PZ43FB5P73S,COP,206312.0,1729.13,PRINCIPAL
2025-08-11,Reservación,HMC8AYY4KQ,,G-27PZ43FB5P73S,COP,206312.0,1729.13,PRINCIPAL
2025-08-11,Reservación,HMYFPPRW4M,,G-27PZ43FB5P73S,COP,206312.0,1729.13,PRINCIPAL
2025-08-11,Reservación,HMMKFT5WDW,,G-27PZ43FB5P73S,COP,396270.0,1729.13,PRINCIPAL
2025-08-11,Reservación,HMZJ4WCSJP,,G-27PZ43FB5P73S,COP,194398.4,1729.13,PRINCIPAL
2025-08-11,Ajuste de la resolución,HMQ9BBFR5E,Ajuste para la resolución 17547000864196,G-YAEYCJY4VNPBH,COP,-140760.0,1699.77,PRINCIPAL
2025-08-11,Reservación,HMS2ZSYAPJ,,G-YAEYCJY4VNPBH,COP,634440.85,1699.77,PRINCIPAL
2025-08-11,Reservación,HMR4A5QE94,,G-YAEYCJY4VNPBH,COP,215128.58,1699.77,PRINCIPAL
2025-08-11,Reservación,HM3R8SSEWC,,G-YAEYCJY4VNPBH,COP,294732.74,1699.77,PRINCIPAL
2025-08-11,Reservación,HMR34B3PYA,,G-YAEYCJY4VNPBH,COP,346616.4,1699.77,PRINCIPAL
2025-08-11,Reservación,HMHN5ZTSPY,,G-YAEYCJY4VNPBH,COP,1014900.0,1699.77,PRINCIPAL
2025-08-11,Reservación,HMN8WQ5C4Y,,G-YAEYCJY4VNPBH,COP,140250.0,1699.77,PRINCIPAL
2025-08-11,Reservación,HMH4QHA9S2,,G-YAEYCJY4VNPBH,COP,340000.0,1699.77,PRINCIPAL
2025-08-11,Reservación,HMJSKNWMMB,,G-YAEYCJY4VNPBH,COP,326187.5,1699.77,PRINCIPAL
2025-08-11,Reservación,HMXE32PKXY,,G-YAEYCJY4VNPBH,COP,248710.0,1699.77,PRINCIPAL
2025-08-11,Reservación,HMB5YD43MW,,G-YAEYCJY4VNPBH,COP,218546.05,1699.77,PRINCIPAL
2025-08-11,Reservación,HMMR2BMNA9,,G-YAEYCJY4VNPBH,COP,727506.41,1699.77,PRINCIPAL
2025-08-11,Reservación,HMJS9NC5W4,,G-YAEYCJY4VNPBH,COP,157250.0,1699.77,PRINCIPAL
2025-08-11,Reservación,HMZ4KY888T,,G-YAEYCJY4VNPBH,COP,495216.8,1699.77,PRINCIPAL
2025-08-11,Reservación,HMK5BMMYZ9,,G-YAEYCJY4VNPBH,COP,347055.0,1699.77,PRINCIPAL
2025-08-11,Reservación,HMP5FWZFBE,,G-YAEYCJY4VNPBH,COP,472600.0,1699.77,PRINCIPAL
2025-08-11,Reservación,HMK4J8DARF,,G-YAEYCJY4VNPBH,COP,194398.4,1699.77,PRINCIPAL
2025-08-11,Reservación,HMJ4KN48SY,,G-YAEYCJY4VNPBH,COP,507130.4,1699.77,PRINCIPAL
2025-08-11,Reservación,HMEZCRCFRD,,G-YAEYCJY4VNPBH,COP,342125.0,1699.77,PRINCIPAL
2025-08-08,Pago de la resolución,HMW2JEAZWH,Cobro de la resolución CLA-3TNH8S4W43 de la reservación HMW2JEAZWH,G-HV4GAP5EPXJVI,COP,20000.0,2094.84,PRINCIPAL
2025-08-08,Reservación,HMK9B9FBTK,,G-HV4GAP5EPXJVI,COP,233750.0,2094.84,PRINCIPAL
2025-08-08,Reservación,HM8324QMPX,,G-HV4GAP5EPXJVI,COP,1897285.0,2094.84,PRINCIPAL
2025-08-08,Reservación,HMBJZS4FBX,,G-HV4GAP5EPXJVI,COP,176655.16,2094.84,PRINCIPAL
2025-08-08,Reservación,HMHMAQRHHT,,G-HV4GAP5EPXJVI,COP,568609.29,2094.84,PRINCIPAL
2025-08-08,Reservación,HMDFW325DD,,G-HV4GAP5EPXJVI,COP,572354.98,2094.84,PRINCIPAL
2025-08-08,Reservación,HMSPJRZTXX,,G-HV4GAP5EPXJVI,COP,405181.43,2094.84,PRINCIPAL
2025-08-08,Reservación,HMK95HFA99,,G-HV4GAP5EPXJVI,COP,412711.31,2094.84,PRINCIPAL
2025-08-08,Reservación,HMTZDZRBT4,,G-HV4GAP5EPXJVI,COP,326187.5,2094.84,PRINCIPAL
2025-08-08,Reservación,HMD4PAYSAW,,G-HV4GAP5EPXJVI,COP,187850.0,2094.84,PRINCIPAL
2025-08-08,Reservación,HMS45XMCD2,,G-HV4GAP5EPXJVI,COP,195500.0,2094.84,PRINCIPAL
2025-08-08,Reservación,HMFEB98AB5,,G-HV4GAP5EPXJVI,COP,276250.0,2094.84,PRINCIPAL
2025-08-08,Reservación,HMSA59ZH5S,,G-HV4GAP5EPXJVI,COP,247852.35,2094.84,PRINCIPAL
2025-08-08,Reservación,HM8CAAKNXM,,G-HV4GAP5EPXJVI,COP,256190.0,2094.84,PRINCIPAL
2025-08-08,Reservación,HMSWKMWEHS,,G-HV4GAP5EPXJVI,COP,144500.0,2094.84,PRINCIPAL
2025-08-08,Reservación,HM23PRTX4Y,,G-HV4GAP5EPXJVI,COP,126650.0,2094.84,PRINCIPAL
2025-08-08,Reservación,HMECRS3C2D,,G-HV4GAP5EPXJVI,COP,259250.0,2094.84,PRINCIPAL
2025-08-08,Reservación,HMAWMMQAZR,,G-HV4GAP5EPXJVI,COP,612000.0,2094.84,PRINCIPAL
2025-08-08,Reservación,HMQ49KTFTP,,G-HV4GAP5EPXJVI,COP,161500.0,2094.84,PRINCIPAL
2025-08-08,Reservación,HMDAT2WEK9,,G-HV4GAP5EPXJVI,COP,125800.0,2094.84,PRINCIPAL
2025-08-08,Reservación,HMC9Z3MA8F,,G-HV4GAP5EPXJVI,COP,147220.0,2094.84,PRINCIPAL
2025-08-08,Reservación,HMXX3XK2DY,,G-HV4GAP5EPXJVI,COP,665693.65,2094.84,PRINCIPAL
2025-08-08,Reservación,HMECZKMZ8C,,G-HV4GAP5EPXJVI,COP,459000.0,2094.84,PRINCIPAL
2025-08-08,Reservación,HMKA39E92Y,,G-ZBAWZWR457EES,COP,170885.7,42.22,PRINCIPAL
2025-08-11,Reservación,HMN4TD3E23,,G-LA3K4USCJKEXG,COP,117631.16,202.77,COLONIA
2025-08-11,Reservación,HMFPMH4J5D,,G-LA3K4USCJKEXG,COP,203000.4,202.77,COLONIA
2025-08-11,Reservación,HMY52N5HXS,,G-LA3K4USCJKEXG,COP,129718.09,202.77,COLONIA
2025-08-11,Reservación,HMNPWNK432,,G-LA3K4USCJKEXG,COP,111375.64,202.77,COLONIA
2025-08-11,Reservación,HMEJ3DXYBD,,G-LA3K4USCJKEXG,COP,135381.2,202.77,COLONIA
2025-08-11,Reservación,HMENC3XZHQ,,G-LA3K4USCJKEXG,COP,124393.08,202.77,COLONIA
2025-08-12,Reservación,HMTKBSK5AF,,G-ONHWFSW36ID6A,COP,176655.16,1044.75,PRINCIPAL
2025-08-12,Reservación,HMAXWTQKXB,,G-ONHWFSW36ID6A,COP,359100.69,1044.75,PRINCIPAL
2025-08-12,Reservación,HMHNNZDE8C,,G-ONHWFSW36ID6A,COP,266900.0,1044.75,PRINCIPAL
2025-08-12,Reservación,HMBCZY3CWF,,G-ONHWFSW36ID6A,COP,424247.75,1044.75,PRINCIPAL
2025-08-12,Reservación,HM2NB3PBCM,,G-ONHWFSW36ID6A,COP,454176.25,1044.75,PRINCIPAL
2025-08-12,Reservación,HMN9N22KHZ,,G-ONHWFSW36ID6A,COP,891809.8,1044.75,PRINCIPAL
2025-08-12,Reservación,HMSCFE3NJ9,,G-ONHWFSW36ID6A,COP,476017.0,1044.75,PRINCIPAL
2025-08-12,Reservación,HMASB42CJ4,,G-ONHWFSW36ID6A,COP,416500.0,1044.75,PRINCIPAL
2025-08-12,Reservación,HMNFPHFAEB,,G-ONHWFSW36ID6A,COP,280500.0,1044.75,PRINCIPAL
2025-08-12,Reservación,HMMWR54JKZ,,G-ONHWFSW36ID6A,COP,140250.0,1044.75,PRINCIPAL
2025-08-12,Reservación,HMQQ8J35NB,,G-ONHWFSW36ID6A,COP,326187.5,1044.75,PRINCIPAL
2025-08-12,Reservación,HMZCQDRFJP,,G-OEAFEM34KG4OY,COP,268600.0,66.62,PRINCIPAL
2025-08-12,Reservación,HMZ4NJCRJF,,G-JZBLCI63VGIEV,COP,68850.0,44.91,PRINCIPAL
2025-08-12,Reservación,HMAWMMQAZR,,G-JZBLCI63VGIEV,COP,112200.0,44.91,PRINCIPAL
2025-08-11,Reservación,HM382TFS4Y,,G-DSZ4VS34L35NC,COP,570350.0,694.75,PRINCIPAL
2025-08-11,Reservación,HMRBP2C5D2,,G-DSZ4VS34L35NC,COP,295673.86,694.75,PRINCIPAL
2025-08-11,Reservación,HMWXYYZX84,,G-DSZ4VS34L35NC,COP,400163.0,694.75,PRINCIPAL
2025-08-11,Reservación,HM4PQQKAZW,,G-DSZ4VS34L35NC,COP,264982.74,694.75,PRINCIPAL
2025-08-11,Reservación,HMHRWRCWN2,,G-DSZ4VS34L35NC,COP,562369.6,694.75,PRINCIPAL
2025-08-11,Reservación,HM2BC98WWA,,G-DSZ4VS34L35NC,COP,198866.0,694.75,PRINCIPAL
2025-08-11,Reservación,HMF354EQMZ,,G-DSZ4VS34L35NC,COP,519603.67,694.75,PRINCIPAL
2025-08-11,Pago de la resolución,HM4SZEHXYS,Cobro de la resolución CLA-3YYTKNMFFP de la reservación HM4SZEHXYS,G-LCXUUJH6NRZFV,COP,99988.03,24.7,PRINCIPAL
2025-08-11,Reservación,HMQ4SF4XCJ,,G-45A3K5CXXOKPZ,COP,268600.0,260.43,PRINCIPAL
2025-08-11,Reservación,HMNQQSJKPJ,,G-45A3K5CXXOKPZ,COP,786475.34,260.43,PRINCIPAL
2025-08-15,Ajuste de la resolución,HMK9E492HT,Ajuste para la resolución 17551262273017,G-SZMFCLBXU6N37,COP,-355330.09,766.95,PRINCIPAL
2025-08-15,Reservación,HMHNNZDE8C,,G-SZMFCLBXU6N37,COP,79050.0,766.95,PRINCIPAL
2025-08-15,Reservación,HMBCZY3CWF,,G-SZMFCLBXU6N37,COP,86284.35,766.95,PRINCIPAL
2025-08-15,Reservación,HMZ4NJCRJF,,G-SZMFCLBXU6N37,COP,68850.0,766.95,PRINCIPAL
2025-08-15,Pago de la resolución,HM5CMYW53R,Cobro de la resolución CLA-CRYFXY4R9C de la reservación HM5CMYW53R,G-SZMFCLBXU6N37,COP,85000.0,766.95,PRINCIPAL
2025-08-15,Reservación,HMX3S9FZ25,,G-SZMFCLBXU6N37,COP,425547.31,766.95,PRINCIPAL
2025-08-15,Reservación,HMXANMD9DN,,G-SZMFCLBXU6N37,COP,216440.9,766.95,PRINCIPAL
2025-08-15,Reservación,HMNPE23M24,,G-SZMFCLBXU6N37,COP,260232.6,766.95,PRINCIPAL
2025-08-15,Reservación,HM5CMYW53R,,G-SZMFCLBXU6N37,COP,503482.2,766.95,PRINCIPAL
2025-08-15,Reservación,HMKFBXN2MN,,G-SZMFCLBXU6N37,COP,472600.0,766.95,PRINCIPAL
2025-08-15,Reservación,HMXM8N9MRD,,G-SZMFCLBXU6N37,COP,157250.0,766.95,PRINCIPAL
2025-08-15,Reservación,HMZ8ZED4EW,,G-SZMFCLBXU6N37,COP,229500.0,766.95,PRINCIPAL
2025-08-15,Reservación,HMME8NDJW4,,G-SZMFCLBXU6N37,COP,347786.0,766.95,PRINCIPAL
2025-08-15,Reservación,HM4BB8QASC,,G-SZMFCLBXU6N37,COP,315350.0,766.95,PRINCIPAL
2025-08-15,Reservación,HMNXQ5W5CK,,G-SZMFCLBXU6N37,COP,195500.0,766.95,PRINCIPAL
2025-08-15,Reservación,HMA8BWJPNK,,G-335PKYNO67LLV,COP,984044.11,438.95,PRINCIPAL
2025-08-15,Reservación,HMW2NKDXJF,,G-335PKYNO67LLV,COP,783020.0,438.95,PRINCIPAL
2025-08-13,Reservación,HMZ4NJCRJF,,G-JNPLJUAGLEXD2,COP,68850.0,793.35,PRINCIPAL
2025-08-13,Reservación,HMRRSEBH2B,,G-JNPLJUAGLEXD2,COP,1600890.0,793.35,PRINCIPAL
2025-08-13,Reservación,HM32NJ4NSF,,G-JNPLJUAGLEXD2,COP,109638.1,793.35,PRINCIPAL
2025-08-13,Reservación,HMBXDKBN49,,G-JNPLJUAGLEXD2,COP,322660.0,793.35,PRINCIPAL
2025-08-13,Reservación,HMSBQWBWMX,,G-JNPLJUAGLEXD2,COP,230594.8,793.35,PRINCIPAL
2025-08-13,Reservación,HMSQ4R9YDY,,G-JNPLJUAGLEXD2,COP,270018.61,793.35,PRINCIPAL
2025-08-13,Reservación,HMXXACAMRT,,G-JNPLJUAGLEXD2,COP,403750.0,793.35,PRINCIPAL
2025-08-13,Reservación,HM9NY88PHA,,G-JNPLJUAGLEXD2,COP,182750.0,793.35,PRINCIPAL
2025-08-13,Reservación,HMQ2F9E3R5,,G-AVZBPNEW2T7YG,COP,236810.0,175.37,COLONIA
2025-08-13,Reservación,HMA4SW39QF,,G-AVZBPNEW2T7YG,COP,176106.4,175.37,COLONIA
2025-08-13,Reservación,HMZQZS83MP,,G-AVZBPNEW2T7YG,COP,186222.01,175.37,COLONIA
2025-08-13,Reservación,HMNBCQ3QPD,,G-AVZBPNEW2T7YG,COP,105797.8,175.37,COLONIA
2025-08-13,Reservación,HMQ2F9E3R5,,G-AVZBPNEW2T7YG,COP,236810.0,175.37,RH
2025-08-13,Reservación,HMA4SW39QF,,G-AVZBPNEW2T7YG,COP,176106.4,175.37,RH
2025-08-13,Reservación,HMZQZS83MP,,G-AVZBPNEW2T7YG,COP,186222.01,175.37,RH
2025-08-13,Reservación,HMNBCQ3QPD,,G-AVZBPNEW2T7YG,COP,105797.8,175.37,RH
2025-08-11,Reservación,HMN4TD3E23,,G-LA3K4USCJKEXG,COP,117631.16,202.77,RH
2025-08-11,Reservación,HMFPMH4J5D,,G-LA3K4USCJKEXG,COP,203000.4,202.77,RH
2025-08-11,Reservación,HMY52N5HXS,,G-LA3K4USCJKEXG,COP,129718.09,202.77,RH
2025-08-11,Reservación,HMNPWNK432,,G-LA3K4USCJKEXG,COP,111375.64,202.77,RH
2025-08-11,Reservación,HMEJ3DXYBD,,G-LA3K4USCJKEXG,COP,135381.2,202.77,RH
2025-08-11,Reservación,HMENC3XZHQ,,G-LA3K4USCJKEXG,COP,124393.08,202.77,RH
2025-08-07,Reservación,HMRJE3FJYW,,G-26MC7EJKFEEGH,COP,304429.2,102.04,RH
2025-08-07,Reservación,HMJZXKWT55,,G-26MC7EJKFEEGH,COP,108608.78,102.04,RH
2025-08-06,Reservación,HMDPPDJDAH,,G-K7NABO2JQ3V6I,COP,211452.8,105.44,RH
2025-08-06,Reservación,HM3NFQECKT,,G-K7NABO2JQ3V6I,COP,114250.2,105.44,RH
2025-08-06,Reservación,HM8NNN2X58,,G-K7NABO2JQ3V6I,COP,105797.8,105.44,RH
2025-08-04,Reservación,HMQZQJSE5E,,G-3XYRJUGFLE77X,COP,113226.19,166.43,RH
2025-08-04,Reservación,HMNNZTDRZR,,G-3XYRJUGFLE77X,COP,135508.7,166.43,RH
2025-08-04,Reservación,HMC9CSWQ28,,G-3XYRJUGFLE77X,COP,191988.34,166.43,RH
2025-08-04,Reservación,HMZRE4MZZJ,,G-3XYRJUGFLE77X,COP,135508.36,166.43,RH
2025-08-04,Reservación,HMMQ4JBSZD,,G-3XYRJUGFLE77X,COP,110304.5,166.43,RH
2025-08-01,Reservación,HMFNZRXDHR,,G-DYTHJLPOBXSWG,COP,583358.4,168.69,RH
2025-08-01,Reservación,HMASP33QJE,,G-DYTHJLPOBXSWG,COP,122702.6,168.69,RH
2025-08-18,Reservación,HM9J4EKRDW,,G-HLXM77M6TO4DO,COP,4582037.2,4216.89,PRINCIPAL
2025-08-18,Reservación,HMRT4YK4Z3,,G-HLXM77M6TO4DO,COP,2618381.07,4216.89,PRINCIPAL
2025-08-18,Reservación,HMAYAZXYKJ,,G-HLXM77M6TO4DO,COP,232900.0,4216.89,PRINCIPAL
2025-08-18,Reservación,HMD5AEPNMJ,,G-HLXM77M6TO4DO,COP,1600125.68,4216.89,PRINCIPAL
2025-08-18,Reservación,HMPTTAYBCC,,G-HLXM77M6TO4DO,COP,512224.03,4216.89,PRINCIPAL
2025-08-18,Reservación,HMN9KNBWE8,,G-HLXM77M6TO4DO,COP,408697.0,4216.89,PRINCIPAL
2025-08-18,Reservación,HMXKCTS999,,G-HLXM77M6TO4DO,COP,2302119.39,4216.89,PRINCIPAL
2025-08-18,Reservación,HM53MZCSFE,,G-HLXM77M6TO4DO,COP,256190.0,4216.89,PRINCIPAL
2025-08-18,Reservación,HMTTJNAWSH,,G-HLXM77M6TO4DO,COP,229500.0,4216.89,PRINCIPAL
2025-08-18,Reservación,HMA32PQZMN,,G-HLXM77M6TO4DO,COP,140250.0,4216.89,PRINCIPAL
2025-08-18,Reservación,HM5E3MBXEQ,,G-HLXM77M6TO4DO,COP,140250.0,4216.89,PRINCIPAL
2025-08-18,Reservación,HME85RYTDD,,G-HLXM77M6TO4DO,COP,302168.57,4216.89,PRINCIPAL
2025-08-18,Reservación,HMRJKDKSD3,,G-HLXM77M6TO4DO,COP,106250.0,4216.89,PRINCIPAL
2025-08-18,Reservación,HMFNKQZ9NW,,G-HLXM77M6TO4DO,COP,236980.0,4216.89,PRINCIPAL
2025-08-18,Reservación,HMKRCCBWWH,,G-HLXM77M6TO4DO,COP,137062.5,4216.89,PRINCIPAL
2025-08-18,Reservación,HM5ZDZP5H3,,G-HLXM77M6TO4DO,COP,157250.0,4216.89,PRINCIPAL
2025-08-18,Reservación,HMDP4KZ4RQ,,G-HLXM77M6TO4DO,COP,626875.0,4216.89,PRINCIPAL
2025-08-18,Reservación,HM2DK3PEB9,,G-HLXM77M6TO4DO,COP,114750.0,4216.89,PRINCIPAL
2025-08-18,Reservación,HM3HYTM8NA,,G-HLXM77M6TO4DO,COP,182750.0,4216.89,PRINCIPAL
2025-08-18,Reservación,HMRWC8XYJ4,,G-HLXM77M6TO4DO,COP,210800.0,4216.89,PRINCIPAL
2025-08-18,Reservación,HMEBQHHZDK,,G-HLXM77M6TO4DO,COP,267750.0,4216.89,PRINCIPAL
2025-08-18,Reservación,HM4S3D4YFX,,G-HLXM77M6TO4DO,COP,180346.2,4216.89,PRINCIPAL
2025-08-18,Reservación,HMAQWQBJ84,,G-HLXM77M6TO4DO,COP,280500.0,4216.89,PRINCIPAL
2025-08-18,Reservación,HM2YY584R9,,G-HLXM77M6TO4DO,COP,535500.0,4216.89,PRINCIPAL
2025-08-18,Reservación,HMMXA88SZT,,G-HLXM77M6TO4DO,COP,351509.0,4216.89,PRINCIPAL
2025-08-18,Reservación,HMYS5NEC2C,,G-HLXM77M6TO4DO,COP,230405.34,4216.89,PRINCIPAL
2025-08-18,Reservación,HM5ASDKT2T,,G-F7FJG4CDF7WT3,COP,125319.84,31.14,PRINCIPAL
2025-08-18,Reservación,HMNZC3F4N9,,G-NRHHWZUEP56SI,COP,859137.5,213.9,PRINCIPAL
2025-08-18,Reservación,HMQ5QCTTYX,,G-NTRLLH2U3RTYT,COP,242083.15,1481.75,PRINCIPAL
2025-08-18,Reservación,HM3PKBYJTK,,G-NTRLLH2U3RTYT,COP,995927.32,1481.75,PRINCIPAL
2025-08-18,Reservación,HMNMKRSZP9,,G-NTRLLH2U3RTYT,COP,222257.02,1481.75,PRINCIPAL
2025-08-18,Reservación,HMXA3N8DTT,,G-NTRLLH2U3RTYT,COP,385997.85,1481.75,PRINCIPAL
2025-08-18,Reservación,HMPSXZRDPD,,G-NTRLLH2U3RTYT,COP,266900.0,1481.75,PRINCIPAL
2025-08-18,Reservación,HMWAFTM82D,,G-NTRLLH2U3RTYT,COP,187000.0,1481.75,PRINCIPAL
2025-08-18,Reservación,HM28FDRPBT,,G-NTRLLH2U3RTYT,COP,354926.0,1481.75,PRINCIPAL
2025-08-18,Reservación,HMMFQYC4TR,,G-NTRLLH2U3RTYT,COP,304835.36,1481.75,PRINCIPAL
2025-08-18,Reservación,HMF3C9ZR54,,G-NTRLLH2U3RTYT,COP,219441.95,1481.75,PRINCIPAL
2025-08-18,Reservación,HM2QC95N2D,,G-NTRLLH2U3RTYT,COP,300560.0,1481.75,PRINCIPAL
2025-08-18,Reservación,HMS2HSCCBM,,G-NTRLLH2U3RTYT,COP,506812.5,1481.75,PRINCIPAL
2025-08-18,Reservación,HMHCE984SP,,G-NTRLLH2U3RTYT,COP,227994.65,1481.75,PRINCIPAL
2025-08-18,Reservación,HMHPKTHXBS,,G-NTRLLH2U3RTYT,COP,506535.4,1481.75,PRINCIPAL
2025-08-18,Reservación,HMNAEEM5BD,,G-NTRLLH2U3RTYT,COP,106322.25,1481.75,PRINCIPAL
2025-08-18,Reservación,HM5ASDKT2T,,G-NTRLLH2U3RTYT,COP,506535.4,1481.75,PRINCIPAL
2025-08-18,Reservación,HMKY3SDBZY,,G-NTRLLH2U3RTYT,COP,297826.4,1481.75,PRINCIPAL
2025-08-18,Reservación,HM23HT8M9S,,G-NTRLLH2U3RTYT,COP,362678.0,1481.75,PRINCIPAL
2025-08-18,Ajuste,HMQ5QCTTYX,,G-NTRLLH2U3RTYT,COP,-42938.56,1481.75,PRINCIPAL
2025-08-15,Reservación,HMZ4NJCRJF,,G-NQVGOIAU24TFY,COP,68850.0,1819.9,PRINCIPAL
2025-08-15,Reservación,HMDCDTDSHF,,G-NQVGOIAU24TFY,COP,382645.27,1819.9,PRINCIPAL
2025-08-15,Reservación,HMMPC9HFFE,,G-NQVGOIAU24TFY,COP,193393.7,1819.9,PRINCIPAL
2025-08-15,Reservación,HMKQSPETER,,G-NQVGOIAU24TFY,COP,322562.16,1819.9,PRINCIPAL
2025-08-15,Reservación,HMXADZ2MDC,,G-NQVGOIAU24TFY,COP,339536.41,1819.9,PRINCIPAL
2025-08-15,Reservación,HMR9Z9NTYP,,G-NQVGOIAU24TFY,COP,1227225.53,1819.9,PRINCIPAL
2025-08-15,Reservación,HMQE8R2W4H,,G-NQVGOIAU24TFY,COP,374000.0,1819.9,PRINCIPAL
2025-08-15,Reservación,HM9D5494QB,,G-NQVGOIAU24TFY,COP,329108.1,1819.9,PRINCIPAL
2025-08-15,Reservación,HM4CYQRP4P,,G-NQVGOIAU24TFY,COP,693341.6,1819.9,PRINCIPAL
2025-08-15,Reservación,HM25CKZ5ET,,G-NQVGOIAU24TFY,COP,382185.94,1819.9,PRINCIPAL
2025-08-15,Reservación,HMP9WEHFK8,,G-NQVGOIAU24TFY,COP,290932.9,1819.9,PRINCIPAL
2025-08-15,Reservación,HMSJTHSFKF,,G-NQVGOIAU24TFY,COP,545643.26,1819.9,PRINCIPAL
2025-08-15,Reservación,HMDQWTREW5,,G-NQVGOIAU24TFY,COP,238000.0,1819.9,PRINCIPAL
2025-08-15,Reservación,HMHCDCMR3Q,,G-NQVGOIAU24TFY,COP,433500.0,1819.9,PRINCIPAL
2025-08-15,Reservación,HM9YENBMM2,,G-NQVGOIAU24TFY,COP,225250.0,1819.9,PRINCIPAL
2025-08-15,Reservación,HM9ARWM3WX,,G-NQVGOIAU24TFY,COP,506535.4,1819.9,PRINCIPAL
2025-08-15,Reservación,HMHNFCNFBW,,G-NQVGOIAU24TFY,COP,182750.0,1819.9,PRINCIPAL
2025-08-15,Reservación,HMBEME5CJ3,,G-NQVGOIAU24TFY,COP,292291.2,1819.9,PRINCIPAL
2025-08-15,Reservación,HMQRP22X29,,G-NQVGOIAU24TFY,COP,344250.0,1819.9,PRINCIPAL
2025-08-18,Reservación,HMHJTRWSJC,,G-NE33HWS6U3IFH,COP,229500.0,1311.87,PRINCIPAL
2025-08-18,Ajuste de la resolución,HMHJTRWSJC,Ajuste para la resolución 17554773579901,G-NE33HWS6U3IFH,COP,-160000.0,1311.87,PRINCIPAL
2025-08-18,Reservación,HMRS28PJKQ,,G-NE33HWS6U3IFH,COP,3010130.08,1311.87,PRINCIPAL
2025-08-18,Reservación,HMSM4KE454,,G-NE33HWS6U3IFH,COP,895711.37,1311.87,PRINCIPAL
2025-08-18,Reservación,HMX2DJA8TF,,G-NE33HWS6U3IFH,COP,490363.51,1311.87,PRINCIPAL
2025-08-18,Reservación,HMS58Z8E5C,,G-NE33HWS6U3IFH,COP,567732.08,1311.87,PRINCIPAL
2025-08-18,Reservación,HMA53524PN,,G-NE33HWS6U3IFH,COP,128727.4,1311.87,PRINCIPAL
2025-08-18,Reservación,HMYSZQ5ZYF,,G-NE33HWS6U3IFH,COP,118077.58,1311.87,PRINCIPAL
2025-08-19,Reservación,HM8WDDDZK3,,G-ZPU4436OUD3JF,COP,6843160.01,1700.16,PRINCIPAL
2025-08-18,Reservación,HM4K8REWAT,,G-F6GEGMWOWV6XV,COP,304429.2,104.23,COLONIA
2025-08-18,Reservación,HM3WXQEH9B,,G-F6GEGMWOWV6XV,COP,114342.95,104.23,COLONIA
2025-08-18,Reservación,HMDAQJW48X,,G-TYRVZ3UD6RQLP,COP,129718.09,159.11,COLONIA
2025-08-18,Reservación,HMCZA4CX5F,,G-TYRVZ3UD6RQLP,COP,204921.4,159.11,COLONIA
2025-08-18,Reservación,HMPDJJZW3Z,,G-TYRVZ3UD6RQLP,COP,304429.2,159.11,COLONIA
2025-08-22,Reservación,HMSQ3CMTBP,,G-NHEXNM5X3Z72K,COP,250466.67,62.24,PRINCIPAL
2025-08-21,Reservación,HMTZH3P5B8,,G-6BUIPRGEGQ2US,COP,317227.48,1330.57,PRINCIPAL
2025-08-21,Reservación,HMWTERSD5Y,,G-6BUIPRGEGQ2US,COP,515778.72,1330.57,PRINCIPAL
2025-08-21,Reservación,HMCKC2CPJA,,G-6BUIPRGEGQ2US,COP,569569.7,1330.57,PRINCIPAL
2025-08-21,Reservación,HMPDJF9EQD,,G-6BUIPRGEGQ2US,COP,198900.0,1330.57,PRINCIPAL
2025-08-21,Reservación,HMFS52P9SF,,G-6BUIPRGEGQ2US,COP,232900.0,1330.57,PRINCIPAL
2025-08-21,Reservación,HMSSQC4MKN,,G-6BUIPRGEGQ2US,COP,527765.0,1330.57,PRINCIPAL
2025-08-21,Reservación,HM22829Z8W,,G-6BUIPRGEGQ2US,COP,403750.0,1330.57,PRINCIPAL
2025-08-21,Reservación,HMJDXDH9D4,,G-6BUIPRGEGQ2US,COP,442850.0,1330.57,PRINCIPAL
2025-08-21,Reservación,HMDAD35EN2,,G-6BUIPRGEGQ2US,COP,1167465.9,1330.57,PRINCIPAL
2025-08-21,Reservación,HM85FRFSTN,,G-6BUIPRGEGQ2US,COP,102000.0,1330.57,PRINCIPAL
2025-08-21,Reservación,HM5RWJC9YZ,,G-6BUIPRGEGQ2US,COP,503482.2,1330.57,PRINCIPAL
2025-08-21,Reservación,HMT23XZTY4,,G-6BUIPRGEGQ2US,COP,373222.66,1330.57,PRINCIPAL
2025-08-20,Reservación,HMPTTAYBCC,,G-ZOQYD64ZI4NFI,COP,90312.5,253.36,PRINCIPAL
2025-08-20,Reservación,HMTCD925JA,,G-ZOQYD64ZI4NFI,COP,931600.0,253.36,PRINCIPAL
2025-08-20,Reservación,HMXYMETKD2,,G-FQK6AWLUX3FHI,COP,778298.66,697.44,PRINCIPAL
2025-08-20,Reservación,HM3NN3EXZ8,,G-FQK6AWLUX3FHI,COP,225250.0,697.44,PRINCIPAL
2025-08-20,Reservación,HM2WPAEJ8N,,G-FQK6AWLUX3FHI,COP,255939.68,697.44,PRINCIPAL
2025-08-20,Reservación,HMYQ43B3QE,,G-FQK6AWLUX3FHI,COP,288468.72,697.44,PRINCIPAL
2025-08-20,Reservación,HMA58SM3QA,,G-FQK6AWLUX3FHI,COP,248948.0,697.44,PRINCIPAL
2025-08-20,Reservación,HMK2WFXP5F,,G-FQK6AWLUX3FHI,COP,136000.0,697.44,PRINCIPAL
2025-08-20,Reservación,HM4JWX9TMJ,,G-FQK6AWLUX3FHI,COP,582017.44,697.44,PRINCIPAL
2025-08-20,Reservación,HM3MEN8ZXK,,G-FQK6AWLUX3FHI,COP,298202.69,697.44,PRINCIPAL
2025-08-19,Reservación,HM8WDDDZK3,,G-B5VTU5KQEJQNU,COP,14469.27,1061.09,PRINCIPAL
2025-08-19,Reservación,HMWSDA4WWZ,,G-B5VTU5KQEJQNU,COP,335877.12,1061.09,PRINCIPAL
2025-08-19,Reservación,HMQRHNR4NJ,,G-B5VTU5KQEJQNU,COP,1722270.0,1061.09,PRINCIPAL
2025-08-19,Reservación,HMKJ2Z5APE,,G-B5VTU5KQEJQNU,COP,234260.0,1061.09,PRINCIPAL
2025-08-19,Reservación,HMWR4W2R42,,G-B5VTU5KQEJQNU,COP,590291.0,1061.09,PRINCIPAL
2025-08-19,Reservación,HMQ94F9M9K,,G-B5VTU5KQEJQNU,COP,287490.43,1061.09,PRINCIPAL
2025-08-19,Reservación,HM2WBBJQYN,,G-B5VTU5KQEJQNU,COP,270721.56,1061.09,PRINCIPAL
2025-08-19,Reservación,HMQYCRJHAK,,G-B5VTU5KQEJQNU,COP,484298.72,1061.09,PRINCIPAL
2025-08-19,Reservación,HMTX35CXB9,,G-B5VTU5KQEJQNU,COP,136000.0,1061.09,PRINCIPAL
2025-08-19,Reservación,HMDHQP9ND2,,G-B5VTU5KQEJQNU,COP,185725.0,1061.09,PRINCIPAL
2025-08-20,Reservación,HMYFJSPK3H,,G-4H5G2ESLDU5L4,USD,25.07,112.75,RH
2025-08-20,Reservación,HM2FTAWSW8,,G-4H5G2ESLDU5L4,USD,60.57,112.75,RH
2025-08-20,Reservación,HMZRSFKEAA,,G-4H5G2ESLDU5L4,USD,27.11,112.75,RH
2025-08-20,Reservación,HMKEQ8H4M3,,G-KIQGLKQFSL4EK,COP,108608.75,103.13,COLONIA
2025-08-20,Reservación,HMNSCRACX3,,G-KIQGLKQFSL4EK,COP,189744.34,103.13,COLONIA
2025-08-20,Reservación,HM5T5WZKN3,,G-KIQGLKQFSL4EK,COP,117631.16,103.13,COLONIA
2025-08-25,Reservación,HMYKFEXYZ2,,G-J3CSMW3U5ZGW4,COP,76500.0,1481.57,PRINCIPAL
2025-08-25,Reservación,HMEZT9SSCT,,G-J3CSMW3U5ZGW4,COP,1280100.0,1481.57,PRINCIPAL
2025-08-25,Reservación,HMD5W8MBEC,,G-J3CSMW3U5ZGW4,COP,225250.0,1481.57,PRINCIPAL
2025-08-25,Reservación,HMT9N39S93,,G-J3CSMW3U5ZGW4,COP,182750.0,1481.57,PRINCIPAL
2025-08-25,Reservación,HMEMXKYY3B,,G-J3CSMW3U5ZGW4,COP,244247.5,1481.57,PRINCIPAL
2025-08-25,Reservación,HMNEDJMTY5,,G-J3CSMW3U5ZGW4,COP,536092.28,1481.57,PRINCIPAL
2025-08-25,Reservación,HMTXJ4SFFX,,G-J3CSMW3U5ZGW4,COP,375930.35,1481.57,PRINCIPAL
2025-08-25,Reservación,HMBHJ9SAXZ,,G-J3CSMW3U5ZGW4,COP,250397.76,1481.57,PRINCIPAL
2025-08-25,Reservación,HMHR2RENDT,,G-J3CSMW3U5ZGW4,COP,664842.12,1481.57,PRINCIPAL
2025-08-25,Reservación,HMZC929YPW,,G-J3CSMW3U5ZGW4,COP,480808.08,1481.57,PRINCIPAL
2025-08-25,Reservación,HMSKD4AFNA,,G-J3CSMW3U5ZGW4,COP,635392.0,1481.57,PRINCIPAL
2025-08-25,Reservación,HMXBPTFCXP,,G-J3CSMW3U5ZGW4,COP,213909.3,1481.57,PRINCIPAL
2025-08-25,Reservación,HMD282B4H9,,G-J3CSMW3U5ZGW4,COP,136000.0,1481.57,PRINCIPAL
2025-08-25,Reservación,HMNMMT2C3P,,G-J3CSMW3U5ZGW4,COP,288518.9,1481.57,PRINCIPAL
2025-08-25,Reservación,HMT9ADDARY,,G-J3CSMW3U5ZGW4,COP,159302.24,1481.57,PRINCIPAL
2025-08-25,Reservación,HMMTHFBHZH,,G-J3CSMW3U5ZGW4,COP,198196.2,1481.57,PRINCIPAL
2025-08-25,Ajuste de la resolución,HMXYMETKD2,Ajuste para la resolución 17559619336290,G-D7IYW73ERXD3A,COP,-343072.81,1211.17,PRINCIPAL
2025-08-25,Reservación,HM8YTH3CE3,,G-D7IYW73ERXD3A,COP,264982.74,1211.17,PRINCIPAL
2025-08-25,Reservación,HM58MXE4HZ,,G-D7IYW73ERXD3A,COP,423928.74,1211.17,PRINCIPAL
2025-08-25,Reservación,HMKE8KRF3A,,G-D7IYW73ERXD3A,COP,328545.02,1211.17,PRINCIPAL
2025-08-25,Reservación,HMDY9FRKH3,,G-D7IYW73ERXD3A,COP,225172.65,1211.17,PRINCIPAL
2025-08-25,Reservación,HMKJABZDR8,,G-D7IYW73ERXD3A,COP,791529.27,1211.17,PRINCIPAL
2025-08-25,Reservación,HMJCQ8PRA5,,G-D7IYW73ERXD3A,COP,419066.32,1211.17,PRINCIPAL
2025-08-25,Reservación,HMDBQKMTKR,,G-D7IYW73ERXD3A,COP,617985.7,1211.17,PRINCIPAL
2025-08-25,Reservación,HMWKQS43YR,,G-D7IYW73ERXD3A,COP,333185.55,1211.17,PRINCIPAL
2025-08-25,Reservación,HMRTBCJYB8,,G-D7IYW73ERXD3A,COP,410307.75,1211.17,PRINCIPAL
2025-08-25,Reservación,HMJB33H4AP,,G-D7IYW73ERXD3A,COP,187000.0,1211.17,PRINCIPAL
2025-08-25,Reservación,HMYKFEXYZ2,,G-D7IYW73ERXD3A,COP,182750.0,1211.17,PRINCIPAL
2025-08-25,Reservación,HMCR8B3HAR,,G-D7IYW73ERXD3A,COP,198196.2,1211.17,PRINCIPAL
2025-08-25,Reservación,HMH8YZQMYJ,,G-D7IYW73ERXD3A,COP,222930.35,1211.17,PRINCIPAL
2025-08-25,Reservación,HMZRK8DNHS,,G-D7IYW73ERXD3A,COP,150790.0,1211.17,PRINCIPAL
2025-08-25,Reservación,HMMTEJ4E5W,,G-D7IYW73ERXD3A,COP,198196.2,1211.17,PRINCIPAL
2025-08-25,Ajuste de la resolución,HMDBQKMTKR,Ajuste para la resolución 17559116019766,G-D7IYW73ERXD3A,COP,-39716.19,1211.17,PRINCIPAL
2025-08-25,Ajuste de la resolución,HMDBQKMTKR,Ajuste para la resolución 17559116091130,G-D7IYW73ERXD3A,COP,-65001.09,1211.17,PRINCIPAL
2025-08-25,Reservación,HMBYM4PX5D,,G-D7IYW73ERXD3A,COP,353892.4,1211.17,PRINCIPAL
2025-08-22,Reservación,HMY4CDJJ9F,,G-FVXF47YUYG4FT,COP,259310.9,1474.25,PRINCIPAL
2025-08-22,Reservación,HMH3YKH48D,,G-FVXF47YUYG4FT,COP,599301.85,1474.25,PRINCIPAL
2025-08-22,Reservación,HM4BQ5EACQ,,G-FVXF47YUYG4FT,COP,191420.0,1474.25,PRINCIPAL
2025-08-22,Reservación,HMQQQ3JCY4,,G-FVXF47YUYG4FT,COP,309624.4,1474.25,PRINCIPAL
2025-08-22,Reservación,HM8TMCPWES,,G-FVXF47YUYG4FT,COP,626875.0,1474.25,PRINCIPAL
2025-08-22,Reservación,HMMBY5ZS8C,,G-FVXF47YUYG4FT,COP,263225.45,1474.25,PRINCIPAL
2025-08-22,Reservación,HMXYQKTKKE,,G-FVXF47YUYG4FT,COP,570350.0,1474.25,PRINCIPAL
2025-08-22,Reservación,HMJ8RSNYP5,,G-FVXF47YUYG4FT,COP,265490.7,1474.25,PRINCIPAL
2025-08-22,Reservación,HM4HW2H2KW,,G-FVXF47YUYG4FT,COP,436322.0,1474.25,PRINCIPAL
2025-08-22,Reservación,HMHB4XZMBB,,G-FVXF47YUYG4FT,COP,663604.78,1474.25,PRINCIPAL
2025-08-22,Reservación,HMWTXP4DJD,,G-FVXF47YUYG4FT,COP,231740.6,1474.25,PRINCIPAL
2025-08-22,Reservación,HMHY9DDXE2,,G-FVXF47YUYG4FT,COP,245954.3,1474.25,PRINCIPAL
2025-08-22,Reservación,HMCK2YRXKT,,G-FVXF47YUYG4FT,COP,313954.3,1474.25,PRINCIPAL
2025-08-22,Reservación,HMT4KS24QC,,G-FVXF47YUYG4FT,COP,300560.0,1474.25,PRINCIPAL
2025-08-22,Reservación,HMN9KTQ9BH,,G-FVXF47YUYG4FT,COP,150761.95,1474.25,PRINCIPAL
2025-08-22,Reservación,HM55S53B5F,,G-FVXF47YUYG4FT,COP,110500.0,1474.25,PRINCIPAL
2025-08-22,Reservación,HMASTE2S3D,,G-FVXF47YUYG4FT,COP,106250.0,1474.25,PRINCIPAL
2025-08-22,Reservación,HMWDRZJTJQ,,G-FVXF47YUYG4FT,COP,300560.0,1474.25,PRINCIPAL
2025-08-22,Reservación,HMKTKFBCNE,,G-5LTXJE3COT2PE,USD,63.1,114.09,RH
2025-08-22,Reservación,HMRTMQ84KA,,G-5LTXJE3COT2PE,USD,50.99,114.09,RH
2025-08-25,Reservación,HM8JX44HMZ,,G-743RKSY4OUGU4,COP,186095.6,143.42,COLONIA
2025-08-25,Reservación,HM4CBWW2B3,,G-743RKSY4OUGU4,COP,128908.01,143.42,COLONIA
2025-08-25,Reservación,HM8JWHYY29,,G-743RKSY4OUGU4,COP,135106.68,143.42,COLONIA
2025-08-25,Reservación,HMP243E999,,G-743RKSY4OUGU4,COP,125688.62,143.42,COLONIA
2025-08-25,Reservación,HM3W2ZSNEF,,G-DKBHRFOFXIMIP,COP,211452.8,160.57,COLONIA
2025-08-25,Reservación,HM85ZSB4S3,,G-DKBHRFOFXIMIP,COP,307237.94,160.57,COLONIA
2025-08-25,Reservación,HMBY83CACW,,G-DKBHRFOFXIMIP,COP,125688.62,160.57,COLONIA
2025-08-25,Pago de la resolución,HMWDRZJTJQ,Cobro de la resolución CLA-HHZYES8PH4 de la reservación HMWDRZJTJQ,G-KLE3R5DFOS4RG,COP,80000.0,500.67,PRINCIPAL
2025-08-25,Reservación,HMPPNAEM4B,,G-KLE3R5DFOS4RG,COP,696172.86,500.67,PRINCIPAL
2025-08-25,Reservación,HM49FMA88W,,G-KLE3R5DFOS4RG,COP,493510.0,500.67,PRINCIPAL
2025-08-25,Reservación,HMR88MWDYQ,,G-KLE3R5DFOS4RG,COP,462876.0,500.67,PRINCIPAL
2025-08-25,Reservación,HM8Y8RR4FB,,G-KLE3R5DFOS4RG,COP,110500.0,500.67,PRINCIPAL
2025-08-25,Reservación,HMZ49P4KYR,,G-KLE3R5DFOS4RG,COP,162015.1,500.67,PRINCIPAL
2025-08-27,Reservación,HMERHP2H48,,G-SZ6LYL576HLBO,COP,557226.0,138.39,PRINCIPAL
2025-08-26,Reservación,HMM3FY3EW2,,G-UCCTMMGVRQSOF,COP,858070.63,1601.92,PRINCIPAL
2025-08-26,Reservación,HMHXWDE5JP,,G-UCCTMMGVRQSOF,COP,884208.85,1601.92,PRINCIPAL
2025-08-26,Reservación,HM4MHP48DR,,G-UCCTMMGVRQSOF,COP,396450.88,1601.92,PRINCIPAL
2025-08-26,Reservación,HM399M5YCE,,G-UCCTMMGVRQSOF,COP,678790.96,1601.92,PRINCIPAL
2025-08-26,Reservación,HMYBQJ9NBR,,G-UCCTMMGVRQSOF,COP,227292.72,1601.92,PRINCIPAL
2025-08-26,Reservación,HMMPPPW2Q9,,G-UCCTMMGVRQSOF,COP,1895186.86,1601.92,PRINCIPAL
2025-08-26,Reservación,HMJ4AS3QFF,,G-UCCTMMGVRQSOF,COP,326187.5,1601.92,PRINCIPAL
2025-08-26,Reservación,HMY5EEFDSQ,,G-UCCTMMGVRQSOF,COP,267750.0,1601.92,PRINCIPAL
2025-08-26,Reservación,HMCKFJBAS5,,G-UCCTMMGVRQSOF,COP,754865.14,1601.92,PRINCIPAL
2025-08-26,Reservación,HM4YZ5X83F,,G-UCCTMMGVRQSOF,COP,161500.0,1601.92,PRINCIPAL
2025-08-28,Tarifa de cancelación,HMC8RMJN5P,,G-KZPGEKY54CIC5,COP,-285030.0,941.92,PRINCIPAL
2025-08-28,Reservación,HMHRKN5WQC,,G-KZPGEKY54CIC5,COP,92724.8,941.92,PRINCIPAL
2025-08-28,Reservación,HMHATCMERX,,G-KZPGEKY54CIC5,COP,434373.94,941.92,PRINCIPAL
2025-08-28,Reservación,HMMEPNJXTF,,G-KZPGEKY54CIC5,COP,575533.26,941.92,PRINCIPAL
2025-08-28,Reservación,HMDCH8QMBD,,G-KZPGEKY54CIC5,COP,687437.5,941.92,PRINCIPAL
2025-08-28,Reservación,HM39N5JMF9,,G-KZPGEKY54CIC5,COP,125800.0,941.92,PRINCIPAL
2025-08-28,Reservación,HMPEKZ3NBC,,G-KZPGEKY54CIC5,COP,413312.5,941.92,PRINCIPAL
2025-08-28,Reservación,HM45A4BE2Z,,G-KZPGEKY54CIC5,COP,1204923.11,941.92,PRINCIPAL
2025-08-28,Reservación,HMHHTQKMPE,,G-KZPGEKY54CIC5,COP,570350.0,941.92,PRINCIPAL
2025-08-28,Pago de la resolución,HMYJZPQJYE,Cobro de la resolución CLA-59B5ANZ99J de la reservación HMYJZPQJYE,G-WP6HGNLCFILDD,COP,75000.0,2146.48,PRINCIPAL
2025-08-28,Reservación,HMKN5QKHMA,,G-WP6HGNLCFILDD,COP,953235.31,2146.48,PRINCIPAL
2025-08-28,Reservación,HMYJZPQJYE,,G-WP6HGNLCFILDD,COP,434435.34,2146.48,PRINCIPAL
2025-08-28,Reservación,HM35XB92BB,,G-WP6HGNLCFILDD,COP,453050.0,2146.48,PRINCIPAL
2025-08-28,Reservación,HMZ3MNBNT3,,G-WP6HGNLCFILDD,COP,225250.0,2146.48,PRINCIPAL
2025-08-28,Reservación,HMASWAQBC3,,G-WP6HGNLCFILDD,COP,440427.03,2146.48,PRINCIPAL
2025-08-28,Reservación,HMFR4FHT5B,,G-WP6HGNLCFILDD,COP,487464.8,2146.48,PRINCIPAL
2025-08-28,Reservación,HM4JZH28PZ,,G-WP6HGNLCFILDD,COP,232997.92,2146.48,PRINCIPAL
2025-08-28,Reservación,HMYZWHDWS9,,G-WP6HGNLCFILDD,COP,768568.44,2146.48,PRINCIPAL
2025-08-28,Reservación,HMHAE2CQRR,,G-WP6HGNLCFILDD,COP,580550.0,2146.48,PRINCIPAL
2025-08-28,Reservación,HMZXAQZYZJ,,G-WP6HGNLCFILDD,COP,1897285.0,2146.48,PRINCIPAL
2025-08-28,Reservación,HMCK3A85CW,,G-WP6HGNLCFILDD,COP,503482.2,2146.48,PRINCIPAL
2025-08-28,Reservación,HMQNKCNBT9,,G-WP6HGNLCFILDD,COP,292850.84,2146.48,PRINCIPAL
2025-08-28,Reservación,HM9QEZWFSK,,G-WP6HGNLCFILDD,COP,503482.2,2146.48,PRINCIPAL
2025-08-28,Reservación,HMBC4T5BFA,,G-WP6HGNLCFILDD,COP,206405.16,2146.48,PRINCIPAL
2025-08-28,Reservación,HM43HPDRHR,,G-WP6HGNLCFILDD,COP,206125.0,2146.48,PRINCIPAL
2025-08-28,Reservación,HMRSD8KTJR,,G-WP6HGNLCFILDD,COP,388025.0,2146.48,PRINCIPAL
2025-08-29,Ajuste de la resolución,HMMPPPW2Q9,Ajuste para la resolución 17564068371036,G-6VWI3MZF2BAMU,COP,-422876.0,994.58,PRINCIPAL
2025-08-29,Reservación,HM5E5FKTDX,,G-6VWI3MZF2BAMU,COP,247193.13,994.58,PRINCIPAL
2025-08-29,Reservación,HMRC5HZSCM,,G-6VWI3MZF2BAMU,COP,597125.0,994.58,PRINCIPAL
2025-08-29,Reservación,HM55MZQMTR,,G-6VWI3MZF2BAMU,COP,505240.0,994.58,PRINCIPAL
2025-08-29,Reservación,HMXSH8KKDN,,G-6VWI3MZF2BAMU,COP,287210.75,994.58,PRINCIPAL
2025-08-29,Reservación,HM9EPNB4ZZ,,G-6VWI3MZF2BAMU,COP,346188.0,994.58,PRINCIPAL
2025-08-29,Reservación,HMPD4PP5TF,,G-6VWI3MZF2BAMU,COP,388025.0,994.58,PRINCIPAL
2025-08-29,Reservación,HMJ4SZYAJR,,G-6VWI3MZF2BAMU,COP,161500.0,994.58,PRINCIPAL
2025-08-29,Reservación,HM8RJ3HMQP,,G-6VWI3MZF2BAMU,COP,319175.0,994.58,PRINCIPAL
2025-08-29,Reservación,HM2KKD53JW,,G-6VWI3MZF2BAMU,COP,629255.85,994.58,PRINCIPAL
2025-08-29,Reservación,HM532HNZJ2,,G-6VWI3MZF2BAMU,COP,350839.2,994.58,PRINCIPAL
2025-08-29,Reservación,HM49484TAT,,G-6VWI3MZF2BAMU,COP,212500.0,994.58,PRINCIPAL
2025-08-29,Reservación,HMX5DK22MN,,G-6VWI3MZF2BAMU,COP,380500.8,994.58,PRINCIPAL
2025-09-01,Reservación,HMKS5QDKHX,,G-IX7T7QHWWEO7H,COP,224106.33,1972.23,PRINCIPAL
2025-09-01,Reservación,HMMXZPHRXX,,G-IX7T7QHWWEO7H,COP,246500.0,1972.23,PRINCIPAL
2025-09-01,Reservación,HMNPMKKYYZ,,G-IX7T7QHWWEO7H,COP,359125.0,1972.23,PRINCIPAL
2025-09-01,Reservación,HM9YTH84HR,,G-IX7T7QHWWEO7H,COP,767088.87,1972.23,PRINCIPAL
2025-09-01,Reservación,HMZ8PDHNSR,,G-IX7T7QHWWEO7H,COP,618571.78,1972.23,PRINCIPAL
2025-09-01,Reservación,HMWE9P2PE8,,G-IX7T7QHWWEO7H,COP,570350.0,1972.23,PRINCIPAL
2025-09-01,Reservación,HMFAEK2XAH,,G-IX7T7QHWWEO7H,COP,885539.95,1972.23,PRINCIPAL
2025-09-01,Reservación,HMRT3MA5ET,,G-IX7T7QHWWEO7H,COP,686083.79,1972.23,PRINCIPAL
2025-09-01,Reservación,HMS5QWRQFJ,,G-IX7T7QHWWEO7H,COP,895985.0,1972.23,PRINCIPAL
2025-09-01,Reservación,HMJJ8SFHJJ,,G-IX7T7QHWWEO7H,COP,1933132.48,1972.23,PRINCIPAL
2025-09-01,Reservación,HM8T4C2JTM,,G-IX7T7QHWWEO7H,COP,731680.0,1972.23,PRINCIPAL
2025-09-01,Reservación,HMX9YFKHWE,,G-OLWMG5R5B3YHL,COP,125252.85,31.2,PRINCIPAL
2025-09-01,Tarifa de cancelación,HME528542S,,G-G6RI6UUYQCER4,COP,-200942.28,1964.43,PRINCIPAL
2025-09-01,Reservación,HMX9YFKHWE,,G-G6RI6UUYQCER4,COP,152643.0,1964.43,PRINCIPAL
2025-09-01,Reservación,HMHZJ9DWP2,,G-G6RI6UUYQCER4,COP,1239215.0,1964.43,PRINCIPAL
2025-09-01,Reservación,HMBDH3NNKY,,G-G6RI6UUYQCER4,COP,1178132.22,1964.43,PRINCIPAL
2025-09-01,Reservación,HME4TDS38R,,G-G6RI6UUYQCER4,COP,451188.5,1964.43,PRINCIPAL
2025-09-01,Reservación,HMEDR84TMM,,G-G6RI6UUYQCER4,COP,315775.0,1964.43,PRINCIPAL
2025-09-01,Reservación,HM22MJNSJW,,G-G6RI6UUYQCER4,COP,230212.5,1964.43,PRINCIPAL
2025-09-01,Reservación,HMZDM4NDP3,,G-G6RI6UUYQCER4,COP,127500.0,1964.43,PRINCIPAL
2025-09-01,Reservación,HMMKJR8AJ2,,G-G6RI6UUYQCER4,COP,885700.0,1964.43,PRINCIPAL
2025-09-01,Reservación,HMR5A3XNYN,,G-G6RI6UUYQCER4,COP,161500.0,1964.43,PRINCIPAL
2025-09-01,Reservación,HMR9DDWWM9,,G-G6RI6UUYQCER4,COP,850000.0,1964.43,PRINCIPAL
2025-09-01,Reservación,HM9P3NB3SA,,G-G6RI6UUYQCER4,COP,203691.28,1964.43,PRINCIPAL
2025-09-01,Reservación,HMK4MREDX4,,G-G6RI6UUYQCER4,COP,380473.52,1964.43,PRINCIPAL
2025-09-01,Reservación,HMNESKFRF8,,G-G6RI6UUYQCER4,COP,129998.15,1964.43,PRINCIPAL
2025-09-01,Reservación,HMDKM3C2JM,,G-G6RI6UUYQCER4,COP,285444.72,1964.43,PRINCIPAL
2025-09-01,Reservación,HMPCNYPKSR,,G-G6RI6UUYQCER4,COP,136000.0,1964.43,PRINCIPAL
2025-09-01,Reservación,HMJPHY988F,,G-G6RI6UUYQCER4,COP,229500.0,1964.43,PRINCIPAL
2025-09-01,Reservación,HMJWAHD8BQ,,G-G6RI6UUYQCER4,COP,198196.2,1964.43,PRINCIPAL
2025-09-01,Reservación,HMS9MQFHQK,,G-G6RI6UUYQCER4,COP,815150.0,1964.43,PRINCIPAL
2025-09-01,Reservación,HMXH2NA5JW,,G-G6RI6UUYQCER4,COP,115295.7,1964.43,PRINCIPAL
2025-09-01,Reservación,HMT3AKBZBC,,G-76FBDRXZ74KTA,COP,165651.78,666.26,PRINCIPAL
2025-09-01,Reservación,HMQ8MA5SSK,,G-76FBDRXZ74KTA,COP,476860.54,666.26,PRINCIPAL
2025-09-01,Reservación,HMSXKTCWMY,,G-76FBDRXZ74KTA,COP,153000.0,666.26,PRINCIPAL
2025-09-01,Reservación,HMXTKTRCHE,,G-76FBDRXZ74KTA,COP,161500.0,666.26,PRINCIPAL
2025-09-01,Reservación,HMZNBXQYDW,,G-76FBDRXZ74KTA,COP,136000.0,666.26,PRINCIPAL
2025-09-01,Reservación,HMZAFTWETH,,G-76FBDRXZ74KTA,COP,353892.4,666.26,PRINCIPAL
2025-09-01,Reservación,HMJEAN9TB9,,G-76FBDRXZ74KTA,COP,198196.2,666.26,PRINCIPAL
2025-09-01,Reservación,HMWYFNZ5SK,,G-76FBDRXZ74KTA,COP,106250.0,666.26,PRINCIPAL
2025-09-01,Reservación,HMDZH85BSF,,G-76FBDRXZ74KTA,COP,118077.58,666.26,PRINCIPAL
2025-09-01,Reservación,HMX9YFKHWE,,G-76FBDRXZ74KTA,COP,354562.2,666.26,PRINCIPAL
2025-09-01,Reservación,HMZT3T5HWD,,G-76FBDRXZ74KTA,COP,300560.0,666.26,PRINCIPAL
2025-09-01,Reservación,HMAXX8SDYA,,G-76FBDRXZ74KTA,COP,153000.0,666.26,PRINCIPAL
2025-09-01,Reservación,HMZXAQZYZJ,,G-EP7PDDXX5K63R,COP,595595.0,148.2,PRINCIPAL
2025-09-01,Reservación,HMJQAQKCWE,,G-EZLWXXSKCFZVN,COP,118476.4,111.72,COLONIA
2025-09-01,Reservación,HMN4RE8QHP,,G-EZLWXXSKCFZVN,COP,105797.8,111.72,COLONIA
2025-09-01,Reservación,HM98SMN9WY,,G-EZLWXXSKCFZVN,COP,224131.4,111.72,COLONIA
2025-08-29,Reservación,HMNTE4C8AH,,G-QP22DT2OVRBUO,USD,11.19,102.58,RH
2025-08-29,Reservación,HMS5WJX554,,G-QP22DT2OVRBUO,USD,73.95,102.58,RH
2025-08-29,Reservación,HM8R8RTJJ8,,G-QP22DT2OVRBUO,USD,17.44,102.58,RH
2025-09-03,Pago de la resolución,HM8XT4RBZR,Cobro de la resolución CLA-W5HX58EQSS de la reservación HM8XT4RBZR,G-E2XEEEITFEWT3,COP,90000.0,3631.2,PRINCIPAL
2025-09-03,Reservación,HMEBTPR59Q,,G-E2XEEEITFEWT3,COP,7387242.82,3631.2,PRINCIPAL
2025-09-03,Reservación,HM8YM58RXW,,G-E2XEEEITFEWT3,COP,665125.0,3631.2,PRINCIPAL
2025-09-03,Reservación,HMKMBXR8TS,,G-E2XEEEITFEWT3,COP,698167.9,3631.2,PRINCIPAL
2025-09-03,Reservación,HMAWWWZT9B,,G-E2XEEEITFEWT3,COP,211723.95,3631.2,PRINCIPAL
2025-09-03,Reservación,HM92KA8RFW,,G-E2XEEEITFEWT3,COP,198866.0,3631.2,PRINCIPAL
2025-09-03,Reservación,HM8XT4RBZR,,G-E2XEEEITFEWT3,COP,1975016.23,3631.2,PRINCIPAL
2025-09-03,Reservación,HMXRXJCF92,,G-E2XEEEITFEWT3,COP,575450.0,3631.2,PRINCIPAL
2025-09-03,Reservación,HM2BWJDB45,,G-E2XEEEITFEWT3,COP,634777.54,3631.2,PRINCIPAL
2025-09-03,Reservación,HMEQ4PB8CB,,G-E2XEEEITFEWT3,COP,1392832.1,3631.2,PRINCIPAL
2025-09-03,Reservación,HMQ2B3PC5T,,G-E2XEEEITFEWT3,COP,206312.0,3631.2,PRINCIPAL
2025-09-03,Reservación,HMC8NAY2CY,,G-E2XEEEITFEWT3,COP,510000.0,3631.2,PRINCIPAL
2025-09-02,Pago de la resolución,HMW8SJ9Z3N,Cobro de la resolución CLA-S42H4ECQ3Q de la reservación HMW8SJ9Z3N,G-DBY7EV4LCZLFI,COP,85000.0,1890.42,PRINCIPAL
2025-09-02,Reservación,HMBJCK58JZ,,G-DBY7EV4LCZLFI,COP,524188.2,1890.42,PRINCIPAL
2025-09-02,Reservación,HMDM8K2J2M,,G-DBY7EV4LCZLFI,COP,176252.6,1890.42,PRINCIPAL
2025-09-02,Reservación,HMWRMJZ4JX,,G-DBY7EV4LCZLFI,COP,549276.16,1890.42,PRINCIPAL
2025-09-02,Reservación,HMW8SJ9Z3N,,G-DBY7EV4LCZLFI,COP,334505.6,1890.42,PRINCIPAL
2025-09-02,Reservación,HM8F59BK4J,,G-DBY7EV4LCZLFI,COP,891650.0,1890.42,PRINCIPAL
2025-09-02,Reservación,HMXFQDR5Z8,,G-DBY7EV4LCZLFI,COP,831950.08,1890.42,PRINCIPAL
2025-09-02,Reservación,HM3DEBBFKQ,,G-DBY7EV4LCZLFI,COP,416130.25,1890.42,PRINCIPAL
2025-09-02,Reservación,HMRFPZ38W4,,G-DBY7EV4LCZLFI,COP,355300.0,1890.42,PRINCIPAL
2025-09-02,Reservación,HMQEXX8KPD,,G-DBY7EV4LCZLFI,COP,235110.0,1890.42,PRINCIPAL
2025-09-02,Reservación,HMXR3Q5FQ5,,G-DBY7EV4LCZLFI,COP,1067147.73,1890.42,PRINCIPAL
2025-09-02,Reservación,HM9HD5FKCE,,G-DBY7EV4LCZLFI,COP,315350.0,1890.42,PRINCIPAL
2025-09-02,Reservación,HMXFABC3ZP,,G-DBY7EV4LCZLFI,COP,459000.0,1890.42,PRINCIPAL
2025-09-02,Reservación,HM2PSAH24W,,G-DBY7EV4LCZLFI,COP,235790.0,1890.42,PRINCIPAL
2025-09-02,Reservación,HM55C4T2NR,,G-DBY7EV4LCZLFI,COP,161500.0,1890.42,PRINCIPAL
2025-09-02,Reservación,HMFFDT5AAJ,,G-DBY7EV4LCZLFI,COP,206312.0,1890.42,PRINCIPAL
2025-09-02,Reservación,HMA2SMZHSB,,G-DBY7EV4LCZLFI,COP,386580.0,1890.42,PRINCIPAL
2025-09-02,Reservación,HMNE8SWK2H,,G-DBY7EV4LCZLFI,COP,362678.0,1890.42,PRINCIPAL
2025-09-02,Reservación,HM2NZEBK33,,G-JVJDBX4GYRU4E,COP,744226.0,185.27,PRINCIPAL
2025-09-02,Reservación,HMX9YFKHWE,,G-TZCKNMT2H26CB,COP,175911.75,43.79,PRINCIPAL
2025-09-04,Reservación,HMRSD8KTJR,,G-OOUFCDVC77NOP,COP,50575.0,1638.04,PRINCIPAL
2025-09-04,Reservación,HMYMHCH3FY,,G-OOUFCDVC77NOP,COP,545790.82,1638.04,PRINCIPAL
2025-09-04,Reservación,HMW5HA8NTS,,G-OOUFCDVC77NOP,COP,961435.0,1638.04,PRINCIPAL
2025-09-04,Reservación,HMR3YEEHHB,,G-OOUFCDVC77NOP,COP,484787.3,1638.04,PRINCIPAL
2025-09-04,Reservación,HM8PZ4DP3Y,,G-OOUFCDVC77NOP,COP,140250.0,1638.04,PRINCIPAL
2025-09-04,Reservación,HMNN2QSFER,,G-OOUFCDVC77NOP,COP,332350.0,1638.04,PRINCIPAL
2025-09-04,Reservación,HMK8TH5SJR,,G-OOUFCDVC77NOP,COP,566100.0,1638.04,PRINCIPAL
2025-09-04,Reservación,HMZ3SYQEAE,,G-OOUFCDVC77NOP,COP,467500.0,1638.04,PRINCIPAL
2025-09-04,Reservación,HMDZPZ2CJZ,,G-OOUFCDVC77NOP,COP,1078983.2,1638.04,PRINCIPAL
2025-09-04,Reservación,HMBZTNDYZ9,,G-OOUFCDVC77NOP,COP,1078983.2,1638.04,PRINCIPAL
2025-09-04,Reservación,HM3K3Q52SX,,G-OOUFCDVC77NOP,COP,235110.0,1638.04,PRINCIPAL
2025-09-04,Reservación,HMFM2KHBKZ,,G-OOUFCDVC77NOP,COP,136000.0,1638.04,PRINCIPAL
2025-09-04,Reservación,HMCQKB3D4W,,G-OOUFCDVC77NOP,COP,480250.0,1638.04,PRINCIPAL
2025-09-08,Reservación,HM4PDKYHJA,,G-B5ZYMANP4CAZF,COP,928408.25,572.27,PRINCIPAL
2025-09-08,Reservación,HM8Z5MCXYJ,,G-B5ZYMANP4CAZF,COP,129326.65,572.27,PRINCIPAL
2025-09-08,Reservación,HMCW9YWJT4,,G-B5ZYMANP4CAZF,COP,884510.0,572.27,PRINCIPAL
2025-09-08,Reservación,HMMA3SSPEA,,G-B5ZYMANP4CAZF,COP,119000.0,572.27,PRINCIPAL
2025-09-08,Reservación,HMTTH284W3,,G-B5ZYMANP4CAZF,COP,93670.0,572.27,PRINCIPAL
2025-09-08,Reservación,HMYJDQY2M9,,G-B5ZYMANP4CAZF,COP,110500.0,572.27,PRINCIPAL
2025-09-08,Pago de la resolución,HMDZPZ2CJZ,Cobro de la resolución CLA-YDESAW595H de la reservación HMDZPZ2CJZ,G-VEYRPVHM3IIB4,COP,95000.0,23.99,PRINCIPAL
2025-09-08,Reservación,HM8ZAFT298,,G-C76GRLIU2Q2E6,COP,430184.87,994.53,PRINCIPAL
2025-09-08,Reservación,HM98SJ5MQM,,G-C76GRLIU2Q2E6,COP,416406.25,994.53,PRINCIPAL
2025-09-08,Reservación,HM548R58W3,,G-C76GRLIU2Q2E6,COP,325323.9,994.53,PRINCIPAL
2025-09-08,Reservación,HMTWKY5R9Y,,G-C76GRLIU2Q2E6,COP,506812.5,994.53,PRINCIPAL
2025-09-08,Reservación,HMKFYDQAJR,,G-C76GRLIU2Q2E6,COP,259250.0,994.53,PRINCIPAL
2025-09-08,Reservación,HMRQSSC5FS,,G-C76GRLIU2Q2E6,COP,283900.0,994.53,PRINCIPAL
2025-09-08,Reservación,HMCC558FBP,,G-C76GRLIU2Q2E6,COP,255850.0,994.53,PRINCIPAL
2025-09-08,Reservación,HMXZDRXBP8,,G-C76GRLIU2Q2E6,COP,241669.45,994.53,PRINCIPAL
2025-09-08,Reservación,HMAMQDH4JC,,G-C76GRLIU2Q2E6,COP,459000.0,994.53,PRINCIPAL
2025-09-08,Reservación,HMMHWSK9MB,,G-C76GRLIU2Q2E6,COP,240813.5,994.53,PRINCIPAL
2025-09-08,Reservación,HMKBNN4JDC,,G-C76GRLIU2Q2E6,COP,134130.54,994.53,PRINCIPAL
2025-09-08,Reservación,HMBXP2D22J,,G-C76GRLIU2Q2E6,COP,385016.0,994.53,PRINCIPAL
2025-09-08,Reservación,HM32B92D8S,,G-YJABV3MXQMJKE,COP,738285.35,186.44,PRINCIPAL
2025-09-08,Reservación,HM8F59BK4J,,G-ZD2GJKM625OH5,COP,83640.0,21.12,PRINCIPAL
2025-09-08,Reservación,HM8T4C2JTM,,G-UYM7GV4FFY2IV,COP,586500.0,147.16,PRINCIPAL
2025-09-05,Reservación,HMX2N8M2CQ,,G-SJWLMACDMJM3A,COP,464339.79,1893.82,PRINCIPAL
2025-09-05,Reservación,HMQEWSS5N9,,G-SJWLMACDMJM3A,COP,330447.36,1893.82,PRINCIPAL
2025-09-05,Reservación,HMMHF3ZAKE,,G-SJWLMACDMJM3A,COP,506812.5,1893.82,PRINCIPAL
2025-09-05,Reservación,HMMY2S8CWD,,G-SJWLMACDMJM3A,COP,703401.04,1893.82,PRINCIPAL
2025-09-05,Reservación,HMTHBWK8NQ,,G-SJWLMACDMJM3A,COP,675070.0,1893.82,PRINCIPAL
2025-09-05,Reservación,HMDX8AZF9R,,G-SJWLMACDMJM3A,COP,416500.0,1893.82,PRINCIPAL
2025-09-05,Reservación,HMZ84AQC9W,,G-SJWLMACDMJM3A,COP,187000.0,1893.82,PRINCIPAL
2025-09-05,Reservación,HM8XH95WJK,,G-SJWLMACDMJM3A,COP,753950.0,1893.82,PRINCIPAL
2025-09-05,Reservación,HM2HT2HMJ8,,G-SJWLMACDMJM3A,COP,303009.5,1893.82,PRINCIPAL
2025-09-05,Reservación,HM9HQE8J3J,,G-SJWLMACDMJM3A,COP,422280.0,1893.82,PRINCIPAL
2025-09-05,Reservación,HMMHBF3XS9,,G-SJWLMACDMJM3A,COP,305065.0,1893.82,PRINCIPAL
2025-09-05,Reservación,HMKTXX3ACW,,G-SJWLMACDMJM3A,COP,1131350.0,1893.82,PRINCIPAL
2025-09-05,Reservación,HMKQX8DZR2,,G-SJWLMACDMJM3A,COP,608600.0,1893.82,PRINCIPAL
2025-09-05,Reservación,HMTPD49F2Y,,G-SJWLMACDMJM3A,COP,646370.6,1893.82,PRINCIPAL
2025-09-05,Reservación,HMFTJAYQH8,,G-SJWLMACDMJM3A,COP,93500.0,1893.82,PRINCIPAL
2025-09-05,Reservación,HMRT4YK4Z3,,G-SFZVQ6WLRL525,COP,272312.71,68.02,PRINCIPAL
2025-09-08,Pago de la resolución,HMW4H95RXF,Cobro de la resolución CLA-Q53X5XJ9AB de la reservación HMW4H95RXF,G-UBYGCZ7XZEWYF,COP,220000.0,1268.85,PRINCIPAL
2025-09-08,Reservación,HME5ZQZXQJ,,G-UBYGCZ7XZEWYF,COP,615940.94,1268.85,PRINCIPAL
2025-09-08,Reservación,HMY8PKSTJ5,,G-UBYGCZ7XZEWYF,COP,558996.92,1268.85,PRINCIPAL
2025-09-08,Reservación,HMFE3SKHZK,,G-UBYGCZ7XZEWYF,COP,328100.0,1268.85,PRINCIPAL
2025-09-08,Reservación,HMFHB9SKCZ,,G-UBYGCZ7XZEWYF,COP,464100.0,1268.85,PRINCIPAL
2025-09-08,Reservación,HMDP88RN5T,,G-UBYGCZ7XZEWYF,COP,473140.36,1268.85,PRINCIPAL
2025-09-08,Reservación,HM3A5JJ9SY,,G-UBYGCZ7XZEWYF,COP,500650.0,1268.85,PRINCIPAL
2025-09-08,Reservación,HMW4H95RXF,,G-UBYGCZ7XZEWYF,COP,710713.05,1268.85,PRINCIPAL
2025-09-08,Reservación,HMQJP83QDH,,G-UBYGCZ7XZEWYF,COP,428485.0,1268.85,PRINCIPAL
2025-09-08,Reservación,HMZS3YT22R,,G-UBYGCZ7XZEWYF,COP,119000.0,1268.85,PRINCIPAL
2025-09-08,Reservación,HMY82NTHWT,,G-UBYGCZ7XZEWYF,COP,607750.0,1268.85,PRINCIPAL
2025-09-11,Ajuste de la resolución,HMHQED2E4T,Ajuste para la resolución 17575489676128,G-5XYDNTUEGL2YZ,COP,-74987.18,878.2,PRINCIPAL
2025-09-11,Reservación,HMJTZWBD5F,,G-5XYDNTUEGL2YZ,COP,374000.0,878.2,PRINCIPAL
2025-09-11,Reservación,HMB8F3RWZZ,,G-5XYDNTUEGL2YZ,COP,404600.0,878.2,PRINCIPAL
2025-09-11,Reservación,HMNP5HDMYN,,G-5XYDNTUEGL2YZ,COP,208071.84,878.2,PRINCIPAL
2025-09-11,Reservación,HM398MP5CT,,G-5XYDNTUEGL2YZ,COP,503482.2,878.2,PRINCIPAL
2025-09-11,Reservación,HM5EYFWB84,,G-5XYDNTUEGL2YZ,COP,170000.0,878.2,PRINCIPAL
2025-09-11,Reservación,HMRD44EE4R,,G-5XYDNTUEGL2YZ,COP,256190.0,878.2,PRINCIPAL
2025-09-11,Reservación,HM8MMMPFDJ,,G-5XYDNTUEGL2YZ,COP,214669.2,878.2,PRINCIPAL
2025-09-11,Reservación,HMD4KSQ24B,,G-5XYDNTUEGL2YZ,COP,503482.2,878.2,PRINCIPAL
2025-09-11,Reservación,HMBZAC8WEQ,,G-5XYDNTUEGL2YZ,COP,524650.3,878.2,PRINCIPAL
2025-09-11,Reservación,HMEBKPBR28,,G-5XYDNTUEGL2YZ,COP,198866.0,878.2,PRINCIPAL
2025-09-11,Reservación,HMYDDHKPNS,,G-5XYDNTUEGL2YZ,COP,163200.0,878.2,PRINCIPAL
2025-09-11,Reservación,HMFHB9SKCZ,,G-U5AQ34O7XQKTU,COP,105400.0,26.86,PRINCIPAL
2025-09-11,Reservación,HM3FYQ23RS,,G-CYOFZGXS7ZARD,COP,614963.1,999.14,PRINCIPAL
2025-09-11,Reservación,HMHQED2E4T,,G-CYOFZGXS7ZARD,COP,467500.0,999.14,PRINCIPAL
2025-09-11,Reservación,HM8XTTTFRA,,G-CYOFZGXS7ZARD,COP,255442.0,999.14,PRINCIPAL
2025-09-11,Reservación,HMYZJY32TN,,G-CYOFZGXS7ZARD,COP,357000.0,999.14,PRINCIPAL
2025-09-11,Reservación,HM83QDPR2E,,G-CYOFZGXS7ZARD,COP,192100.0,999.14,PRINCIPAL
2025-09-11,Reservación,HMK4W3H9QN,,G-CYOFZGXS7ZARD,COP,654500.0,999.14,PRINCIPAL
2025-09-11,Reservación,HMNN9FESC9,,G-CYOFZGXS7ZARD,COP,326187.5,999.14,PRINCIPAL
2025-09-11,Reservación,HM3W8X5B5S,,G-CYOFZGXS7ZARD,COP,376782.9,999.14,PRINCIPAL
2025-09-11,Reservación,HMAWJH8XC2,,G-CYOFZGXS7ZARD,COP,386580.0,999.14,PRINCIPAL
2025-09-11,Reservación,HMX2P23DEQ,,G-CYOFZGXS7ZARD,COP,289000.0,999.14,PRINCIPAL
2025-09-10,Reservación,HMYMHCH3FY,,G-T7AGWK25NXNFZ,COP,57800.0,40.64,PRINCIPAL
2025-09-10,Reservación,HMKQX8DZR2,,G-T7AGWK25NXNFZ,COP,101660.0,40.64,PRINCIPAL
2025-09-09,Reservación,HMBXAZR9X9,,G-XWCEOFNM7MB7U,COP,487181.62,2082.26,PRINCIPAL
2025-09-09,Reservación,HMAYQA3MEQ,,G-XWCEOFNM7MB7U,COP,251940.0,2082.26,PRINCIPAL
2025-09-09,Reservación,HMK3YKAX2A,,G-XWCEOFNM7MB7U,COP,609867.73,2082.26,PRINCIPAL
2025-09-09,Reservación,HM8C8SX9JQ,,G-XWCEOFNM7MB7U,COP,271389.66,2082.26,PRINCIPAL
2025-09-09,Reservación,HM8D2WFHQH,,G-XWCEOFNM7MB7U,COP,647516.98,2082.26,PRINCIPAL
2025-09-09,Reservación,HMJEA5FT99,,G-XWCEOFNM7MB7U,COP,615015.55,2082.26,PRINCIPAL
2025-09-09,Reservación,HMW2DWMCWR,,G-XWCEOFNM7MB7U,COP,575875.0,2082.26,PRINCIPAL
2025-09-09,Reservación,HM4M8JKHYB,,G-XWCEOFNM7MB7U,COP,340000.0,2082.26,PRINCIPAL
2025-09-09,Reservación,HMSZ28DYKF,,G-XWCEOFNM7MB7U,COP,535500.0,2082.26,PRINCIPAL
2025-09-09,Reservación,HM4TR5FDMB,,G-XWCEOFNM7MB7U,COP,136000.0,2082.26,PRINCIPAL
2025-09-09,Reservación,HMYFCM3XJE,,G-XWCEOFNM7MB7U,COP,1827871.96,2082.26,PRINCIPAL
2025-09-09,Reservación,HMSY4ZBQN8,,G-XWCEOFNM7MB7U,COP,396270.0,2082.26,PRINCIPAL
2025-09-09,Reservación,HMXFPN2SFS,,G-XWCEOFNM7MB7U,COP,854280.26,2082.26,PRINCIPAL
2025-09-09,Reservación,HMSFC843FN,,G-XWCEOFNM7MB7U,COP,153340.0,2082.26,PRINCIPAL
2025-09-09,Reservación,HMAXDD4EDZ,,G-XWCEOFNM7MB7U,COP,332690.0,2082.26,PRINCIPAL
2025-09-09,Reservación,HMES94X5ME,,G-XWCEOFNM7MB7U,COP,161500.0,2082.26,PRINCIPAL
2025-09-11,Reservación,HMN2HSKSAM,,G-6QBQAWDUGHSV2,COP,114250.2,115.68,COLONIA
2025-09-11,Reservación,HMHFBHSKYS,,G-6QBQAWDUGHSV2,COP,105797.8,115.68,COLONIA
2025-09-11,Reservación,HMRSEXJ88A,,G-6QBQAWDUGHSV2,COP,233936.18,115.68,COLONIA
2025-09-08,Reservación,HMA2Q9MW8T,,G-XFM4OAF757QBW,COP,118476.4,152.81,COLONIA
2025-09-08,Reservación,HMNFXM9KFB,,G-XFM4OAF757QBW,COP,108608.78,152.81,COLONIA
2025-09-08,Reservación,HM8K4X9DKS,,G-XFM4OAF757QBW,COP,108608.78,152.81,COLONIA
2025-09-08,Reservación,HMETTNHY4J,,G-XFM4OAF757QBW,COP,269204.38,152.81,COLONIA
2025-09-08,Reservación,HMFW5EWBNM,,G-M3NTPETCW2JQX,COP,430598.85,108.74,COLONIA
2025-09-05,Reservación,HMDKQE4SKT,,G-QCH3GLAYKL2SA,COP,105797.8,155.32,COLONIA
2025-09-05,Reservación,HMENWWDNZD,,G-QCH3GLAYKL2SA,COP,141297.88,155.32,COLONIA
2025-09-05,Reservación,HMRAH8NTXD,,G-QCH3GLAYKL2SA,COP,236810.0,155.32,COLONIA
2025-09-05,Reservación,HMMTS2Z4J9,,G-QCH3GLAYKL2SA,COP,135106.68,155.32,COLONIA
2025-09-09,Reservación,HMY3KBNXPW,,G-W4RTOT5JLMQVJ,USD,82.62,101.97,RH
2025-09-09,Reservación,HMEQQTC5DP,,G-W4RTOT5JLMQVJ,USD,19.35,101.97,RH
2025-09-15,Reservación,HM3EYNHCY3,,G-5B3AVPEIILMKC,COP,647637.18,429.04,PRINCIPAL
2025-09-15,Reservación,HM4Q3FHAFN,,G-5B3AVPEIILMKC,COP,381650.0,429.04,PRINCIPAL
2025-09-15,Reservación,HMZMXBQWQW,,G-5B3AVPEIILMKC,COP,208250.0,429.04,PRINCIPAL
2025-09-15,Reservación,HMF2XRSMPE,,G-5B3AVPEIILMKC,COP,204690.88,429.04,PRINCIPAL
2025-09-15,Reservación,HMJQRMPS39,,G-5B3AVPEIILMKC,COP,229500.0,429.04,PRINCIPAL
2025-09-15,Ajuste de la resolución,HMMNSYYZMZ,Ajuste para la resolución 17579300017077,G-LH6GLH325TRYC,COP,-98662.2,135.74,PRINCIPAL
2025-09-15,Reservación,HMPWTBCAMS,,G-LH6GLH325TRYC,COP,66909.19,135.74,PRINCIPAL
2025-09-15,Reservación,HMTYHW5Z4W,,G-LH6GLH325TRYC,COP,510510.0,135.74,PRINCIPAL
2025-09-15,Reservación,HM3FYQ23RS,,G-LH6GLH325TRYC,COP,50161.9,135.74,PRINCIPAL
2025-09-15,Reservación,HMN5K9QNCD,,G-ZX4CV6FRXJSHU,COP,1208933.33,310.19,PRINCIPAL
2025-09-15,Reservación,HMYJKAFYEC,,G-FISHRRDQJAU25,COP,261463.4,1296.27,PRINCIPAL
2025-09-15,Reservación,HMHPPX43MH,,G-FISHRRDQJAU25,COP,383490.32,1296.27,PRINCIPAL
2025-09-15,Reservación,HMH9KHM8ZP,,G-FISHRRDQJAU25,COP,855301.45,1296.27,PRINCIPAL
2025-09-15,Reservación,HMNW9FRWX5,,G-FISHRRDQJAU25,COP,232900.0,1296.27,PRINCIPAL
2025-09-15,Reservación,HM2YZTHH8D,,G-FISHRRDQJAU25,COP,913511.41,1296.27,PRINCIPAL
2025-09-15,Reservación,HMN29EMHNQ,,G-FISHRRDQJAU25,COP,259250.0,1296.27,PRINCIPAL
2025-09-15,Reservación,HMSQ8JT3FQ,,G-FISHRRDQJAU25,COP,359914.48,1296.27,PRINCIPAL
2025-09-15,Reservación,HMEZQ2HZ4M,,G-FISHRRDQJAU25,COP,228104.3,1296.27,PRINCIPAL
2025-09-15,Reservación,HMQXNYD5QE,,G-FISHRRDQJAU25,COP,503482.2,1296.27,PRINCIPAL
2025-09-15,Reservación,HMYKPWZEN8,,G-FISHRRDQJAU25,COP,239235.9,1296.27,PRINCIPAL
2025-09-15,Reservación,HMZTCEB4WE,,G-FISHRRDQJAU25,COP,238000.0,1296.27,PRINCIPAL
2025-09-15,Reservación,HMBDAZQ5S3,,G-FISHRRDQJAU25,COP,344250.0,1296.27,PRINCIPAL
2025-09-15,Reservación,HMTCS8XWQS,,G-FISHRRDQJAU25,COP,116265.31,1296.27,PRINCIPAL
2025-09-15,Reservación,HMPWTBCAMS,,G-FISHRRDQJAU25,COP,225845.68,1296.27,PRINCIPAL
2025-09-15,Ajuste de la resolución,HMBDAZQ5S3,Ajuste para la resolución 17577986397590,G-FISHRRDQJAU25,COP,-65000.0,1296.27,PRINCIPAL
2025-09-15,Ajuste de la resolución,HMBDAZQ5S3,Ajuste para la resolución 17577986363721,G-FISHRRDQJAU25,COP,-34000.0,1296.27,PRINCIPAL
2025-09-15,Ajuste,HMTYHW5Z4W,,G-FISHRRDQJAU25,COP,-10048.82,1296.27,PRINCIPAL
2025-09-15,Reservación,HM3W8X5B5S,,G-QQU4O3SQG6BC6,COP,415745.54,106.67,PRINCIPAL
2025-09-15,Reservación,HMHQ4CNKYY,,G-5XVI2RVZUQ6FF,COP,250478.34,1948.94,PRINCIPAL
2025-09-15,Reservación,HMDEB9JXYM,,G-5XVI2RVZUQ6FF,COP,917619.1,1948.94,PRINCIPAL
2025-09-15,Reservación,HMM43TXT3C,,G-5XVI2RVZUQ6FF,COP,371913.25,1948.94,PRINCIPAL
2025-09-15,Reservación,HMEXF254ZX,,G-5XVI2RVZUQ6FF,COP,332690.0,1948.94,PRINCIPAL
2025-09-15,Reservación,HM229PCZBW,,G-5XVI2RVZUQ6FF,COP,213010.0,1948.94,PRINCIPAL
2025-09-15,Reservación,HMES9BZ2P4,,G-5XVI2RVZUQ6FF,COP,493000.0,1948.94,PRINCIPAL
2025-09-15,Reservación,HMXWZDMMBM,,G-5XVI2RVZUQ6FF,COP,311015.0,1948.94,PRINCIPAL
2025-09-15,Reservación,HM8W8FTZ3X,,G-5XVI2RVZUQ6FF,COP,353892.4,1948.94,PRINCIPAL
2025-09-15,Reservación,HMWFHP8JTS,,G-5XVI2RVZUQ6FF,COP,326187.5,1948.94,PRINCIPAL
2025-09-15,Reservación,HMCFB2KFKM,,G-5XVI2RVZUQ6FF,COP,114250.2,1948.94,PRINCIPAL
2025-09-15,Reservación,HM42EKRQRA,,G-5XVI2RVZUQ6FF,COP,360910.0,1948.94,PRINCIPAL
2025-09-15,Reservación,HMZCR2FXBZ,,G-5XVI2RVZUQ6FF,COP,315350.0,1948.94,PRINCIPAL
2025-09-15,Reservación,HMSFEFSTFN,,G-5XVI2RVZUQ6FF,COP,541262.91,1948.94,PRINCIPAL
2025-09-15,Reservación,HMM82F4PHB,,G-5XVI2RVZUQ6FF,COP,289000.0,1948.94,PRINCIPAL
2025-09-15,Reservación,HM3SSMBJKQ,,G-5XVI2RVZUQ6FF,COP,358700.0,1948.94,PRINCIPAL
2025-09-15,Reservación,HMTMBCP8WP,,G-5XVI2RVZUQ6FF,COP,150790.0,1948.94,PRINCIPAL
2025-09-15,Reservación,HM333JPXDN,,G-5XVI2RVZUQ6FF,COP,252447.55,1948.94,PRINCIPAL
2025-09-15,Reservación,HMPBJRPJTQ,,G-5XVI2RVZUQ6FF,COP,374000.0,1948.94,PRINCIPAL
2025-09-15,Reservación,HMP3DJXE93,,G-5XVI2RVZUQ6FF,COP,274550.0,1948.94,PRINCIPAL
2025-09-15,Reservación,HMSXFQZH8N,,G-5XVI2RVZUQ6FF,COP,213758.0,1948.94,PRINCIPAL
2025-09-15,Reservación,HMTTXS5YBW,,G-5XVI2RVZUQ6FF,COP,238000.0,1948.94,PRINCIPAL
2025-09-15,Reservación,HMFHWH8SFR,,G-5XVI2RVZUQ6FF,COP,186244.48,1948.94,PRINCIPAL
2025-09-15,Reservación,HMNNZTDHTK,,G-5XVI2RVZUQ6FF,COP,361012.72,1948.94,PRINCIPAL
2025-09-13,Reservación,HMTYHW5Z4W,,G-TSHOT4MEVY4Q5,COP,1172712.61,301.34,PRINCIPAL
2025-09-12,Reservación,HM3W8X5B5S,,G-RAQI4ZILRV5ER,COP,68000.0,1670.5,PRINCIPAL
2025-09-12,Reservación,HMJJSP5KTD,,G-RAQI4ZILRV5ER,COP,161500.0,1670.5,PRINCIPAL
2025-09-12,Reservación,HMEAQ32HSM,,G-RAQI4ZILRV5ER,COP,454253.51,1670.5,PRINCIPAL
2025-09-12,Reservación,HM92Z3Q22C,,G-RAQI4ZILRV5ER,COP,530811.7,1670.5,PRINCIPAL
2025-09-12,Reservación,HM98F5YEAM,,G-RAQI4ZILRV5ER,COP,266969.7,1670.5,PRINCIPAL
2025-09-12,Reservación,HMMNSYYZMZ,,G-RAQI4ZILRV5ER,COP,313542.9,1670.5,PRINCIPAL
2025-09-12,Reservación,HM5YFAAZF8,,G-RAQI4ZILRV5ER,COP,1186630.26,1670.5,PRINCIPAL
2025-09-12,Reservación,HMJP9P3DPC,,G-RAQI4ZILRV5ER,COP,586500.0,1670.5,PRINCIPAL
2025-09-12,Reservación,HMCDSXNASK,,G-RAQI4ZILRV5ER,COP,700813.95,1670.5,PRINCIPAL
2025-09-12,Reservación,HMD32YNPEY,,G-RAQI4ZILRV5ER,COP,229500.0,1670.5,PRINCIPAL
2025-09-12,Reservación,HMB5EZWA4C,,G-RAQI4ZILRV5ER,COP,510928.2,1670.5,PRINCIPAL
2025-09-12,Reservación,HM9NES34ZB,,G-RAQI4ZILRV5ER,COP,526490.0,1670.5,PRINCIPAL
2025-09-12,Reservación,HMN5K9QNCD,,G-RAQI4ZILRV5ER,COP,758712.12,1670.5,PRINCIPAL
2025-09-12,Reservación,HMPBWKRZNQ,,G-RAQI4ZILRV5ER,COP,206312.0,1670.5,PRINCIPAL
2025-09-16,Ajuste de la resolución,HM4Q3FHAFN,Ajuste para la resolución 17579662265318,G-JUJHEA6FRJF32,COP,-127205.41,105.11,PRINCIPAL
2025-09-16,Pago de la resolución,HMR3YEEHHB,Reembolso de daños de AirCover para la resolución CLSF-04974816,G-JUJHEA6FRJF32,COP,90983.67,105.11,PRINCIPAL
2025-09-16,Pago de la resolución,HMK4W3H9QN,Cobro de la resolución CLA-8SJ5ECYBYA de la reservación HMK4W3H9QN,G-JUJHEA6FRJF32,COP,75000.0,105.11,PRINCIPAL
2025-09-16,Reservación,HMTYHW5Z4W,,G-JUJHEA6FRJF32,COP,371855.02,105.11,PRINCIPAL
2025-09-16,Reservación,HMFNY2MFB9,,G-YTVNB5HRCXCVM,COP,244892.65,1379.48,PRINCIPAL
2025-09-16,Reservación,HMB5Z29AS9,,G-YTVNB5HRCXCVM,COP,597125.0,1379.48,PRINCIPAL
2025-09-16,Reservación,HM8S4BKNBR,,G-YTVNB5HRCXCVM,COP,592903.05,1379.48,PRINCIPAL
2025-09-16,Reservación,HMPNY5Y2F2,,G-YTVNB5HRCXCVM,COP,464100.0,1379.48,PRINCIPAL
2025-09-16,Reservación,HMWH4X2B99,,G-YTVNB5HRCXCVM,COP,1456220.0,1379.48,PRINCIPAL
2025-09-16,Reservación,HMCQCJE3BZ,,G-YTVNB5HRCXCVM,COP,225250.0,1379.48,PRINCIPAL
2025-09-16,Reservación,HMYQSFB9ZA,,G-YTVNB5HRCXCVM,COP,136000.0,1379.48,PRINCIPAL
2025-09-16,Reservación,HMMSNQMPHF,,G-YTVNB5HRCXCVM,COP,255442.0,1379.48,PRINCIPAL
2025-09-16,Reservación,HMKBN4NET4,,G-YTVNB5HRCXCVM,COP,327775.0,1379.48,PRINCIPAL
2025-09-16,Reservación,HM8N8Y8NTB,,G-YTVNB5HRCXCVM,COP,267750.0,1379.48,PRINCIPAL
2025-09-16,Reservación,HM84YE8CEA,,G-YTVNB5HRCXCVM,COP,198866.0,1379.48,PRINCIPAL
2025-09-16,Reservación,HMHYSDYPBD,,G-YTVNB5HRCXCVM,COP,206312.0,1379.48,PRINCIPAL
2025-09-16,Reservación,HMHTKQ9NZQ,,G-YTVNB5HRCXCVM,COP,416500.0,1379.48,PRINCIPAL
2025-09-18,Reservación,HM8WDDDZK3,,G-UVOM6LB5JMRID,COP,2498031.32,644.45,PRINCIPAL
2025-09-18,Reservación,HMBKWQ2DJ5,,G-HMZBG5BD3HQ4O,COP,514880.66,626.87,PRINCIPAL
2025-09-18,Reservación,HMJJCMR8KT,,G-HMZBG5BD3HQ4O,COP,386750.0,626.87,PRINCIPAL
2025-09-18,Reservación,HMPDTJX4NX,,G-HMZBG5BD3HQ4O,COP,326187.5,626.87,PRINCIPAL
2025-09-18,Reservación,HM2Q2S8EC9,,G-HMZBG5BD3HQ4O,COP,550363.99,626.87,PRINCIPAL
2025-09-18,Reservación,HMQPMESBMM,,G-HMZBG5BD3HQ4O,COP,383881.76,626.87,PRINCIPAL
2025-09-18,Reservación,HMKNYZTFT9,,G-HMZBG5BD3HQ4O,COP,267750.0,626.87,PRINCIPAL
2025-09-18,Reembolso de la tarifa de cancelación,HME528542S,,G-M7PH3HWFIXZV2,COP,200942.28,51.93,PRINCIPAL
2025-09-18,Ajuste de la resolución,HM4Q3FHAFN,Ajuste para la resolución 17580689992523,G-ZBA4TTT4C7NX5,COP,-77992.28,654.81,PRINCIPAL
2025-09-18,Reservación,HMPYZMM59D,,G-ZBA4TTT4C7NX5,COP,328100.0,654.81,PRINCIPAL
2025-09-18,Reservación,HM85QFHTTH,,G-ZBA4TTT4C7NX5,COP,583722.2,654.81,PRINCIPAL
2025-09-18,Reservación,HMRT4YK4Z3,,G-ZBA4TTT4C7NX5,COP,261216.3,654.81,PRINCIPAL
2025-09-18,Reservación,HM8DHRAKHK,,G-ZBA4TTT4C7NX5,COP,213010.0,654.81,PRINCIPAL
2025-09-18,Reservación,HMC3HY8SMK,,G-ZBA4TTT4C7NX5,COP,500429.0,654.81,PRINCIPAL
2025-09-18,Reservación,HMZAEEAX83,,G-ZBA4TTT4C7NX5,COP,229500.0,654.81,PRINCIPAL
2025-09-18,Reservación,HMC8N5JTEB,,G-ZBA4TTT4C7NX5,COP,257686.0,654.81,PRINCIPAL
2025-09-18,Reservación,HMRPCMDYA5,,G-ZBA4TTT4C7NX5,COP,238000.0,654.81,PRINCIPAL
2025-09-17,Reservación,HMP8ZMM358,,G-YSVGNBIXJMMJZ,COP,211452.8,188.22,COLONIA
2025-09-17,Reservación,HMCRKY9FWK,,G-YSVGNBIXJMMJZ,COP,80297.8,188.22,COLONIA
2025-09-17,Reservación,HM5PSR5FWB,,G-YSVGNBIXJMMJZ,COP,317107.8,188.22,COLONIA
2025-09-17,Reservación,HM98Z2AC49,,G-YSVGNBIXJMMJZ,COP,119448.8,188.22,COLONIA
2025-09-15,Reservación,HMKKZS5E8K,,G-JTKQPNSBM32RX,COP,121454.19,142.35,COLONIA
2025-09-15,Reservación,HMJDB3HKBZ,,G-JTKQPNSBM32RX,COP,433195.9,142.35,COLONIA
2025-09-15,Pago de la resolución,HM2XKN53N5,Cobro de la resolución CLA-SA8XH94J2W de la reservación HM2XKN53N5,G-D5XHCM4Q7T3XI,COP,60000.09,308.37,COLONIA
2025-09-15,Reservación,HMYS9P2PCR,,G-D5XHCM4Q7T3XI,COP,211452.8,308.37,COLONIA
2025-09-15,Reservación,HM2XKN53N5,,G-D5XHCM4Q7T3XI,COP,212298.04,308.37,COLONIA
2025-09-15,Reservación,HMTSDY4EDX,,G-D5XHCM4Q7T3XI,COP,122702.6,308.37,COLONIA
2025-09-15,Reservación,HMD2Q88ZC2,,G-D5XHCM4Q7T3XI,COP,126504.65,308.37,COLONIA
2025-09-15,Reservación,HMCRKY9FWK,,G-D5XHCM4Q7T3XI,COP,469543.47,308.37,COLONIA
2025-09-12,Reservación,HMXYAFZEEX,,G-47EAYSLN66ZGL,COP,381600.36,151.99,COLONIA
2025-09-12,Reservación,HMXTWFPAZQ,,G-47EAYSLN66ZGL,COP,209890.23,151.99,COLONIA
2025-09-22,Reservación,HMWZWSJWDD,,G-FUFTPQLXCS27Q,COP,397405.6,147.35,COLONIA
2025-09-22,Reservación,HMQCJZ4QWT,,G-FUFTPQLXCS27Q,COP,176106.4,147.35,COLONIA
2025-09-22,Reservación,HM54S89W43,,G-IMJUILEUCU5FI,COP,272015.37,100.42,COLONIA
2025-09-22,Reservación,HMDBDN54M3,,G-IMJUILEUCU5FI,COP,118476.4,100.42,COLONIA
2025-09-19,Reservación,HM4X5Y2NK3,,G-LNNA5D4MOYSOY,COP,118476.4,118.09,COLONIA
2025-09-19,Reservación,HMP33DJY5P,,G-LNNA5D4MOYSOY,COP,118476.4,118.09,COLONIA
2025-09-19,Reservación,HM4JN9QYP9,,G-LNNA5D4MOYSOY,COP,108608.78,118.09,COLONIA
2025-09-19,Reservación,HMX2YHHEPA,,G-LNNA5D4MOYSOY,COP,114250.2,118.09,COLONIA
2025-09-22,Reservación,HMXFPN2SFS,,G-C2RBQPZGUBSBX,COP,115600.0,29.7,PRINCIPAL
2025-09-22,Reservación,HMCJK8BECK,,G-JNXZLNHJLQ2AZ,COP,994500.0,616.51,PRINCIPAL
2025-09-22,Reservación,HMRSJZHKZJ,,G-JNXZLNHJLQ2AZ,COP,391584.8,616.51,PRINCIPAL
2025-09-22,Reservación,HMW5KCXS3F,,G-JNXZLNHJLQ2AZ,COP,500429.0,616.51,PRINCIPAL
2025-09-22,Reservación,HM8CF29D5S,,G-JNXZLNHJLQ2AZ,COP,212500.0,616.51,PRINCIPAL
2025-09-22,Reservación,HMA9WB9MXM,,G-JNXZLNHJLQ2AZ,COP,300560.0,616.51,PRINCIPAL
2025-09-22,Pago de la resolución,HMRT4YK4Z3,Reembolso de daños de AirCover para la resolución CLSF-04998176,G-JLOLUPRGKRWMX,COP,280000.0,72.0,PRINCIPAL
2025-09-22,Pago de la resolución,HMYZJY32TN,Reembolso de daños de AirCover para la resolución CLSF-04974849,G-FIY46P64MUFMP,COP,100000.0,25.71,PRINCIPAL
2025-09-22,Reservación,HMPAE28JAE,,G-BUFQFCYCCCXI5,COP,153000.0,927.39,PRINCIPAL
2025-09-22,Reservación,HMWPJ2XNNW,,G-BUFQFCYCCCXI5,COP,161500.0,927.39,PRINCIPAL
2025-09-22,Reservación,HMEQ5K9XRN,,G-BUFQFCYCCCXI5,COP,128169.8,927.39,PRINCIPAL
2025-09-22,Reservación,HMCF4QHXJC,,G-BUFQFCYCCCXI5,COP,198866.0,927.39,PRINCIPAL
2025-09-22,Reservación,HME9DEKD2J,,G-BUFQFCYCCCXI5,COP,184280.0,927.39,PRINCIPAL
2025-09-22,Reservación,HMNAQFNFMY,,G-BUFQFCYCCCXI5,COP,310855.2,927.39,PRINCIPAL
2025-09-22,Reservación,HM5WH8RCCN,,G-BUFQFCYCCCXI5,COP,198866.0,927.39,PRINCIPAL
2025-09-22,Reservación,HMDW98NH3R,,G-BUFQFCYCCCXI5,COP,161500.0,927.39,PRINCIPAL
2025-09-22,Reservación,HMFE9KT8TH,,G-BUFQFCYCCCXI5,COP,111350.0,927.39,PRINCIPAL
2025-09-22,Reservación,HMQNQBBKT3,,G-BUFQFCYCCCXI5,COP,206312.0,927.39,PRINCIPAL
2025-09-22,Reservación,HMTAXCWPAR,,G-BUFQFCYCCCXI5,COP,1020192.95,927.39,PRINCIPAL
2025-09-22,Reservación,HMNJ4DATXK,,G-BUFQFCYCCCXI5,COP,206312.0,927.39,PRINCIPAL
2025-09-22,Reservación,HMJECJ4HSF,,G-BUFQFCYCCCXI5,COP,206312.0,927.39,PRINCIPAL
2025-09-22,Reservación,HMC3JD4F3C,,G-BUFQFCYCCCXI5,COP,358955.0,927.39,PRINCIPAL
2025-09-22,Reservación,HMKYCR2YC2,,G-74O2TROTJOBUY,COP,622227.85,159.82,PRINCIPAL
2025-09-22,Reservación,HMB5Z29AS9,,G-DFRTF7RVM3G7P,COP,68000.0,893.58,PRINCIPAL
2025-09-22,Ajuste de la resolución,HMKBN4NET4,Ajuste para la resolución 17583496359049,G-DFRTF7RVM3G7P,COP,-327790.7,893.58,PRINCIPAL
2025-09-22,Ajuste de la resolución,HM92Z3Q22C,Ajuste para la resolución 17583846998457,G-DFRTF7RVM3G7P,COP,-124896.0,893.58,PRINCIPAL
2025-09-22,Reservación,HM495SAAN3,,G-DFRTF7RVM3G7P,COP,323476.85,893.58,PRINCIPAL
2025-09-22,Reservación,HMJM2DQAHF,,G-DFRTF7RVM3G7P,COP,232900.0,893.58,PRINCIPAL
2025-09-22,Reservación,HMXBTTM244,,G-DFRTF7RVM3G7P,COP,250073.4,893.58,PRINCIPAL
2025-09-22,Reservación,HMF3HSP53R,,G-DFRTF7RVM3G7P,COP,509628.08,893.58,PRINCIPAL
2025-09-22,Reservación,HM8J2TRBHK,,G-DFRTF7RVM3G7P,COP,316626.83,893.58,PRINCIPAL
2025-09-22,Reservación,HMJDPF4NXZ,,G-DFRTF7RVM3G7P,COP,187000.0,893.58,PRINCIPAL
2025-09-22,Reservación,HMEY8FB8CJ,,G-DFRTF7RVM3G7P,COP,506535.4,893.58,PRINCIPAL
2025-09-22,Reservación,HMZYA9TY84,,G-DFRTF7RVM3G7P,COP,256190.0,893.58,PRINCIPAL
2025-09-22,Reservación,HM8XJWZDQP,,G-DFRTF7RVM3G7P,COP,353892.4,893.58,PRINCIPAL
2025-09-22,Reservación,HM23NPQZCR,,G-DFRTF7RVM3G7P,COP,330522.5,893.58,PRINCIPAL
2025-09-22,Reservación,HMTWDYFBFY,,G-DFRTF7RVM3G7P,COP,104125.0,893.58,PRINCIPAL
2025-09-22,Reservación,HMMBS38SNK,,G-DFRTF7RVM3G7P,COP,118611.79,893.58,PRINCIPAL
2025-09-22,Reservación,HMHRSRXDBC,,G-DFRTF7RVM3G7P,COP,374000.0,893.58,PRINCIPAL
2025-09-22,Pago de la resolución,HMTYHW5Z4W,Reembolso de daños de AirCover para la resolución CLSF-04991749,G-E7IPB6XNG3YCA,COP,880597.6,226.17,PRINCIPAL
2025-09-19,Pago de la resolución,HMBHWSCPF3,Cobro de la resolución CLA-SH95D328CT de la reservación HMBHWSCPF3,G-KGCXYEQTNZN4G,COP,60000.0,2204.33,PRINCIPAL
2025-09-19,Reservación,HMJHKS9WP2,,G-KGCXYEQTNZN4G,COP,271467.69,2204.33,PRINCIPAL
2025-09-19,Reservación,HMW93KXE9Y,,G-KGCXYEQTNZN4G,COP,231842.17,2204.33,PRINCIPAL
2025-09-19,Reservación,HMSZ59C3QT,,G-KGCXYEQTNZN4G,COP,450371.52,2204.33,PRINCIPAL
2025-09-19,Reservación,HMRZ3XZQ4T,,G-KGCXYEQTNZN4G,COP,1512830.0,2204.33,PRINCIPAL
2025-09-19,Reservación,HMBHWSCPF3,,G-KGCXYEQTNZN4G,COP,301183.9,2204.33,PRINCIPAL
2025-09-19,Reservación,HMSPX28R89,,G-KGCXYEQTNZN4G,COP,438960.53,2204.33,PRINCIPAL
2025-09-19,Reservación,HMJD33BK3X,,G-KGCXYEQTNZN4G,COP,1295666.9,2204.33,PRINCIPAL
2025-09-19,Reservación,HMKMZW9ZEC,,G-KGCXYEQTNZN4G,COP,255620.5,2204.33,PRINCIPAL
2025-09-19,Reservación,HM5ANP2MEY,,G-KGCXYEQTNZN4G,COP,305150.0,2204.33,PRINCIPAL
2025-09-19,Reservación,HMYMM95QKJ,,G-KGCXYEQTNZN4G,COP,235956.6,2204.33,PRINCIPAL
2025-09-19,Reservación,HMK3F555B4,,G-KGCXYEQTNZN4G,COP,301673.57,2204.33,PRINCIPAL
2025-09-19,Reservación,HMHRD2NYJP,,G-KGCXYEQTNZN4G,COP,306000.0,2204.33,PRINCIPAL
2025-09-19,Reservación,HM8WH5HE5J,,G-KGCXYEQTNZN4G,COP,240606.67,2204.33,PRINCIPAL
2025-09-19,Reservación,HMN9JRDYRR,,G-KGCXYEQTNZN4G,COP,463250.0,2204.33,PRINCIPAL
2025-09-19,Reservación,HMKPQK9WMM,,G-KGCXYEQTNZN4G,COP,195143.0,2204.33,PRINCIPAL
2025-09-19,Reservación,HMTHQKS5R2,,G-KGCXYEQTNZN4G,COP,193800.0,2204.33,PRINCIPAL
2025-09-19,Reservación,HMNDE95BDH,,G-KGCXYEQTNZN4G,COP,192100.0,2204.33,PRINCIPAL
2025-09-19,Reservación,HM8823FSAE,,G-KGCXYEQTNZN4G,COP,213010.0,2204.33,PRINCIPAL
2025-09-19,Reservación,HMHCMX34BD,,G-KGCXYEQTNZN4G,COP,549950.0,2204.33,PRINCIPAL
2025-09-19,Reservación,HMMHSEP33H,,G-KGCXYEQTNZN4G,COP,355232.0,2204.33,PRINCIPAL
2025-09-19,Reservación,HMSPA54JCR,,G-KGCXYEQTNZN4G,COP,213010.0,2204.33,PRINCIPAL
2025-09-25,Reservación,HM82BDATJJ,,G-JU42WI7C7SJJR,COP,378860.3,2023.91,PRINCIPAL
2025-09-25,Reservación,HM22KSKDHW,,G-JU42WI7C7SJJR,COP,743624.2,2023.91,PRINCIPAL
2025-09-25,Reservación,HMPF3S5Y3N,,G-JU42WI7C7SJJR,COP,100372.25,2023.91,PRINCIPAL
2025-09-25,Reservación,HMNMCHKXCM,,G-JU42WI7C7SJJR,COP,440687.13,2023.91,PRINCIPAL
2025-09-25,Reservación,HMY9MP5TNA,,G-JU42WI7C7SJJR,COP,316200.0,2023.91,PRINCIPAL
2025-09-25,Reservación,HMSZXC328C,,G-JU42WI7C7SJJR,COP,1679872.66,2023.91,PRINCIPAL
2025-09-25,Reservación,HMPAQWJXFH,,G-JU42WI7C7SJJR,COP,608653.38,2023.91,PRINCIPAL
2025-09-25,Reservación,HM9CMW2QNJ,,G-JU42WI7C7SJJR,COP,588471.15,2023.91,PRINCIPAL
2025-09-25,Reservación,HM58ZQK359,,G-JU42WI7C7SJJR,COP,334897.41,2023.91,PRINCIPAL
2025-09-25,Reservación,HMJJMPTPN4,,G-JU42WI7C7SJJR,COP,585946.82,2023.91,PRINCIPAL
2025-09-25,Reservación,HMMRFXFDNZ,,G-JU42WI7C7SJJR,COP,518500.0,2023.91,PRINCIPAL
2025-09-25,Reservación,HM2RHFR28N,,G-JU42WI7C7SJJR,COP,156400.0,2023.91,PRINCIPAL
2025-09-25,Reservación,HM9FYX48WX,,G-JU42WI7C7SJJR,COP,347786.0,2023.91,PRINCIPAL
2025-09-25,Reservación,HMSCQKTRP5,,G-JU42WI7C7SJJR,COP,503482.2,2023.91,PRINCIPAL
2025-09-25,Reservación,HMDPJJSDZ4,,G-JU42WI7C7SJJR,COP,503482.2,2023.91,PRINCIPAL
2025-09-25,Reservación,HMNXEMZ5FA,,G-JU42WI7C7SJJR,COP,142789.8,2023.91,PRINCIPAL
2025-09-25,Ajuste de la resolución,HMNXEMZ5FA,Ajuste para la resolución 17588109328026,G-JU42WI7C7SJJR,COP,-49997.36,2023.91,PRINCIPAL
2025-09-25,Ajuste de la resolución,HMNXEMZ5FA,Ajuste para la resolución 17588109331151,G-JU42WI7C7SJJR,COP,-35399.59,2023.91,PRINCIPAL
2025-09-25,Reservación,HMHX95NXPH,,G-4AQBIEQHBEDSE,COP,50575.0,41.28,PRINCIPAL
2025-09-25,Pago de la resolución,HME9DEKD2J,Reembolso de daños de AirCover para la resolución CLSF-05007077,G-4AQBIEQHBEDSE,COP,109799.0,41.28,PRINCIPAL
2025-09-25,Reservación,HM5TKACAXH,,G-SQJBGTSZBLHOY,COP,106250.0,27.34,PRINCIPAL
2025-09-24,Reservación,HMHX8HP98S,,G-XGO5MMSUWBDQ4,COP,547376.88,470.58,PRINCIPAL
2025-09-24,Reservación,HMAW5EMJHF,,G-XGO5MMSUWBDQ4,COP,560919.08,470.58,PRINCIPAL
2025-09-24,Reservación,HMZ3YARQKZ,,G-XGO5MMSUWBDQ4,COP,424150.0,470.58,PRINCIPAL
2025-09-24,Reservación,HM8KKJJBY2,,G-XGO5MMSUWBDQ4,COP,182750.0,470.58,PRINCIPAL
2025-09-24,Reservación,HMB8ZWHFRR,,G-XGO5MMSUWBDQ4,COP,102000.0,470.58,PRINCIPAL
2025-09-24,Reservación,HM24MDNN22,,G-N3QVTECPYBDBD,COP,391775.2,1211.69,PRINCIPAL
2025-09-24,Reservación,HMM3Z9WMPQ,,G-N3QVTECPYBDBD,COP,838758.07,1211.69,PRINCIPAL
2025-09-24,Reservación,HMCPZ9Z3XS,,G-N3QVTECPYBDBD,COP,422861.61,1211.69,PRINCIPAL
2025-09-24,Reservación,HMK2YE338M,,G-N3QVTECPYBDBD,COP,425170.0,1211.69,PRINCIPAL
2025-09-24,Reservación,HMHX95NXPH,,G-N3QVTECPYBDBD,COP,185725.0,1211.69,PRINCIPAL
2025-09-24,Reservación,HM5TKACAXH,,G-N3QVTECPYBDBD,COP,267750.0,1211.69,PRINCIPAL
2025-09-24,Reservación,HMYNYSXTS3,,G-N3QVTECPYBDBD,COP,197269.44,1211.69,PRINCIPAL
2025-09-24,Reservación,HMQRZPAT4A,,G-N3QVTECPYBDBD,COP,156400.0,1211.69,PRINCIPAL
2025-09-24,Reservación,HMQDTB5Y4D,,G-N3QVTECPYBDBD,COP,379315.05,1211.69,PRINCIPAL
2025-09-24,Reservación,HMSHQ4JBBY,,G-N3QVTECPYBDBD,COP,430950.0,1211.69,PRINCIPAL
2025-09-24,Reservación,HMXDDHKJE9,,G-N3QVTECPYBDBD,COP,374000.0,1211.69,PRINCIPAL
2025-09-24,Reservación,HMJTSCHSNA,,G-N3QVTECPYBDBD,COP,498902.74,1211.69,PRINCIPAL
2025-09-24,Reservación,HMAZWYHZ2W,,G-N3QVTECPYBDBD,COP,95200.0,1211.69,PRINCIPAL
2025-09-24,Pago de la resolución,HMXR3Q5FQ5,Reembolso de daños de AirCover para la resolución CLSF-04998263,G-4DUJH25LHOHAU,COP,189700.0,49.28,PRINCIPAL
2025-09-24,Reservación,HM5TKACAXH,,G-VUDF6FD532YTZ,COP,106250.0,27.6,PRINCIPAL
2025-09-23,Reservación,HMA9WB9MXM,,G-ZHALAOMKSTKD5,COP,86020.0,22.1,PRINCIPAL
2025-09-24,Reservación,HMZBTB9HDA,,G-HKF3PJS3X2QIK,COP,186095.6,127.06,COLONIA
2025-09-24,Reservación,HMMSKJ3NXC,,G-HKF3PJS3X2QIK,COP,186095.6,127.06,COLONIA
2025-09-24,Reservación,HMZH88JXNB,,G-HKF3PJS3X2QIK,COP,118476.4,127.06,COLONIA
2025-09-25,Reservación,HMKRPCBPYQ,,G-2HBBEWI5NYICF,USD,61.97,164.45,RH
2025-09-25,Reservación,HMWAJSAZHS,,G-2HBBEWI5NYICF,USD,19.86,164.45,RH
2025-09-25,Reservación,HMZKEDBFNY,,G-2HBBEWI5NYICF,USD,82.62,164.45,RH
2025-09-29,Pago de la resolución,HM3W8X5B5S,Reembolso de daños de AirCover para la resolución CLSF-05010575,G-QOCK7QR47SMWM,COP,280000.0,71.76,PRINCIPAL
2025-09-29,Reservación,HMES3WJPDN,,G-CDC5RBAAOISRJ,COP,872100.0,2149.54,PRINCIPAL
2025-09-29,Reservación,HM55EQ2EAW,,G-CDC5RBAAOISRJ,COP,1914077.02,2149.54,PRINCIPAL
2025-09-29,Reservación,HM3BXFJSSR,,G-CDC5RBAAOISRJ,COP,459000.0,2149.54,PRINCIPAL
2025-09-29,Reservación,HME3M9YFEW,,G-CDC5RBAAOISRJ,COP,668100.0,2149.54,PRINCIPAL
2025-09-29,Reservación,HMDX9832PK,,G-CDC5RBAAOISRJ,COP,2179728.95,2149.54,PRINCIPAL
2025-09-29,Reservación,HM44JZ92NM,,G-CDC5RBAAOISRJ,COP,355300.0,2149.54,PRINCIPAL
2025-09-29,Reservación,HMJY3CAWB2,,G-CDC5RBAAOISRJ,COP,170000.0,2149.54,PRINCIPAL
2025-09-29,Reservación,HMTSYFC2Z9,,G-CDC5RBAAOISRJ,COP,125262.12,2149.54,PRINCIPAL
2025-09-29,Reservación,HMQAXCTACP,,G-CDC5RBAAOISRJ,COP,1029143.45,2149.54,PRINCIPAL
2025-09-29,Reservación,HM4W8ENCKJ,,G-CDC5RBAAOISRJ,COP,144500.0,2149.54,PRINCIPAL
2025-09-29,Reservación,HM23RWB489,,G-CDC5RBAAOISRJ,COP,350839.2,2149.54,PRINCIPAL
2025-09-29,Reservación,HMK3RAAZBK,,G-CDC5RBAAOISRJ,COP,119090.1,2149.54,PRINCIPAL
2025-09-29,Reservación,HMFA8KRE9S,,G-WFWEJRUZMGMTF,COP,262242.0,1405.91,PRINCIPAL
2025-09-29,Reservación,HM2ZWRMPM3,,G-WFWEJRUZMGMTF,COP,355813.4,1405.91,PRINCIPAL
2025-09-29,Reservación,HMCM2KX9KR,,G-WFWEJRUZMGMTF,COP,357656.71,1405.91,PRINCIPAL
2025-09-29,Reservación,HMSZBCXN2S,,G-WFWEJRUZMGMTF,COP,302447.85,1405.91,PRINCIPAL
2025-09-29,Reservación,HMEEXDSKA2,,G-WFWEJRUZMGMTF,COP,217600.0,1405.91,PRINCIPAL
2025-09-29,Reservación,HMXXYEXJZA,,G-WFWEJRUZMGMTF,COP,338748.8,1405.91,PRINCIPAL
2025-09-29,Reservación,HMXYXZ8HK3,,G-WFWEJRUZMGMTF,COP,211723.58,1405.91,PRINCIPAL
2025-09-29,Reservación,HMPY29JAKW,,G-WFWEJRUZMGMTF,COP,670055.0,1405.91,PRINCIPAL
2025-09-29,Reservación,HMMS42YH53,,G-WFWEJRUZMGMTF,COP,211723.58,1405.91,PRINCIPAL
2025-09-29,Reservación,HMXDDH3C5S,,G-WFWEJRUZMGMTF,COP,337025.0,1405.91,PRINCIPAL
2025-09-29,Reservación,HMJNMNKMH3,,G-WFWEJRUZMGMTF,COP,334135.72,1405.91,PRINCIPAL
2025-09-29,Reservación,HMMYAMJKSP,,G-WFWEJRUZMGMTF,COP,170000.0,1405.91,PRINCIPAL
2025-09-29,Reservación,HMSHR248K3,,G-WFWEJRUZMGMTF,COP,260016.7,1405.91,PRINCIPAL
2025-09-29,Reservación,HMAEAXMR98,,G-WFWEJRUZMGMTF,COP,467500.0,1405.91,PRINCIPAL
2025-09-29,Reservación,HMBEX22N3H,,G-WFWEJRUZMGMTF,COP,129464.35,1405.91,PRINCIPAL
2025-09-29,Reservación,HMTZSWWPNX,,G-WFWEJRUZMGMTF,COP,506535.4,1405.91,PRINCIPAL
2025-09-29,Reservación,HMSNE99WJS,,G-WFWEJRUZMGMTF,COP,354562.2,1405.91,PRINCIPAL
2025-09-29,Reservación,HMS9AC9TA5,,G-K5I56JI3G63NE,COP,4324883.43,1108.08,PRINCIPAL
2025-09-26,Reservación,HMJTSCHSNA,,G-DZCIRQ5ENYYVK,COP,122400.0,31.36,PRINCIPAL
2025-09-26,Reservación,HMQ4YQKB38,,G-ZWDOANAZNDLWI,COP,236098.55,1648.72,PRINCIPAL
2025-09-26,Reservación,HM2F4HFZ5N,,G-ZWDOANAZNDLWI,COP,381877.63,1648.72,PRINCIPAL
2025-09-26,Reservación,HMMP2BT2T2,,G-ZWDOANAZNDLWI,COP,304111.84,1648.72,PRINCIPAL
2025-09-26,Reservación,HMTYBMEH8N,,G-ZWDOANAZNDLWI,COP,535324.22,1648.72,PRINCIPAL
2025-09-26,Reservación,HMHSQS2AYR,,G-ZWDOANAZNDLWI,COP,253300.0,1648.72,PRINCIPAL
2025-09-26,Reservación,HMDER598YR,,G-ZWDOANAZNDLWI,COP,332690.0,1648.72,PRINCIPAL
2025-09-26,Reservación,HMA9DPFS3D,,G-ZWDOANAZNDLWI,COP,1174865.24,1648.72,PRINCIPAL
2025-09-26,Reservación,HMASP9MFZ2,,G-ZWDOANAZNDLWI,COP,558620.0,1648.72,PRINCIPAL
2025-09-26,Reservación,HMYPWYRH8C,,G-ZWDOANAZNDLWI,COP,352151.98,1648.72,PRINCIPAL
2025-09-26,Reservación,HM3JZZBWMT,,G-ZWDOANAZNDLWI,COP,799850.0,1648.72,PRINCIPAL
2025-09-26,Reservación,HMKSPBDFHS,,G-ZWDOANAZNDLWI,COP,102000.0,1648.72,PRINCIPAL
2025-09-26,Reservación,HM82FH3R2W,,G-ZWDOANAZNDLWI,COP,187000.0,1648.72,PRINCIPAL
2025-09-26,Reservación,HM4NWCQT29,,G-ZWDOANAZNDLWI,COP,123784.96,1648.72,PRINCIPAL
2025-09-26,Reservación,HMZ5ZHZ2RB,,G-ZWDOANAZNDLWI,COP,221000.0,1648.72,PRINCIPAL
2025-09-26,Reservación,HMYFFZKYES,,G-ZWDOANAZNDLWI,COP,365500.0,1648.72,PRINCIPAL
2025-09-26,Reservación,HM32MCZFRN,,G-ZWDOANAZNDLWI,COP,507205.2,1648.72,PRINCIPAL
2025-09-26,Reservación,HMWH4X2B99,,G-LQ7XQ2OCOLZTH,COP,848232.0,217.31,PRINCIPAL
2025-09-29,Pago de la resolución,HMDQS3FCQZ,Cobro de la resolución CLA-592WSDHMQ9 de la reservación HMDQS3FCQZ,G-GKIFFSHAORXWZ,COP,95000.0,1049.78,PRINCIPAL
2025-09-29,Reservación,HMNTJ2RJNY,,G-GKIFFSHAORXWZ,COP,1470956.67,1049.78,PRINCIPAL
2025-09-29,Reservación,HM994PEZ3E,,G-GKIFFSHAORXWZ,COP,617168.0,1049.78,PRINCIPAL
2025-09-29,Reservación,HM8PFJHSAE,,G-GKIFFSHAORXWZ,COP,683373.85,1049.78,PRINCIPAL
2025-09-29,Reservación,HM9TYCW2WA,,G-GKIFFSHAORXWZ,COP,315350.0,1049.78,PRINCIPAL
2025-09-29,Reservación,HM82CF393B,,G-GKIFFSHAORXWZ,COP,249623.62,1049.78,PRINCIPAL
2025-09-29,Reservación,HMDQS3FCQZ,,G-GKIFFSHAORXWZ,COP,664054.85,1049.78,PRINCIPAL
2025-09-29,Reservación,HM4E384HH4,,G-HCQV5TENS6MEL,COP,118476.4,217.88,COLONIA
2025-09-29,Reservación,HMSMKSEFFJ,,G-HCQV5TENS6MEL,COP,304429.2,217.88,COLONIA
2025-09-29,Reservación,HMSMFQ3J9X,,G-HCQV5TENS6MEL,COP,427494.65,217.88,COLONIA
2025-10-02,Pago de la resolución,HMCWPHJSEN,Cobro de la resolución CLA-WNAYJRJS85 de la reservación HMCWPHJSEN,G-KCWXNRXYF7ARP,COP,70000.0,1422.53,PRINCIPAL
2025-10-02,Pago de la resolución,HMEKHAWAKQ,Cobro de la resolución CLA-RXQQD9C8KW de la reservación HMEKHAWAKQ,G-KCWXNRXYF7ARP,COP,80000.0,1422.53,PRINCIPAL
2025-10-02,Reservación,HMMPNJR4SN,,G-KCWXNRXYF7ARP,COP,320274.73,1422.53,PRINCIPAL
2025-10-02,Reservación,HMQPHH33NJ,,G-KCWXNRXYF7ARP,COP,613700.0,1422.53,PRINCIPAL
2025-10-02,Reservación,HMEKHAWAKQ,,G-KCWXNRXYF7ARP,COP,430746.0,1422.53,PRINCIPAL
2025-10-02,Reservación,HMXB2PZPTM,,G-KCWXNRXYF7ARP,COP,779535.85,1422.53,PRINCIPAL
2025-10-02,Reservación,HMSA5YSWTP,,G-KCWXNRXYF7ARP,COP,355300.0,1422.53,PRINCIPAL
2025-10-02,Reservación,HMCWPHJSEN,,G-KCWXNRXYF7ARP,COP,267750.0,1422.53,PRINCIPAL
2025-10-02,Reservación,HMKD2H3XTT,,G-KCWXNRXYF7ARP,COP,497250.0,1422.53,PRINCIPAL
2025-10-02,Reservación,HMSRFAXN53,,G-KCWXNRXYF7ARP,COP,127500.0,1422.53,PRINCIPAL
2025-10-02,Reservación,HMYAFSQE8F,,G-KCWXNRXYF7ARP,COP,655562.5,1422.53,PRINCIPAL
2025-10-02,Reservación,HMMFSN3C2Y,,G-KCWXNRXYF7ARP,COP,484500.0,1422.53,PRINCIPAL
2025-10-02,Reservación,HMBAZAEKWH,,G-KCWXNRXYF7ARP,COP,510928.2,1422.53,PRINCIPAL
2025-10-02,Reservación,HMZRPHQKQC,,G-KCWXNRXYF7ARP,COP,324020.0,1422.53,PRINCIPAL
2025-10-02,Reservación,HMPY29JAKW,,G-SOSC6SXBWLHZP,COP,142290.0,36.27,PRINCIPAL
2025-10-02,Reservación,HMXXQ8CSRF,,G-2V4ZZGEP4GPR3,COP,504857.5,128.71,PRINCIPAL
2025-10-02,Reservación,HMASP9MFZ2,,G-EQTLIECKEBNTL,COP,72930.0,582.76,PRINCIPAL
2025-10-02,Ajuste,HMDX9832PK,,G-EQTLIECKEBNTL,COP,-871891.58,582.76,PRINCIPAL
2025-10-02,Reservación,HMMZY2MH3X,,G-EQTLIECKEBNTL,COP,90101.7,582.76,PRINCIPAL
2025-10-02,Reservación,HM44JZ92NM,,G-EQTLIECKEBNTL,COP,78200.0,582.76,PRINCIPAL
2025-10-02,Reservación,HMPTNFFHPF,,G-EQTLIECKEBNTL,COP,453050.0,582.76,PRINCIPAL
2025-10-02,Reservación,HMKKHQZPH2,,G-EQTLIECKEBNTL,COP,214621.39,582.76,PRINCIPAL
2025-10-02,Reservación,HMTS2Z4NER,,G-EQTLIECKEBNTL,COP,500429.0,582.76,PRINCIPAL
2025-10-02,Reservación,HM5CYJHCKX,,G-EQTLIECKEBNTL,COP,414477.34,582.76,PRINCIPAL
2025-10-02,Reservación,HMJDWYQE23,,G-EQTLIECKEBNTL,COP,969418.2,582.76,PRINCIPAL
2025-10-02,Reservación,HMXAQPABMC,,G-EQTLIECKEBNTL,COP,194548.0,582.76,PRINCIPAL
2025-10-02,Reservación,HMQFKPTFR5,,G-EQTLIECKEBNTL,COP,170000.0,582.76,PRINCIPAL
2025-10-01,Reservación,HMJD33BK3X,,G-Y372ER4KQW7IL,COP,610201.04,155.55,PRINCIPAL
2025-10-01,Reservación,HM8DNX933D,,G-WMT63T5WVX4PM,COP,85000.0,21.67,PRINCIPAL
2025-09-30,Reservación,HMMJWKHJR9,,G-WKHPXEG6CDIXN,COP,728795.52,1031.29,PRINCIPAL
2025-09-30,Reservación,HMYY4MFCK3,,G-WKHPXEG6CDIXN,COP,884802.64,1031.29,PRINCIPAL
2025-09-30,Reservación,HM3BHW3YMY,,G-WKHPXEG6CDIXN,COP,212500.0,1031.29,PRINCIPAL
2025-09-30,Reservación,HMMZY2MH3X,,G-WKHPXEG6CDIXN,COP,259510.1,1031.29,PRINCIPAL
2025-09-30,Reservación,HM8DNX933D,,G-WKHPXEG6CDIXN,COP,212500.0,1031.29,PRINCIPAL
2025-09-30,Reservación,HMBZXZS8DA,,G-WKHPXEG6CDIXN,COP,505750.0,1031.29,PRINCIPAL
2025-09-30,Reservación,HMKB5X553P,,G-WKHPXEG6CDIXN,COP,1241771.46,1031.29,PRINCIPAL
2025-10-06,Reservación,HMC88NNKT8,,G-2HTH5TVZKIPHE,COP,114250.2,115.06,COLONIA
2025-10-06,Reservación,HMKD2SX4CF,,G-2HTH5TVZKIPHE,COP,105797.8,115.06,COLONIA
2025-10-06,Reservación,HMD3F3BXRF,,G-2HTH5TVZKIPHE,COP,119448.8,115.06,COLONIA
2025-10-06,Reservación,HMQDCZKDSM,,G-2HTH5TVZKIPHE,COP,105797.8,115.06,COLONIA
2025-10-06,Reservación,HMEETYPWMM,,G-SARESR7YPXLPQ,COP,211452.8,229.34,COLONIA
2025-10-06,Reservación,HMQRFJ2DAR,,G-SARESR7YPXLPQ,COP,105797.8,229.34,COLONIA
2025-10-06,Reservación,HMB94X3FK4,,G-SARESR7YPXLPQ,COP,118476.4,229.34,COLONIA
2025-10-06,Reservación,HMDM4JJY2T,,G-SARESR7YPXLPQ,COP,186095.6,229.34,COLONIA
2025-10-06,Reservación,HMQEHZYXC8,,G-SARESR7YPXLPQ,COP,266393.4,229.34,COLONIA
2025-10-02,Reservación,HMFRPAM4C3,,G-H4YPYRDXLO4UE,COP,126504.68,145.23,COLONIA
2025-10-02,Reservación,HMWCXTXDYE,,G-H4YPYRDXLO4UE,COP,114250.2,145.23,COLONIA
2025-10-02,Reservación,HM3HKS3Q52,,G-H4YPYRDXLO4UE,COP,105797.8,145.23,COLONIA
2025-10-02,Reservación,HMNMM4FRJ9,,G-H4YPYRDXLO4UE,COP,216682.0,145.23,COLONIA
2025-09-30,Reservación,HMSMFQ3J9X,,G-H4YPYRDXLO4UE,COP,80297.8,0.0,COLONIA
2025-09-30,Ajuste,HMSMFQ3J9X,,G-H4YPYRDXLO4UE,COP,-80297.8,0.0,COLONIA
2025-10-07,Reservación,HMQ3RZXQHP,,G-L6TH5PI5OSKI4,COP,97282.46,25.1,PRINCIPAL
2025-10-06,Reservación,HMQMCAXKJR,,G-A4CKEEWAC474A,COP,784716.6,1500.03,PRINCIPAL
2025-10-06,Reservación,HMZ9TN555C,,G-A4CKEEWAC474A,COP,376746.35,1500.03,PRINCIPAL
2025-10-06,Reservación,HMYE38C2F2,,G-A4CKEEWAC474A,COP,2989782.35,1500.03,PRINCIPAL
2025-10-06,Reservación,HMJT4N3NE5,,G-A4CKEEWAC474A,COP,307895.43,1500.03,PRINCIPAL
2025-10-06,Reservación,HMKWNEWHPB,,G-A4CKEEWAC474A,COP,361511.43,1500.03,PRINCIPAL
2025-10-06,Reservación,HMFKBJTTQW,,G-A4CKEEWAC474A,COP,93500.0,1500.03,PRINCIPAL
2025-10-06,Reservación,HMSY49KWMY,,G-A4CKEEWAC474A,COP,326187.5,1500.03,PRINCIPAL
2025-10-06,Reservación,HMWB9MJ22X,,G-A4CKEEWAC474A,COP,574555.71,1500.03,PRINCIPAL
2025-10-06,Reservación,HMHAHAM5Z8,,G-WVY4EAEYAB4AS,COP,82620.0,21.31,PRINCIPAL
2025-10-06,Pago de la resolución,HMQDTB5Y4D,Reembolso de daños de AirCover para la resolución CLSF-05036791,G-KMWIS2LASYM6R,COP,56000.0,1456.56,PRINCIPAL
2025-10-06,Reservación,HMHD44MHZD,,G-KMWIS2LASYM6R,COP,1539507.08,1456.56,PRINCIPAL
2025-10-06,Reservación,HMB3JQNNWN,,G-KMWIS2LASYM6R,COP,256190.0,1456.56,PRINCIPAL
2025-10-06,Reservación,HM5QPA89NF,,G-KMWIS2LASYM6R,COP,512562.15,1456.56,PRINCIPAL
2025-10-06,Reservación,HMZKKJ4ZDA,,G-KMWIS2LASYM6R,COP,815080.3,1456.56,PRINCIPAL
2025-10-06,Reservación,HMZNSWN4HF,,G-KMWIS2LASYM6R,COP,568103.62,1456.56,PRINCIPAL
2025-10-06,Reservación,HMKAHM4BZ8,,G-KMWIS2LASYM6R,COP,95200.0,1456.56,PRINCIPAL
2025-10-06,Reservación,HMHJNDWDDK,,G-KMWIS2LASYM6R,COP,472600.0,1456.56,PRINCIPAL
2025-10-06,Reservación,HMMYMENNM9,,G-KMWIS2LASYM6R,COP,190666.9,1456.56,PRINCIPAL
2025-10-06,Reservación,HMZXJZKPR9,,G-KMWIS2LASYM6R,COP,892500.0,1456.56,PRINCIPAL
2025-10-06,Reservación,HMNQE8SFF5,,G-KMWIS2LASYM6R,COP,238765.0,1456.56,PRINCIPAL
2025-10-06,Reservación,HMMZJYFQ5Y,,G-BYTHJ6RSNQNM6,COP,209440.0,80.41,PRINCIPAL
2025-10-06,Reservación,HM5CYJHCKX,,G-BYTHJ6RSNQNM6,COP,101761.79,80.41,PRINCIPAL
2025-10-06,Reservación,HMWQC52BDR,,G-BPOG4RLHXV7JE,COP,701165.0,181.04,PRINCIPAL
2025-10-06,Reservación,HMQ3RZXQHP,,G-ETJURLFYBHGIL,COP,506812.5,680.99,PRINCIPAL
2025-10-06,Reservación,HMCQTJKMYC,,G-ETJURLFYBHGIL,COP,116785.92,680.99,PRINCIPAL
2025-10-06,Reservación,HMPC92ESTA,,G-ETJURLFYBHGIL,COP,198866.0,680.99,PRINCIPAL
2025-10-06,Reservación,HMMXZAHAMP,,G-ETJURLFYBHGIL,COP,354562.2,680.99,PRINCIPAL
2025-10-06,Reservación,HMPTR8BXD8,,G-ETJURLFYBHGIL,COP,170000.0,680.99,PRINCIPAL
2025-10-06,Reservación,HMT9Q898DS,,G-ETJURLFYBHGIL,COP,263500.0,680.99,PRINCIPAL
2025-10-06,Reservación,HMQQSS3EKA,,G-ETJURLFYBHGIL,COP,293250.0,680.99,PRINCIPAL
2025-10-06,Reservación,HMKDXKNYBY,,G-ETJURLFYBHGIL,COP,354562.2,680.99,PRINCIPAL
2025-10-06,Reservación,HMHAHAM5Z8,,G-ETJURLFYBHGIL,COP,264168.95,680.99,PRINCIPAL
2025-10-06,Reservación,HMW2XC2ZZR,,G-ETJURLFYBHGIL,COP,114902.15,680.99,PRINCIPAL
2025-10-03,Pago de la resolución,HM2SYPJRWT,Cobro de la resolución CLA-4JTENRF8B3 de la reservación HM2SYPJRWT,G-E62AUVL3CA2JD,COP,75007.68,2222.22,PRINCIPAL
2025-10-03,Reservación,HMWK4PY8KP,,G-E62AUVL3CA2JD,COP,430846.3,2222.22,PRINCIPAL
2025-10-03,Reservación,HMPAXX8943,,G-E62AUVL3CA2JD,COP,187248.03,2222.22,PRINCIPAL
2025-10-03,Reservación,HMSH8MWFT4,,G-E62AUVL3CA2JD,COP,289169.39,2222.22,PRINCIPAL
2025-10-03,Reservación,HMYACE2BR5,,G-E62AUVL3CA2JD,COP,518157.92,2222.22,PRINCIPAL
2025-10-03,Reservación,HMY2DDJJ8C,,G-E62AUVL3CA2JD,COP,664770.04,2222.22,PRINCIPAL
2025-10-03,Reservación,HMRYBX2Y9X,,G-E62AUVL3CA2JD,COP,279072.0,2222.22,PRINCIPAL
2025-10-03,Reservación,HMNWART3KB,,G-E62AUVL3CA2JD,COP,416500.0,2222.22,PRINCIPAL
2025-10-03,Reservación,HMH4KE89AZ,,G-E62AUVL3CA2JD,COP,597188.75,2222.22,PRINCIPAL
2025-10-03,Reservación,HMMZ838DDJ,,G-E62AUVL3CA2JD,COP,356289.4,2222.22,PRINCIPAL
2025-10-03,Reservación,HMDPNB4SWX,,G-E62AUVL3CA2JD,COP,528520.65,2222.22,PRINCIPAL
2025-10-03,Reservación,HM52PEWFQB,,G-E62AUVL3CA2JD,COP,972649.12,2222.22,PRINCIPAL
2025-10-03,Reservación,HMBJXZ45QK,,G-E62AUVL3CA2JD,COP,354562.2,2222.22,PRINCIPAL
2025-10-03,Reservación,HMCC2THFFT,,G-E62AUVL3CA2JD,COP,262140.0,2222.22,PRINCIPAL
2025-10-03,Reservación,HMSR4R3PD4,,G-E62AUVL3CA2JD,COP,472600.0,2222.22,PRINCIPAL
2025-10-03,Reservación,HM2SYPJRWT,,G-E62AUVL3CA2JD,COP,354562.2,2222.22,PRINCIPAL
2025-10-03,Reservación,HMWXK2AXK3,,G-E62AUVL3CA2JD,COP,300560.0,2222.22,PRINCIPAL
2025-10-03,Reservación,HMMZJYFQ5Y,,G-E62AUVL3CA2JD,COP,386308.0,2222.22,PRINCIPAL
2025-10-03,Reservación,HMP4TE2M2N,,G-E62AUVL3CA2JD,COP,114250.2,2222.22,PRINCIPAL
2025-10-03,Reservación,HMNH228YA8,,G-E62AUVL3CA2JD,COP,1077041.09,2222.22,PRINCIPAL
2025-10-08,Reservación,HMYY88EX4D,,G-C7AEFBUTBYIEN,COP,570350.0,1320.59,PRINCIPAL
2025-10-08,Reservación,HMM2Z4NRHQ,,G-C7AEFBUTBYIEN,COP,617268.13,1320.59,PRINCIPAL
2025-10-08,Reservación,HM2B3J9ZWB,,G-C7AEFBUTBYIEN,COP,203000.4,1320.59,PRINCIPAL
2025-10-08,Reservación,HM9CXDMNAJ,,G-C7AEFBUTBYIEN,COP,227242.33,1320.59,PRINCIPAL
2025-10-08,Reservación,HMYKW3YRYK,,G-C7AEFBUTBYIEN,COP,498229.37,1320.59,PRINCIPAL
2025-10-08,Reservación,HMAQYT3XC4,,G-C7AEFBUTBYIEN,COP,645024.71,1320.59,PRINCIPAL
2025-10-08,Reservación,HMAWQPCW52,,G-C7AEFBUTBYIEN,COP,488720.25,1320.59,PRINCIPAL
2025-10-08,Reservación,HMMJMHTT8R,,G-C7AEFBUTBYIEN,COP,472600.0,1320.59,PRINCIPAL
2025-10-08,Reservación,HMBFDB3TA4,,G-C7AEFBUTBYIEN,COP,232900.0,1320.59,PRINCIPAL
2025-10-08,Reservación,HMMACQRM24,,G-C7AEFBUTBYIEN,COP,412250.0,1320.59,PRINCIPAL
2025-10-08,Reservación,HMREQECBE2,,G-C7AEFBUTBYIEN,COP,444584.0,1320.59,PRINCIPAL
2025-10-08,Reservación,HMD92EHD2A,,G-C7AEFBUTBYIEN,COP,310556.0,1320.59,PRINCIPAL
2025-10-08,Reservación,HMT5NS9E4K,,G-ZSYGKDW4HTHQ2,COP,1181452.1,304.57,PRINCIPAL
2025-10-08,Reservación,HMNH228YA8,,G-DJBKO2XCC2Y4B,COP,219829.58,56.67,PRINCIPAL
2025-10-08,Reservación,HMS8NSP2F4,,G-J4ABHTMQPVECF,COP,68000.0,88.36,PRINCIPAL
2025-10-08,Reservación,HMCNSBKEJX,,G-J4ABHTMQPVECF,COP,274757.4,88.36,PRINCIPAL
2025-10-08,Tarifa de cancelación,HMTCJPQX8R,,G-UM3CQIRUW6TQV,COP,-225600.0,1825.09,PRINCIPAL
2025-10-08,Tarifa de cancelación,HM2BAP2H8X,,G-UM3CQIRUW6TQV,COP,-213631.46,1825.09,PRINCIPAL
2025-10-08,Reservación,HMHR3NACRB,,G-UM3CQIRUW6TQV,COP,248625.0,1825.09,PRINCIPAL
2025-10-08,Reservación,HMP8DEDX4Q,,G-UM3CQIRUW6TQV,COP,394091.45,1825.09,PRINCIPAL
2025-10-08,Reservación,HMX5QZJQR9,,G-UM3CQIRUW6TQV,COP,1207726.26,1825.09,PRINCIPAL
2025-10-08,Reservación,HMF8T54WZA,,G-UM3CQIRUW6TQV,COP,291382.55,1825.09,PRINCIPAL
2025-10-08,Reservación,HMDHFPC8BM,,G-UM3CQIRUW6TQV,COP,328714.8,1825.09,PRINCIPAL
2025-10-08,Reservación,HMYDXDP2EQ,,G-UM3CQIRUW6TQV,COP,579700.0,1825.09,PRINCIPAL
2025-10-08,Reservación,HMTDZ2WQRR,,G-UM3CQIRUW6TQV,COP,471580.0,1825.09,PRINCIPAL
2025-10-08,Reservación,HMDTYYR3AD,,G-UM3CQIRUW6TQV,COP,549162.49,1825.09,PRINCIPAL
2025-10-08,Reservación,HM8BCTN9BH,,G-UM3CQIRUW6TQV,COP,354844.74,1825.09,PRINCIPAL
2025-10-08,Reservación,HMYYJKZFB3,,G-UM3CQIRUW6TQV,COP,277100.0,1825.09,PRINCIPAL
2025-10-08,Reservación,HM9WZ2RDZN,,G-UM3CQIRUW6TQV,COP,1796710.21,1825.09,PRINCIPAL
2025-10-08,Reservación,HMS8NSP2F4,,G-UM3CQIRUW6TQV,COP,170000.0,1825.09,PRINCIPAL
2025-10-08,Reservación,HM9SQKDQ99,,G-UM3CQIRUW6TQV,COP,98684.57,1825.09,PRINCIPAL
2025-10-08,Reservación,HMDMCT5ZNT,,G-UM3CQIRUW6TQV,COP,128377.2,1825.09,PRINCIPAL
2025-10-08,Reservación,HM52WBCBF5,,G-UM3CQIRUW6TQV,COP,280500.0,1825.09,PRINCIPAL
2025-10-08,Reservación,HMCNSBKEJX,,G-UM3CQIRUW6TQV,COP,310556.0,1825.09,PRINCIPAL
2025-10-09,Reservación,HM9ZNHK358,,G-PFKBXUOEQAZBG,COP,838865.0,215.59,PRINCIPAL
2025-10-09,Pago de la resolución,HMM93HMCWN,Cobro de la resolución CLA-Y3SXMAJ2KF de la reservación HMM93HMCWN,G-PJXKQCJQ3QMYV,COP,80000.0,833.23,PRINCIPAL
2025-10-09,Reservación,HMJNJAASMS,,G-PJXKQCJQ3QMYV,COP,179473.25,833.23,PRINCIPAL
2025-10-09,Reservación,HMNQAXZWRM,,G-PJXKQCJQ3QMYV,COP,330796.2,833.23,PRINCIPAL
2025-10-09,Reservación,HMM93HMCWN,,G-PJXKQCJQ3QMYV,COP,350882.55,833.23,PRINCIPAL
2025-10-09,Reservación,HM3HPYS8YP,,G-PJXKQCJQ3QMYV,COP,616692.0,833.23,PRINCIPAL
2025-10-09,Reservación,HM32ANW89Y,,G-PJXKQCJQ3QMYV,COP,143065.2,833.23,PRINCIPAL
2025-10-09,Reservación,HMKXB5FP42,,G-PJXKQCJQ3QMYV,COP,653234.35,833.23,PRINCIPAL
2025-10-09,Reservación,HMXZ3KB3KC,,G-PJXKQCJQ3QMYV,COP,134130.54,833.23,PRINCIPAL
2025-10-09,Reservación,HMS8N2CJAW,,G-PJXKQCJQ3QMYV,COP,548532.54,833.23,PRINCIPAL
2025-10-09,Reservación,HM34XF55C2,,G-PJXKQCJQ3QMYV,COP,205306.48,833.23,PRINCIPAL
2025-10-08,Reservación,HMZX8QJ94C,,G-FZ365QZGXNPR2,COP,216441.96,185.02,COLONIA
2025-10-08,Reservación,HMXMAWFX3S,,G-FZ365QZGXNPR2,COP,186095.6,185.02,COLONIA
2025-10-08,Reservación,HM39KDXTE4,,G-FZ365QZGXNPR2,COP,200938.16,185.02,COLONIA
2025-10-08,Reservación,HMP2KS8S8Q,,G-FZ365QZGXNPR2,COP,114250.2,185.02,COLONIA
2025-10-13,Reservación,HMBZT93EFE,,G-6POM3UMLQNCSG,COP,366860.0,1011.25,PRINCIPAL
2025-10-13,Reservación,HM9H2PCKXS,,G-6POM3UMLQNCSG,COP,967904.35,1011.25,PRINCIPAL
2025-10-13,Reservación,HM5K4RKQZ3,,G-6POM3UMLQNCSG,COP,883490.0,1011.25,PRINCIPAL
2025-10-13,Reservación,HMZTBAAN9W,,G-6POM3UMLQNCSG,COP,185300.0,1011.25,PRINCIPAL
2025-10-13,Reservación,HMSNMEFETF,,G-6POM3UMLQNCSG,COP,326187.5,1011.25,PRINCIPAL
2025-10-13,Reservación,HMP2Z22R2F,,G-6POM3UMLQNCSG,COP,225250.0,1011.25,PRINCIPAL
2025-10-13,Reservación,HMTSE5N9E8,,G-6POM3UMLQNCSG,COP,1006400.0,1011.25,PRINCIPAL
2025-10-13,Reservación,HMNH228YA8,,G-KPZCPGLVNRDDL,COP,93840.0,683.41,PRINCIPAL
2025-10-13,Reservación,HM9QED933M,,G-KPZCPGLVNRDDL,COP,1101770.0,683.41,PRINCIPAL
2025-10-13,Reservación,HMST2X2XEB,,G-KPZCPGLVNRDDL,COP,1481465.0,683.41,PRINCIPAL
2025-10-13,Reservación,HMZXJZKPR9,,G-CDYPYZZ34DWRF,COP,84150.0,21.48,PRINCIPAL
2025-10-13,Reservación,HMDB9WTQHZ,,G-Y7Z5DI26R5TFG,COP,252682.05,1524.48,PRINCIPAL
2025-10-13,Reservación,HMS332J4PD,,G-Y7Z5DI26R5TFG,COP,187909.84,1524.48,PRINCIPAL
2025-10-13,Reservación,HMRBBR4KED,,G-Y7Z5DI26R5TFG,COP,235042.85,1524.48,PRINCIPAL
2025-10-13,Reservación,HMK2Q4E5P9,,G-Y7Z5DI26R5TFG,COP,517140.0,1524.48,PRINCIPAL
2025-10-13,Reservación,HMHFYZSCJK,,G-Y7Z5DI26R5TFG,COP,249637.35,1524.48,PRINCIPAL
2025-10-13,Reservación,HM5SHXYART,,G-Y7Z5DI26R5TFG,COP,416500.0,1524.48,PRINCIPAL
2025-10-13,Reservación,HM4BESHJWE,,G-Y7Z5DI26R5TFG,COP,127500.0,1524.48,PRINCIPAL
2025-10-13,Reservación,HMSEE3ZDWM,,G-Y7Z5DI26R5TFG,COP,435495.8,1524.48,PRINCIPAL
2025-10-13,Reservación,HMR3QR5NMF,,G-Y7Z5DI26R5TFG,COP,245875.25,1524.48,PRINCIPAL
2025-10-13,Reservación,HMHKFKNZPK,,G-Y7Z5DI26R5TFG,COP,115095.44,1524.48,PRINCIPAL
2025-10-13,Reservación,HM92DCKKXW,,G-Y7Z5DI26R5TFG,COP,447264.56,1524.48,PRINCIPAL
2025-10-13,Reservación,HMTYHS5YWQ,,G-Y7Z5DI26R5TFG,COP,296975.0,1524.48,PRINCIPAL
2025-10-13,Reservación,HMYZZR2QYM,,G-Y7Z5DI26R5TFG,COP,279645.32,1524.48,PRINCIPAL
2025-10-13,Reservación,HMPDDTQRED,,G-Y7Z5DI26R5TFG,COP,283456.3,1524.48,PRINCIPAL
2025-10-13,Reservación,HMQK9Q5B9N,,G-Y7Z5DI26R5TFG,COP,209100.0,1524.48,PRINCIPAL
2025-10-13,Reservación,HMEZAJWNPQ,,G-Y7Z5DI26R5TFG,COP,450500.0,1524.48,PRINCIPAL
2025-10-13,Reservación,HMJCSYEWCS,,G-Y7Z5DI26R5TFG,COP,203000.4,1524.48,PRINCIPAL
2025-10-13,Reservación,HMEZCWARQ9,,G-Y7Z5DI26R5TFG,COP,357300.05,1524.48,PRINCIPAL
2025-10-13,Reservación,HMZ99S4BFZ,,G-Y7Z5DI26R5TFG,COP,221300.05,1524.48,PRINCIPAL
2025-10-13,Reservación,HMPZKZ4KYA,,G-Y7Z5DI26R5TFG,COP,125238.32,1524.48,PRINCIPAL
2025-10-13,Reservación,HM2BB2AH4P,,G-Y7Z5DI26R5TFG,COP,328100.0,1524.48,PRINCIPAL
2025-10-13,Reservación,HMXSJMF3Z8,,G-GXQ6HR4BILQHX,COP,470900.0,119.95,PRINCIPAL
2025-10-13,Reservación,HMPJ25A5CN,,G-IZIXQOGQH7GTY,COP,142800.0,36.38,PRINCIPAL
2025-10-13,Reservación,HMQCW58ZSK,,G-M2G4J6ALLKMRU,COP,330140.0,1966.79,PRINCIPAL
2025-10-13,Reservación,HM88M3MQTS,,G-M2G4J6ALLKMRU,COP,451816.82,1966.79,PRINCIPAL
2025-10-13,Reservación,HMTREXE2ET,,G-M2G4J6ALLKMRU,COP,827475.0,1966.79,PRINCIPAL
2025-10-13,Reservación,HMWQ8HJC25,,G-M2G4J6ALLKMRU,COP,464074.46,1966.79,PRINCIPAL
2025-10-13,Reservación,HMWKZ3J5WR,,G-M2G4J6ALLKMRU,COP,489023.7,1966.79,PRINCIPAL
2025-10-13,Reservación,HMHM9KAYYC,,G-M2G4J6ALLKMRU,COP,256190.0,1966.79,PRINCIPAL
2025-10-13,Reservación,HMCYXH9CCT,,G-M2G4J6ALLKMRU,COP,275647.21,1966.79,PRINCIPAL
2025-10-13,Reservación,HMENYPM59P,,G-M2G4J6ALLKMRU,COP,495782.26,1966.79,PRINCIPAL
2025-10-13,Reservación,HMX9XWXP54,,G-M2G4J6ALLKMRU,COP,1450113.77,1966.79,PRINCIPAL
2025-10-13,Reservación,HMRM9K9HXS,,G-M2G4J6ALLKMRU,COP,300560.0,1966.79,PRINCIPAL
2025-10-13,Reservación,HM448HFYEK,,G-M2G4J6ALLKMRU,COP,179208.56,1966.79,PRINCIPAL
2025-10-13,Reservación,HMPJ25A5CN,,G-M2G4J6ALLKMRU,COP,315917.12,1966.79,PRINCIPAL
2025-10-13,Reservación,HMTMZQ5MR8,,G-M2G4J6ALLKMRU,COP,179208.56,1966.79,PRINCIPAL
2025-10-13,Reservación,HMQKH9Y23E,,G-M2G4J6ALLKMRU,COP,324405.56,1966.79,PRINCIPAL
2025-10-13,Reservación,HMN2S8Q3DZ,,G-M2G4J6ALLKMRU,COP,132869.28,1966.79,PRINCIPAL
2025-10-13,Reservación,HM4XM8CRJ8,,G-M2G4J6ALLKMRU,COP,119321.64,1966.79,PRINCIPAL
2025-10-13,Reservación,HM4BH8K4CH,,G-M2G4J6ALLKMRU,COP,421407.9,1966.79,PRINCIPAL
2025-10-13,Reservación,HMTBYZCQBW,,G-M2G4J6ALLKMRU,COP,451732.16,1966.79,PRINCIPAL
2025-10-13,Reservación,HMKMSP9TMM,,G-M2G4J6ALLKMRU,COP,249361.95,1966.79,PRINCIPAL
2025-10-13,Reservación,HMAQYT3XC4,,G-7WX3OBZZNMVSS,COP,84150.0,21.45,PRINCIPAL
2025-10-10,Reembolso de la tarifa de cancelación,HMTCJPQX8R,,G-H5VPE7GJPLV6T,COP,240000.0,2747.36,PRINCIPAL
2025-10-10,Reembolso de la tarifa de cancelación,HM2BAP2H8X,,G-H5VPE7GJPLV6T,COP,227267.51,2747.36,PRINCIPAL
2025-10-10,Reservación,HM939ZFYCS,,G-H5VPE7GJPLV6T,COP,690341.1,2747.36,PRINCIPAL
2025-10-10,Reservación,HM2NFKP4BY,,G-H5VPE7GJPLV6T,COP,265701.84,2747.36,PRINCIPAL
2025-10-10,Reservación,HMXBN52RWZ,,G-H5VPE7GJPLV6T,COP,501682.92,2747.36,PRINCIPAL
2025-10-10,Reservación,HMXBJBFXEM,,G-H5VPE7GJPLV6T,COP,265701.84,2747.36,PRINCIPAL
2025-10-10,Reservación,HMT2MEP9EZ,,G-H5VPE7GJPLV6T,COP,318257.51,2747.36,PRINCIPAL
2025-10-10,Reservación,HMRN8QEAKT,,G-H5VPE7GJPLV6T,COP,566305.32,2747.36,PRINCIPAL
2025-10-10,Reservación,HMAH48J94A,,G-H5VPE7GJPLV6T,COP,446350.81,2747.36,PRINCIPAL
2025-10-10,Reservación,HMXWDASERW,,G-H5VPE7GJPLV6T,COP,460021.44,2747.36,PRINCIPAL
2025-10-10,Reservación,HMKDYPF583,,G-H5VPE7GJPLV6T,COP,387382.53,2747.36,PRINCIPAL
2025-10-10,Reservación,HMRC2E3CNK,,G-H5VPE7GJPLV6T,COP,310833.92,2747.36,PRINCIPAL
2025-10-10,Reservación,HMCYEKAJXK,,G-H5VPE7GJPLV6T,COP,831691.0,2747.36,PRINCIPAL
2025-10-10,Reservación,HMBX8B4QPY,,G-H5VPE7GJPLV6T,COP,1557832.5,2747.36,PRINCIPAL
2025-10-10,Reservación,HMBC34WSPA,,G-H5VPE7GJPLV6T,COP,305150.0,2747.36,PRINCIPAL
2025-10-10,Reservación,HMEXACYTQE,,G-H5VPE7GJPLV6T,COP,325244.0,2747.36,PRINCIPAL
2025-10-10,Reservación,HMEPE425R5,,G-H5VPE7GJPLV6T,COP,1219880.54,2747.36,PRINCIPAL
2025-10-10,Reservación,HMJ2A8CEZX,,G-H5VPE7GJPLV6T,COP,119000.0,2747.36,PRINCIPAL
2025-10-10,Reservación,HM3T32KE8C,,G-H5VPE7GJPLV6T,COP,356018.8,2747.36,PRINCIPAL
2025-10-10,Reservación,HMT5YMM99Z,,G-H5VPE7GJPLV6T,COP,313236.56,2747.36,PRINCIPAL
2025-10-10,Reservación,HMXDEB9Q4J,,G-H5VPE7GJPLV6T,COP,449945.12,2747.36,PRINCIPAL
2025-10-10,Reservación,HMRWYP2B4X,,G-H5VPE7GJPLV6T,COP,351367.05,2747.36,PRINCIPAL
2025-10-10,Reservación,HM9Y5QAD89,,G-H5VPE7GJPLV6T,COP,176528.0,2747.36,PRINCIPAL
2025-10-10,Reservación,HMJNJAASMS,,G-H67OMCYJ7UHT4,COP,156944.0,40.35,PRINCIPAL
2025-10-13,Reservación,HM2ZT9QPHB,,G-GTIQ2TYSWF7BJ,COP,196604.25,131.9,COLONIA
2025-10-13,Reservación,HMCJF84C4E,,G-GTIQ2TYSWF7BJ,COP,211452.8,131.9,COLONIA
2025-10-13,Reservación,HMRHF38YQS,,G-GTIQ2TYSWF7BJ,COP,108608.78,131.9,COLONIA
2025-10-13,Reservación,HM8AQ2X58W,,G-WN55PWIOE65CC,COP,117137.14,103.39,COLONIA
2025-10-13,Reservación,HMBD8MNHKZ,,G-WN55PWIOE65CC,COP,288398.06,103.39,COLONIA
2025-10-10,Reservación,HMB352WSME,,G-SCKWV3FGNQMXQ,USD,16.29,101.72,COLONIA
2025-10-10,Reservación,HMAH28W5WB,,G-SCKWV3FGNQMXQ,USD,73.95,101.72,COLONIA
2025-10-10,Reservación,HMQRBEDWNA,,G-SCKWV3FGNQMXQ,USD,11.48,101.72,COLONIA
2025-10-16,Reservación,HMMTXKDRFJ,,G-OTLEQAAXOKU5W,COP,356575.0,1552.77,PRINCIPAL
2025-10-16,Reservación,HMW82F93JB,,G-OTLEQAAXOKU5W,COP,465630.0,1552.77,PRINCIPAL
2025-10-16,Reservación,HMQ22RE5CF,,G-OTLEQAAXOKU5W,COP,451572.32,1552.77,PRINCIPAL
2025-10-16,Reservación,HMYTPQYBCY,,G-OTLEQAAXOKU5W,COP,530025.15,1552.77,PRINCIPAL
2025-10-16,Reservación,HMNYWP99YB,,G-OTLEQAAXOKU5W,COP,465469.35,1552.77,PRINCIPAL
2025-10-16,Reservación,HMHMS42EK8,,G-OTLEQAAXOKU5W,COP,136000.0,1552.77,PRINCIPAL
2025-10-16,Reservación,HMDXHA4YJ9,,G-OTLEQAAXOKU5W,COP,106250.0,1552.77,PRINCIPAL
2025-10-16,Reservación,HMMSP59KBX,,G-OTLEQAAXOKU5W,COP,164900.0,1552.77,PRINCIPAL
2025-10-16,Reservación,HMS8WCFHQ8,,G-OTLEQAAXOKU5W,COP,156041.98,1552.77,PRINCIPAL
2025-10-16,Reservación,HMXMCW5XQS,,G-OTLEQAAXOKU5W,COP,412148.0,1552.77,PRINCIPAL
2025-10-16,Reservación,HMNNFHS9XB,,G-OTLEQAAXOKU5W,COP,412148.0,1552.77,PRINCIPAL
2025-10-16,Reservación,HM84YJM2HH,,G-OTLEQAAXOKU5W,COP,93500.0,1552.77,PRINCIPAL
2025-10-16,Reservación,HMYFBTMHRY,,G-OTLEQAAXOKU5W,COP,287300.0,1552.77,PRINCIPAL
2025-10-16,Reservación,HMEFJM5JTT,,G-OTLEQAAXOKU5W,COP,917527.4,1552.77,PRINCIPAL
2025-10-16,Reservación,HMTTADDXMY,,G-OTLEQAAXOKU5W,COP,153000.0,1552.77,PRINCIPAL
2025-10-16,Reservación,HMC8P92C8D,,G-OTLEQAAXOKU5W,COP,139400.0,1552.77,PRINCIPAL
2025-10-16,Reservación,HMRJJYWKPY,,G-OTLEQAAXOKU5W,COP,382500.0,1552.77,PRINCIPAL
2025-10-16,Reservación,HM22FSS3SK,,G-OTLEQAAXOKU5W,COP,415820.0,1552.77,PRINCIPAL
2025-10-15,Ajuste de la resolución,HMRWYP2B4X,Ajuste para la resolución 17604968319373,G-6XOJQDVZMZSXX,COP,-112011.9,98.42,PRINCIPAL
2025-10-15,Reservación,HMCNFFCC8B,,G-6XOJQDVZMZSXX,COP,172171.51,98.42,PRINCIPAL
2025-10-15,Reservación,HM9TTX8NAN,,G-6XOJQDVZMZSXX,COP,326187.5,98.42,PRINCIPAL
2025-10-14,Reservación,HMYXD88T83,,G-35L4F57V2WQZU,COP,232900.0,1011.88,PRINCIPAL
2025-10-14,Reservación,HM9E3TXKQ4,,G-35L4F57V2WQZU,COP,1735928.48,1011.88,PRINCIPAL
2025-10-14,Reservación,HMB4YAFSYQ,,G-35L4F57V2WQZU,COP,517348.39,1011.88,PRINCIPAL
2025-10-14,Reservación,HM9HWEW8YH,,G-35L4F57V2WQZU,COP,267750.0,1011.88,PRINCIPAL
2025-10-14,Reservación,HMXZXNPYE8,,G-35L4F57V2WQZU,COP,733754.0,1011.88,PRINCIPAL
2025-10-14,Reservación,HMETMH9YFS,,G-35L4F57V2WQZU,COP,136000.0,1011.88,PRINCIPAL
2025-10-14,Reservación,HMH4P4CYAY,,G-35L4F57V2WQZU,COP,244384.05,1011.88,PRINCIPAL
2025-10-14,Reservación,HMD3AZECZB,,G-35L4F57V2WQZU,COP,102000.0,1011.88,PRINCIPAL
2025-10-20,Reservación,HMWKHQ9DQN,,G-3D4DUN5EZXEZP,COP,203000.4,319.18,COLONIA
2025-10-20,Reservación,HMRWKMZB2P,,G-3D4DUN5EZXEZP,COP,113597.94,319.18,COLONIA
2025-10-20,Reservación,HM2JF2J399,,G-3D4DUN5EZXEZP,COP,233936.18,319.18,COLONIA
2025-10-20,Reservación,HMKSXJSF8D,,G-3D4DUN5EZXEZP,COP,273388.7,319.18,COLONIA
2025-10-20,Reservación,HM484SHZ8Y,,G-3D4DUN5EZXEZP,COP,192688.47,319.18,COLONIA
2025-10-20,Reservación,HMB4X29E4N,,G-3D4DUN5EZXEZP,COP,206381.36,319.18,COLONIA
2025-10-20,Reservación,HMQ8BWFBTR,,G-KJJLSWMJ5FNIE,COP,888433.6,1215.99,PRINCIPAL
2025-10-20,Reservación,HMMHRDHM3R,,G-KJJLSWMJ5FNIE,COP,195797.5,1215.99,PRINCIPAL
2025-10-20,Reservación,HMP9E2P8RB,,G-KJJLSWMJ5FNIE,COP,431516.01,1215.99,PRINCIPAL
2025-10-20,Reservación,HMSPXNEBHW,,G-KJJLSWMJ5FNIE,COP,167348.0,1215.99,PRINCIPAL
2025-10-20,Reservación,HMBZXKHPQ4,,G-KJJLSWMJ5FNIE,COP,229500.0,1215.99,PRINCIPAL
2025-10-20,Reservación,HM4A85MSHT,,G-KJJLSWMJ5FNIE,COP,167348.0,1215.99,PRINCIPAL
2025-10-20,Reservación,HM4ZACHNAT,,G-KJJLSWMJ5FNIE,COP,167348.0,1215.99,PRINCIPAL
2025-10-20,Reservación,HMMEXPXJJA,,G-KJJLSWMJ5FNIE,COP,1599428.0,1215.99,PRINCIPAL
2025-10-20,Reservación,HMBX4Z4RFE,,G-KJJLSWMJ5FNIE,COP,300560.0,1215.99,PRINCIPAL
2025-10-20,Reservación,HMYWP2DSHP,,G-KJJLSWMJ5FNIE,COP,128957.38,1215.99,PRINCIPAL
2025-10-20,Reservación,HMDWPCKW9C,,G-KJJLSWMJ5FNIE,COP,246500.0,1215.99,PRINCIPAL
2025-10-20,Reservación,HM3AYKEN2K,,G-KJJLSWMJ5FNIE,COP,136000.0,1215.99,PRINCIPAL
2025-10-20,Reservación,HMFRBW3YTW,,G-5TO2SC5GWXUDM,COP,1025833.71,267.73,PRINCIPAL
2025-10-20,Reservación,HMYHEJZR98,,G-ABEI4VKEE5H6K,COP,540890.57,1419.96,PRINCIPAL
2025-10-20,Reservación,HMC2DDHXJH,,G-ABEI4VKEE5H6K,COP,374348.07,1419.96,PRINCIPAL
2025-10-20,Reservación,HMXF9CBWXQ,,G-ABEI4VKEE5H6K,COP,218908.7,1419.96,PRINCIPAL
2025-10-20,Reservación,HMACN3FHK5,,G-ABEI4VKEE5H6K,COP,445407.95,1419.96,PRINCIPAL
2025-10-20,Reservación,HMARZ93XE8,,G-ABEI4VKEE5H6K,COP,130050.0,1419.96,PRINCIPAL
2025-10-20,Reservación,HM9Y38ZZDN,,G-ABEI4VKEE5H6K,COP,467500.0,1419.96,PRINCIPAL
2025-10-20,Reservación,HMX3DZ8RKA,,G-ABEI4VKEE5H6K,COP,300583.46,1419.96,PRINCIPAL
2025-10-20,Reservación,HMCBHD8JXA,,G-ABEI4VKEE5H6K,COP,222069.91,1419.96,PRINCIPAL
2025-10-20,Reservación,HMPC9ZNE8F,,G-ABEI4VKEE5H6K,COP,555030.7,1419.96,PRINCIPAL
2025-10-20,Reservación,HM2BHJ5DR4,,G-ABEI4VKEE5H6K,COP,182923.4,1419.96,PRINCIPAL
2025-10-20,Reservación,HM9SSTSKDW,,G-ABEI4VKEE5H6K,COP,159282.35,1419.96,PRINCIPAL
2025-10-20,Reservación,HMRWJXP3HF,,G-ABEI4VKEE5H6K,COP,182750.0,1419.96,PRINCIPAL
2025-10-20,Reservación,HMYJEK2T98,,G-ABEI4VKEE5H6K,COP,244562.0,1419.96,PRINCIPAL
2025-10-20,Reservación,HMAYNHASBP,,G-ABEI4VKEE5H6K,COP,414596.0,1419.96,PRINCIPAL
2025-10-20,Reservación,HMCPMYPD9X,,G-ABEI4VKEE5H6K,COP,136000.0,1419.96,PRINCIPAL
2025-10-20,Reservación,HMD3QR8RNB,,G-ABEI4VKEE5H6K,COP,295868.0,1419.96,PRINCIPAL
2025-10-20,Reservación,HMM2FJHN2F,,G-ABEI4VKEE5H6K,COP,203000.4,1419.96,PRINCIPAL
2025-10-20,Reservación,HMMTRFS9MR,,G-ABEI4VKEE5H6K,COP,203000.4,1419.96,PRINCIPAL
2025-10-20,Reservación,HM5RBRB9MY,,G-ABEI4VKEE5H6K,COP,110576.5,1419.96,PRINCIPAL
2025-10-20,Reservación,HMWAXWMSTX,,G-ABEI4VKEE5H6K,COP,109551.4,1419.96,PRINCIPAL
2025-10-20,Ajuste de la resolución,HM9SSTSKDW,Ajuste para la resolución 17607604438555,G-ABEI4VKEE5H6K,COP,-56217.0,1419.96,PRINCIPAL
2025-10-20,Reservación,HMFSQJCEJK,,G-H5NVWU2AD5Z4R,COP,89250.0,23.29,PRINCIPAL
2025-10-18,Reembolso de la tarifa de cancelación,HMM89AK5WB,,G-2NAWLCTDPR4GT,COP,196172.72,50.79,PRINCIPAL
2025-10-17,Reservación,HMMP5NE9E3,,G-PICYP7HXKE2ZD,COP,263376.99,2353.44,PRINCIPAL
2025-10-17,Reservación,HMFTYHJXK5,,G-PICYP7HXKE2ZD,COP,471387.9,2353.44,PRINCIPAL
2025-10-17,Reservación,HM29ZD92T2,,G-PICYP7HXKE2ZD,COP,328100.0,2353.44,PRINCIPAL
2025-10-17,Reservación,HM89J9JBZF,,G-PICYP7HXKE2ZD,COP,556618.04,2353.44,PRINCIPAL
2025-10-17,Reservación,HMXHCW9E2R,,G-PICYP7HXKE2ZD,COP,332519.49,2353.44,PRINCIPAL
2025-10-17,Reservación,HMS3H9Z4SZ,,G-PICYP7HXKE2ZD,COP,524688.59,2353.44,PRINCIPAL
2025-10-17,Reservación,HM228JFKRN,,G-PICYP7HXKE2ZD,COP,685100.0,2353.44,PRINCIPAL
2025-10-17,Reservación,HM35EJEYSZ,,G-PICYP7HXKE2ZD,COP,390999.36,2353.44,PRINCIPAL
2025-10-17,Reservación,HMDB3EQMNN,,G-PICYP7HXKE2ZD,COP,325167.5,2353.44,PRINCIPAL
2025-10-17,Reservación,HMEEZR3HJP,,G-PICYP7HXKE2ZD,COP,1044939.0,2353.44,PRINCIPAL
2025-10-17,Reservación,HMFSQJCEJK,,G-PICYP7HXKE2ZD,COP,397050.3,2353.44,PRINCIPAL
2025-10-17,Reservación,HM95E8Q9P9,,G-PICYP7HXKE2ZD,COP,599607.0,2353.44,PRINCIPAL
2025-10-17,Reservación,HMY3HXJZ4M,,G-PICYP7HXKE2ZD,COP,438600.0,2353.44,PRINCIPAL
2025-10-17,Reservación,HMAXPFSJJP,,G-PICYP7HXKE2ZD,COP,533375.0,2353.44,PRINCIPAL
2025-10-17,Reservación,HMFRW8CSFY,,G-PICYP7HXKE2ZD,COP,736508.0,2353.44,PRINCIPAL
2025-10-17,Reservación,HMWXXYRRKS,,G-PICYP7HXKE2ZD,COP,110500.0,2353.44,PRINCIPAL
2025-10-17,Reservación,HM9FMMDZRA,,G-PICYP7HXKE2ZD,COP,164900.0,2353.44,PRINCIPAL
2025-10-17,Reservación,HMBNTWZXQR,,G-PICYP7HXKE2ZD,COP,386549.4,2353.44,PRINCIPAL
2025-10-17,Reservación,HMJE59E9Z5,,G-PICYP7HXKE2ZD,COP,172440.35,2353.44,PRINCIPAL
2025-10-17,Reservación,HMMC9NBQZX,,G-PICYP7HXKE2ZD,COP,164900.0,2353.44,PRINCIPAL
2025-10-17,Reservación,HMB33FCYHR,,G-PICYP7HXKE2ZD,COP,300560.0,2353.44,PRINCIPAL
2025-10-17,Reservación,HMDN3M2XMD,,G-PICYP7HXKE2ZD,COP,161500.0,2353.44,PRINCIPAL
2025-10-17,Reservación,HMYFBTMHRY,,G-CQS5JGKQ3T27N,COP,153000.0,39.61,PRINCIPAL
2025-10-17,Tarifa de cancelación,HMM89AK5WB,,G-U5CMABNKLTU2G,COP,-196172.72,55.42,PRINCIPAL
2025-10-17,Reservación,HM22FSS3SK,,G-U5CMABNKLTU2G,COP,410193.0,55.42,PRINCIPAL
2025-10-20,Reservación,HMMNA2XBMD,,G-OQOK7JHBL3HAB,COP,1095905.0,285.29,PRINCIPAL
2025-10-20,Reservación,HMXKDBFMBR,,G-O7I2L3I4FQE4E,COP,1661262.95,996.44,PRINCIPAL
2025-10-20,Reservación,HM9RMY94SK,,G-O7I2L3I4FQE4E,COP,287300.0,996.44,PRINCIPAL
2025-10-20,Reservación,HMFJWH2QBY,,G-O7I2L3I4FQE4E,COP,822464.25,996.44,PRINCIPAL
2025-10-20,Reservación,HMFFSDS5A5,,G-O7I2L3I4FQE4E,COP,502316.0,996.44,PRINCIPAL
2025-10-20,Reservación,HMFXM9HP8T,,G-O7I2L3I4FQE4E,COP,128957.38,996.44,PRINCIPAL
2025-10-20,Reservación,HMPSFP8WA4,,G-O7I2L3I4FQE4E,COP,425340.0,996.44,PRINCIPAL
2025-10-20,Pago de la resolución,HMCBHD8JXA,Cobro de la resolución CLA-44T4E9APZJ de la reservación HMCBHD8JXA,G-UOPFQKMH5LFZ5,COP,60000.0,44.37,PRINCIPAL
2025-10-20,Reservación,HMAYNHASBP,,G-UOPFQKMH5LFZ5,COP,110435.4,44.37,PRINCIPAL
2025-10-20,Pago de la resolución,HMDB3EQMNN,Cobro de la resolución CLA-SX444QTWJA de la reservación HMDB3EQMNN,G-GSIKYCXKJ4A2S,COP,20000.0,20.88,PRINCIPAL
2025-10-20,Pago de la resolución,HMACN3FHK5,Cobro de la resolución CLA-DSRK2DA49K de la reservación HMACN3FHK5,G-GSIKYCXKJ4A2S,COP,60000.0,20.88,PRINCIPAL
2025-10-24,Reservación,HMSAYNMNM4,,G-G7C62GNXDPAOV,COP,1147513.6,293.49,PRINCIPAL
2025-10-23,Reservación,HMJHNKFNBP,,G-KMJ4LDE3XOAGX,COP,339072.01,1685.03,PRINCIPAL
2025-10-23,Reservación,HMJKJ2HJDE,,G-KMJ4LDE3XOAGX,COP,374000.0,1685.03,PRINCIPAL
2025-10-23,Reservación,HMPFDWTFYH,,G-KMJ4LDE3XOAGX,COP,1531177.76,1685.03,PRINCIPAL
2025-10-23,Reservación,HMBNQKR2YE,,G-KMJ4LDE3XOAGX,COP,631077.44,1685.03,PRINCIPAL
2025-10-23,Reservación,HM3Y83W5KT,,G-KMJ4LDE3XOAGX,COP,412148.0,1685.03,PRINCIPAL
2025-10-23,Reservación,HMPJCT83M8,,G-KMJ4LDE3XOAGX,COP,588384.45,1685.03,PRINCIPAL
2025-10-23,Reservación,HM4ECZQRFP,,G-KMJ4LDE3XOAGX,COP,287300.0,1685.03,PRINCIPAL
2025-10-23,Reservación,HM4MDRTEDR,,G-KMJ4LDE3XOAGX,COP,412148.0,1685.03,PRINCIPAL
2025-10-23,Reservación,HMFWYDP4HX,,G-KMJ4LDE3XOAGX,COP,285051.38,1685.03,PRINCIPAL
2025-10-23,Reservación,HMRQ4D5423,,G-KMJ4LDE3XOAGX,COP,326187.5,1685.03,PRINCIPAL
2025-10-23,Reservación,HME4S4NN5D,,G-KMJ4LDE3XOAGX,COP,106250.0,1685.03,PRINCIPAL
2025-10-23,Reservación,HMK992HPCX,,G-KMJ4LDE3XOAGX,COP,474300.0,1685.03,PRINCIPAL
2025-10-23,Reservación,HMPYCKXKKA,,G-KMJ4LDE3XOAGX,COP,213167.08,1685.03,PRINCIPAL
2025-10-23,Reservación,HM4BBTY4S3,,G-KMJ4LDE3XOAGX,COP,175100.0,1685.03,PRINCIPAL
2025-10-23,Reservación,HM8CWDAA2R,,G-KMJ4LDE3XOAGX,COP,432820.0,1685.03,PRINCIPAL
2025-10-23,Reservación,HMJZJNCC5Y,,G-EC7CB2KQJ5HPK,COP,382755.0,98.48,PRINCIPAL
2025-10-22,Reservación,HMN3STTW4Z,,G-EF6YWOOWDL7XF,COP,477700.0,794.94,PRINCIPAL
2025-10-22,Reservación,HMEZ5EJDP2,,G-EF6YWOOWDL7XF,COP,335755.1,794.94,PRINCIPAL
2025-10-22,Reservación,HMBENZNQJY,,G-EF6YWOOWDL7XF,COP,182750.0,794.94,PRINCIPAL
2025-10-22,Reservación,HMTAWM84RT,,G-EF6YWOOWDL7XF,COP,306340.0,794.94,PRINCIPAL
2025-10-22,Reservación,HM4RDP5WR2,,G-EF6YWOOWDL7XF,COP,250750.0,794.94,PRINCIPAL
2025-10-22,Reservación,HMBJBXKNS5,,G-EF6YWOOWDL7XF,COP,1026522.81,794.94,PRINCIPAL
2025-10-22,Reservación,HMM3H5HEXT,,G-EF6YWOOWDL7XF,COP,368080.94,794.94,PRINCIPAL
2025-10-22,Reservación,HMFFA58E2X,,G-EF6YWOOWDL7XF,COP,141666.67,794.94,PRINCIPAL
2025-10-21,Reservación,HMZRRXHQ8Y,,G-YP4HP6GMNOX3W,COP,637500.0,1248.2,PRINCIPAL
2025-10-21,Reservación,HMDN58E3QD,,G-YP4HP6GMNOX3W,COP,1045577.57,1248.2,PRINCIPAL
2025-10-21,Reservación,HM2DRSMM3Z,,G-YP4HP6GMNOX3W,COP,727444.45,1248.2,PRINCIPAL
2025-10-21,Reservación,HMD8YJME2W,,G-YP4HP6GMNOX3W,COP,732618.3,1248.2,PRINCIPAL
2025-10-21,Reservación,HMEP4FDNMY,,G-YP4HP6GMNOX3W,COP,109942.4,1248.2,PRINCIPAL
2025-10-21,Reservación,HMJBRATKWC,,G-YP4HP6GMNOX3W,COP,277100.0,1248.2,PRINCIPAL
2025-10-21,Reservación,HM4E9ANNZP,,G-YP4HP6GMNOX3W,COP,761294.0,1248.2,PRINCIPAL
2025-10-21,Reservación,HMAYXQERRQ,,G-YP4HP6GMNOX3W,COP,277100.0,1248.2,PRINCIPAL
2025-10-21,Reservación,HM9XM28WXW,,G-YP4HP6GMNOX3W,COP,175780.0,1248.2,PRINCIPAL
2025-10-21,Reservación,HMSRRSCN9S,,G-YP4HP6GMNOX3W,COP,106250.0,1248.2,PRINCIPAL
2025-10-21,Ajuste,HMY3HXJZ4M,,G-TIQBLIJR4FS2B,COP,-64600.0,21.57,PRINCIPAL
2025-10-21,Reservación,HM22FSS3SK,,G-TIQBLIJR4FS2B,COP,148410.0,21.57,PRINCIPAL
2025-10-21,Reservación,HMTSE5N9E8,,G-G4JH2QWYUYW4D,COP,1002320.0,257.93,PRINCIPAL
2025-10-27,Reservación,HM42E35DCS,,G-IUJEH2S6KCV2J,COP,674380.65,2339.68,PRINCIPAL
2025-10-27,Reservación,HMN5KSEHA8,,G-IUJEH2S6KCV2J,COP,674380.65,2339.68,PRINCIPAL
2025-10-27,Reservación,HM5P4CKTRM,,G-IUJEH2S6KCV2J,COP,325428.38,2339.68,PRINCIPAL
2025-10-27,Reservación,HMBYKHSRHH,,G-IUJEH2S6KCV2J,COP,509849.89,2339.68,PRINCIPAL
2025-10-27,Reservación,HMBBHN5XHH,,G-IUJEH2S6KCV2J,COP,456645.5,2339.68,PRINCIPAL
2025-10-27,Reservación,HM4DEF3FB3,,G-IUJEH2S6KCV2J,COP,319983.35,2339.68,PRINCIPAL
2025-10-27,Reservación,HM98JERKXA,,G-IUJEH2S6KCV2J,COP,335750.0,2339.68,PRINCIPAL
2025-10-27,Reservación,HM9Y9HETKJ,,G-IUJEH2S6KCV2J,COP,287441.1,2339.68,PRINCIPAL
2025-10-27,Reservación,HMDYS2RT3J,,G-IUJEH2S6KCV2J,COP,332429.9,2339.68,PRINCIPAL
2025-10-27,Reservación,HMH2YC3HDF,,G-IUJEH2S6KCV2J,COP,1607287.47,2339.68,PRINCIPAL
2025-10-27,Reservación,HMH3TN2JPJ,,G-IUJEH2S6KCV2J,COP,253640.0,2339.68,PRINCIPAL
2025-10-27,Reservación,HMXYER398M,,G-IUJEH2S6KCV2J,COP,206619.19,2339.68,PRINCIPAL
2025-10-27,Reservación,HMTFZCERYD,,G-IUJEH2S6KCV2J,COP,157250.0,2339.68,PRINCIPAL
2025-10-27,Reservación,HMF3XQBKAJ,,G-IUJEH2S6KCV2J,COP,510429.25,2339.68,PRINCIPAL
2025-10-27,Reservación,HMZZSNA2BR,,G-IUJEH2S6KCV2J,COP,136000.0,2339.68,PRINCIPAL
2025-10-27,Reservación,HMAW3ATHC3,,G-IUJEH2S6KCV2J,COP,232414.75,2339.68,PRINCIPAL
2025-10-27,Reservación,HMCBPKBQD8,,G-IUJEH2S6KCV2J,COP,125238.32,2339.68,PRINCIPAL
2025-10-27,Reservación,HMWPN5TQ4X,,G-IUJEH2S6KCV2J,COP,412148.0,2339.68,PRINCIPAL
2025-10-27,Reservación,HM3FJNJJQR,,G-IUJEH2S6KCV2J,COP,289748.0,2339.68,PRINCIPAL
2025-10-27,Reservación,HMABSDH9DT,,G-IUJEH2S6KCV2J,COP,167348.0,2339.68,PRINCIPAL
2025-10-27,Reservación,HMBH5MTDMQ,,G-IUJEH2S6KCV2J,COP,412148.0,2339.68,PRINCIPAL
2025-10-27,Reservación,HMWQNK4X29,,G-IUJEH2S6KCV2J,COP,501500.0,2339.68,PRINCIPAL
2025-10-27,Reservación,HMBXHTDHXR,,G-IUJEH2S6KCV2J,COP,118077.58,2339.68,PRINCIPAL
2025-10-27,Reservación,HMENRREJWW,,G-TDCOXDFCGNVIA,COP,310080.0,80.26,PRINCIPAL
2025-10-27,Ajuste,HM5RBRB9MY,,G-C5KD7HD3NJ3FP,COP,-110576.5,1756.03,PRINCIPAL
2025-10-27,Reservación,HM5X3SWM4Y,,G-C5KD7HD3NJ3FP,COP,651515.52,1756.03,PRINCIPAL
2025-10-27,Reservación,HMENRREJWW,,G-C5KD7HD3NJ3FP,COP,334900.0,1756.03,PRINCIPAL
2025-10-27,Reservación,HMH3ZE5DHA,,G-C5KD7HD3NJ3FP,COP,263543.86,1756.03,PRINCIPAL
2025-10-27,Reservación,HMRQ92EBNA,,G-C5KD7HD3NJ3FP,COP,441099.25,1756.03,PRINCIPAL
2025-10-27,Reservación,HMKPSZWYMN,,G-C5KD7HD3NJ3FP,COP,315917.12,1756.03,PRINCIPAL
2025-10-27,Reservación,HM28AT8DP2,,G-C5KD7HD3NJ3FP,COP,352882.43,1756.03,PRINCIPAL
2025-10-27,Reservación,HMKHSZB4DS,,G-C5KD7HD3NJ3FP,COP,986313.48,1756.03,PRINCIPAL
2025-10-27,Reservación,HMYY8PZYQC,,G-C5KD7HD3NJ3FP,COP,232414.75,1756.03,PRINCIPAL
2025-10-27,Reservación,HMXAD23BXR,,G-C5KD7HD3NJ3FP,COP,592195.0,1756.03,PRINCIPAL
2025-10-27,Reservación,HMPF2SFKFA,,G-C5KD7HD3NJ3FP,COP,300560.0,1756.03,PRINCIPAL
2025-10-27,Reservación,HMCYBQPYEJ,,G-C5KD7HD3NJ3FP,COP,300560.0,1756.03,PRINCIPAL
2025-10-27,Reservación,HMF22CRJNF,,G-C5KD7HD3NJ3FP,COP,309629.64,1756.03,PRINCIPAL
2025-10-27,Reservación,HM483HA2Q3,,G-C5KD7HD3NJ3FP,COP,368769.1,1756.03,PRINCIPAL
2025-10-27,Reservación,HMT8T2NZWT,,G-C5KD7HD3NJ3FP,COP,676264.25,1756.03,PRINCIPAL
2025-10-27,Reservación,HMZJH4R5JN,,G-C5KD7HD3NJ3FP,COP,349350.0,1756.03,PRINCIPAL
2025-10-27,Reservación,HMAJRPPHW3,,G-C5KD7HD3NJ3FP,COP,189323.9,1756.03,PRINCIPAL
2025-10-27,Reservación,HMJP3FWFH5,,G-C5KD7HD3NJ3FP,COP,114954.0,1756.03,PRINCIPAL
2025-10-27,Reservación,HMC49DDDTJ,,G-C5KD7HD3NJ3FP,COP,114321.26,1756.03,PRINCIPAL
2025-10-27,Reservación,HM2JE4XMHB,,G-HTRZG6VDIR5VH,COP,531590.0,249.62,PRINCIPAL
2025-10-27,Reservación,HMBYY4XQXM,,G-HTRZG6VDIR5VH,COP,547485.0,249.62,PRINCIPAL
2025-10-27,Ajuste,HMJKJ2HJDE,,G-HTRZG6VDIR5VH,COP,-114750.0,249.62,PRINCIPAL
2025-10-27,Reservación,HMPDWM8RAQ,,G-EYZ5X3OEDJXOM,COP,264982.74,2915.32,PRINCIPAL
2025-10-27,Reservación,HMAWRJX2A3,,G-EYZ5X3OEDJXOM,COP,576474.25,2915.32,PRINCIPAL
2025-10-27,Reservación,HMTHNTQS5T,,G-EYZ5X3OEDJXOM,COP,3026094.55,2915.32,PRINCIPAL
2025-10-27,Reservación,HMDTJM5858,,G-EYZ5X3OEDJXOM,COP,589746.83,2915.32,PRINCIPAL
2025-10-27,Reservación,HMWXEC9Z4F,,G-EYZ5X3OEDJXOM,COP,1094698.0,2915.32,PRINCIPAL
2025-10-27,Reservación,HMBZ43ANRP,,G-EYZ5X3OEDJXOM,COP,416500.0,2915.32,PRINCIPAL
2025-10-27,Reservación,HMAWBEKWPR,,G-EYZ5X3OEDJXOM,COP,435260.73,2915.32,PRINCIPAL
2025-10-27,Reservación,HMMS2JAFX9,,G-EYZ5X3OEDJXOM,COP,201609.8,2915.32,PRINCIPAL
2025-10-27,Reservación,HMT9TDMA8A,,G-EYZ5X3OEDJXOM,COP,719215.22,2915.32,PRINCIPAL
2025-10-27,Reservación,HMPWYH3JE3,,G-EYZ5X3OEDJXOM,COP,469263.45,2915.32,PRINCIPAL
2025-10-27,Reservación,HM43HR39NK,,G-EYZ5X3OEDJXOM,COP,660785.92,2915.32,PRINCIPAL
2025-10-27,Reservación,HM2YWYWRHW,,G-EYZ5X3OEDJXOM,COP,447297.2,2915.32,PRINCIPAL
2025-10-27,Reservación,HM4FTZEK4P,,G-EYZ5X3OEDJXOM,COP,168980.0,2915.32,PRINCIPAL
2025-10-27,Reservación,HME8CTJ8RC,,G-EYZ5X3OEDJXOM,COP,336142.1,2915.32,PRINCIPAL
2025-10-27,Reservación,HMMFMXSSWX,,G-EYZ5X3OEDJXOM,COP,253640.0,2915.32,PRINCIPAL
2025-10-27,Reservación,HM9E9BC4Q8,,G-EYZ5X3OEDJXOM,COP,540232.8,2915.32,PRINCIPAL
2025-10-27,Reservación,HM5XCFDNNQ,,G-EYZ5X3OEDJXOM,COP,294780.0,2915.32,PRINCIPAL
2025-10-27,Reservación,HMEP8TDR9Q,,G-EYZ5X3OEDJXOM,COP,215398.5,2915.32,PRINCIPAL
2025-10-27,Reservación,HMZNQH2KJ3,,G-EYZ5X3OEDJXOM,COP,273360.0,2915.32,PRINCIPAL
2025-10-27,Reservación,HMQEMDZZTX,,G-EYZ5X3OEDJXOM,COP,114282.5,2915.32,PRINCIPAL
2025-10-27,Reservación,HMAYQRBTQY,,G-EYZ5X3OEDJXOM,COP,209963.6,2915.32,PRINCIPAL
2025-10-27,Reservación,HME2TWPSDA,,G-Z2S4LJ756DD2U,COP,622028.28,160.8,PRINCIPAL
2025-10-27,Reservación,HM9QQ93S2N,,G-2T6H5L5FPGGBD,COP,238494.95,1434.85,PRINCIPAL
2025-10-27,Reservación,HM5YX2K2E9,,G-2T6H5L5FPGGBD,COP,182750.0,1434.85,PRINCIPAL
2025-10-27,Reservación,HMZY3K9S3K,,G-2T6H5L5FPGGBD,COP,581307.35,1434.85,PRINCIPAL
2025-10-27,Reservación,HMAZ3SFYB3,,G-2T6H5L5FPGGBD,COP,186617.5,1434.85,PRINCIPAL
2025-10-27,Reservación,HMFM842QAP,,G-2T6H5L5FPGGBD,COP,202014.4,1434.85,PRINCIPAL
2025-10-27,Reservación,HMWMRFWBS3,,G-2T6H5L5FPGGBD,COP,326187.5,1434.85,PRINCIPAL
2025-10-27,Reservación,HMZJ3FP5QA,,G-2T6H5L5FPGGBD,COP,93500.0,1434.85,PRINCIPAL
2025-10-27,Reservación,HMNY5R8B8H,,G-2T6H5L5FPGGBD,COP,164900.0,1434.85,PRINCIPAL
2025-10-27,Reservación,HM48MHKA8T,,G-2T6H5L5FPGGBD,COP,982276.69,1434.85,PRINCIPAL
2025-10-27,Reservación,HM3MYBH42F,,G-2T6H5L5FPGGBD,COP,253640.0,1434.85,PRINCIPAL
2025-10-27,Reservación,HMWPM3Y5H5,,G-2T6H5L5FPGGBD,COP,716040.0,1434.85,PRINCIPAL
2025-10-27,Reservación,HMCWE3KAKB,,G-2T6H5L5FPGGBD,COP,286450.0,1434.85,PRINCIPAL
2025-10-27,Reservación,HMN28MPSCS,,G-2T6H5L5FPGGBD,COP,315350.0,1434.85,PRINCIPAL
2025-10-27,Reservación,HMR3N4TA5Z,,G-2T6H5L5FPGGBD,COP,201007.15,1434.85,PRINCIPAL
2025-10-27,Reservación,HMT4EDN8TB,,G-2T6H5L5FPGGBD,COP,820052.8,1434.85,PRINCIPAL
2025-10-29,Reservación,HMCATMMMFJ,,G-T2NM7BI3EL67Z,COP,328100.0,253.63,PRINCIPAL
2025-10-29,Reservación,HMM94DKY4R,,G-T2NM7BI3EL67Z,COP,505820.14,253.63,PRINCIPAL
2025-10-29,Reservación,HMT458FFF4,,G-T2NM7BI3EL67Z,COP,153000.0,253.63,PRINCIPAL
2025-10-29,Reservación,HMZ4BZNZNZ,,G-JDU5ROBTTV56T,COP,119000.0,30.58,PRINCIPAL
2025-10-29,Reservación,HM3FJR8C8W,,G-KSFJWAMAXPIJV,COP,105400.0,27.09,PRINCIPAL
2025-10-28,Reservación,HMN49BRBRP,,G-44DLXL7HV4TCK,COP,3097910.0,874.45,PRINCIPAL
2025-10-28,Reservación,HM3FJR8C8W,,G-44DLXL7HV4TCK,COP,263500.0,874.45,PRINCIPAL
2025-10-28,Pago de la resolución,HMSDBNZ3WX,Cobro de la resolución CLA-EFFDAT2D5Y de la reservación HMSDBNZ3WX,G-J5GU3E3RN664I,COP,80000.0,1402.42,PRINCIPAL
2025-10-28,Reservación,HM55EQ2EAW,,G-J5GU3E3RN664I,COP,356074.97,1402.42,PRINCIPAL
2025-10-28,Reservación,HMNK5ASYD4,,G-J5GU3E3RN664I,COP,1067778.5,1402.42,PRINCIPAL
2025-10-28,Reservación,HMP5WFNZN5,,G-J5GU3E3RN664I,COP,266811.6,1402.42,PRINCIPAL
2025-10-28,Reservación,HMPF2FYMKS,,G-J5GU3E3RN664I,COP,603380.4,1402.42,PRINCIPAL
2025-10-28,Reservación,HM934PQZA3,,G-J5GU3E3RN664I,COP,596360.0,1402.42,PRINCIPAL
2025-10-28,Reservación,HMSKPK39T2,,G-J5GU3E3RN664I,COP,361250.0,1402.42,PRINCIPAL
2025-10-28,Reservación,HMSDBNZ3WX,,G-J5GU3E3RN664I,COP,402050.0,1402.42,PRINCIPAL
2025-10-28,Reservación,HMTR8QTASJ,,G-J5GU3E3RN664I,COP,409700.0,1402.42,PRINCIPAL
2025-10-28,Reservación,HMCPZQYWQ4,,G-J5GU3E3RN664I,COP,409700.0,1402.42,PRINCIPAL
2025-10-28,Reservación,HMZ4BZNZNZ,,G-J5GU3E3RN664I,COP,153000.0,1402.42,PRINCIPAL
2025-10-28,Reservación,HMCMNKQ5WS,,G-J5GU3E3RN664I,COP,344250.0,1402.42,PRINCIPAL
2025-10-28,Reservación,HMPF2AN8CK,,G-J5GU3E3RN664I,COP,340566.14,1402.42,PRINCIPAL
2025-10-28,Reservación,HMWPN5TQ4X,,G-RARH3GCOCBOUW,COP,240730.2,62.23,PRINCIPAL
2025-10-23,Reservación,HMZDBTNK5B,,G-HQFUNJUT4B3UX,USD,94.35,94.35,RH
2025-10-21,Reservación,HM8ERE53DE,,G-5MMPUYLTJCUFE,USD,31.59,85.11,RH
2025-10-21,Reservación,HM3ZBPXZ93,,G-5MMPUYLTJCUFE,USD,53.52,85.11,RH
2025-10-10,Reservación,HMB352WSME,,G-SCKWV3FGNQMXQ,USD,16.29,101.72,RH
2025-10-10,Reservación,HMAH28W5WB,,G-SCKWV3FGNQMXQ,USD,73.95,101.72,RH
2025-10-10,Reservación,HMQRBEDWNA,,G-SCKWV3FGNQMXQ,USD,11.48,101.72,RH
2025-06-09,Reservación,HMSCHEZTP5,,G-UORHQOC2DFZFH,USD,27.13,121.63,RH
2025-06-09,Reservación,HMDWHD4R8W,,G-UORHQOC2DFZFH,USD,94.5,121.63,RH
2025-06-06,Reservación,HMYTZYREXF,,G-Z7K7S62LJ5EOT,USD,22.08,100.99,RH
2025-06-06,Reservación,HMDFC8QADT,,G-Z7K7S62LJ5EOT,USD,78.91,100.99,RH
2025-10-27,Reservación,HMK3S99FZD,,G-TTEGRPLV74KGP,COP,269082.8,101.65,COLONIA
2025-10-27,Reservación,HMCRKSEN9Q,,G-TTEGRPLV74KGP,COP,123963.73,101.65,COLONIA
2025-10-27,Reservación,HMTBTZBT88,,G-FY2YURZXECBWT,COP,108134.55,134.39,COLONIA
2025-10-27,Pago de la resolución,HMKSXJSF8D,Cobro de la resolución CLA-5ZXRDCZEK9 de la reservación HMKSXJSF8D,G-FY2YURZXECBWT,COP,60000.0,134.39,COLONIA
2025-10-27,Reservación,HM8Z5P24EB,,G-FY2YURZXECBWT,COP,114250.2,134.39,COLONIA
2025-10-27,Reservación,HM2NW9S2N5,,G-FY2YURZXECBWT,COP,236810.0,134.39,COLONIA
2025-10-31,Reservación,HMT4EDN8TB,,G-PARCJYQUAQY6T,COP,98168.03,25.32,PRINCIPAL
2025-10-30,Reservación,HMMECSQRCY,,G-CPDJS5UCDNDE2,COP,1411085.0,450.7,PRINCIPAL
2025-10-30,Reservación,HM3RNTKDMT,,G-CPDJS5UCDNDE2,COP,336005.0,450.7,PRINCIPAL
2025-10-30,Reservación,HMBED2YADY,,G-3GSNT5F5ZHU4U,COP,511293.61,775.36,PRINCIPAL
2025-10-30,Reservación,HMBENQ2FJX,,G-3GSNT5F5ZHU4U,COP,665125.0,775.36,PRINCIPAL
2025-10-30,Reservación,HMPEBY8JYT,,G-3GSNT5F5ZHU4U,COP,575730.5,775.36,PRINCIPAL
2025-10-30,Reservación,HM24HKK3KQ,,G-3GSNT5F5ZHU4U,COP,799850.0,775.36,PRINCIPAL
2025-10-30,Reservación,HM2E58AY25,,G-3GSNT5F5ZHU4U,COP,289666.0,775.36,PRINCIPAL
2025-10-30,Reservación,HMRYMH9AEC,,G-3GSNT5F5ZHU4U,COP,163930.0,775.36,PRINCIPAL
2025-11-04,Reservación,HMZM9F3CA9,,G-REN2CZJ3KT4KE,COP,862550.76,223.68,PRINCIPAL
2025-11-03,Reservación,HMMECSQRCY,,G-UUVF2UIF37MRY,COP,234855.0,544.92,PRINCIPAL
2025-11-03,Reservación,HMZMNJ4CCX,,G-UUVF2UIF37MRY,COP,1230996.0,544.92,PRINCIPAL
2025-11-03,Reservación,HMDYN2N4WY,,G-UUVF2UIF37MRY,COP,636884.95,544.92,PRINCIPAL
2025-11-03,Reservación,HMSA3RMTNM,,G-QCFCZ6RVHAX5Y,COP,410720.0,404.31,PRINCIPAL
2025-11-03,Reservación,HMTZQM8EWC,,G-QCFCZ6RVHAX5Y,COP,202980.0,404.31,PRINCIPAL
2025-11-03,Reservación,HMYF558WQH,,G-QCFCZ6RVHAX5Y,COP,824355.8,404.31,PRINCIPAL
2025-11-03,Reservación,HMPENAM82C,,G-QCFCZ6RVHAX5Y,COP,122075.46,404.31,PRINCIPAL
2025-11-03,Reservación,HM894N4TN3,,G-5PWBE32M6RPLE,COP,64989.19,32.89,PRINCIPAL
2025-11-03,Reservación,HMZSQW2ED2,,G-5PWBE32M6RPLE,COP,61944.56,32.89,PRINCIPAL
2025-11-03,Reservación,HM985WMFBA,,G-ROECWG5GG42B5,COP,91784.75,23.79,PRINCIPAL
2025-11-03,Reservación,HMRK29FN8F,,G-LU4JVVQ7F6RQ2,COP,4254914.59,2907.24,PRINCIPAL
2025-11-03,Reservación,HMW5D9A9F5,,G-LU4JVVQ7F6RQ2,COP,321596.9,2907.24,PRINCIPAL
2025-11-03,Reservación,HMNPTMWWQ8,,G-LU4JVVQ7F6RQ2,COP,1385865.52,2907.24,PRINCIPAL
2025-11-03,Reservación,HMBQEHRXYZ,,G-LU4JVVQ7F6RQ2,COP,276846.19,2907.24,PRINCIPAL
2025-11-03,Reservación,HMAX3EN5FR,,G-LU4JVVQ7F6RQ2,COP,440300.0,2907.24,PRINCIPAL
2025-11-03,Reservación,HMP4XM398Z,,G-LU4JVVQ7F6RQ2,COP,226746.68,2907.24,PRINCIPAL
2025-11-03,Reservación,HMSMJFWBA8,,G-LU4JVVQ7F6RQ2,COP,890270.45,2907.24,PRINCIPAL
2025-11-03,Reservación,HMCSPTYQ85,,G-LU4JVVQ7F6RQ2,COP,241442.5,2907.24,PRINCIPAL
2025-11-03,Reservación,HM5T4EZJNY,,G-LU4JVVQ7F6RQ2,COP,910417.42,2907.24,PRINCIPAL
2025-11-03,Reservación,HMFXAQWTTR,,G-LU4JVVQ7F6RQ2,COP,893943.0,2907.24,PRINCIPAL
2025-11-03,Reservación,HMZSQW2ED2,,G-LU4JVVQ7F6RQ2,COP,213593.69,2907.24,PRINCIPAL
2025-11-03,Reservación,HM894N4TN3,,G-LU4JVVQ7F6RQ2,COP,219007.98,2907.24,PRINCIPAL
2025-11-03,Reservación,HM82T28MT5,,G-LU4JVVQ7F6RQ2,COP,502775.0,2907.24,PRINCIPAL
2025-11-03,Reservación,HMDK5QJSMH,,G-LU4JVVQ7F6RQ2,COP,131923.5,2907.24,PRINCIPAL
2025-11-03,Reservación,HM985WMFBA,,G-LU4JVVQ7F6RQ2,COP,121359.74,2907.24,PRINCIPAL
2025-11-03,Reservación,HMZ2MAXX34,,G-LU4JVVQ7F6RQ2,COP,186339.57,2907.24,PRINCIPAL
2025-11-03,Tarifa de cancelación,HMEP4FDNMY,,G-6VFXAXPWG5NVB,COP,-191562.34,2998.73,PRINCIPAL
2025-11-03,Ajuste,HMEP4FDNMY,,G-6VFXAXPWG5NVB,COP,-109942.4,2998.73,PRINCIPAL
2025-11-03,Pago de la resolución,HMF5NKFCNQ,Cobro de la resolución CLA-EW9YKCQDZT de la reservación HMF5NKFCNQ,G-6VFXAXPWG5NVB,COP,60000.0,2998.73,PRINCIPAL
2025-11-03,Pago de la resolución,HMF5NKFCNQ,Cobro de la resolución CLA-YJPDRXK4Q3 de la reservación HMF5NKFCNQ,G-6VFXAXPWG5NVB,COP,60000.0,2998.73,PRINCIPAL
2025-11-03,Pago de la resolución,HMTXR9A5QP,Cobro de la resolución CLA-9TAK48D9XD de la reservación HMTXR9A5QP,G-6VFXAXPWG5NVB,COP,95000.0,2998.73,PRINCIPAL
2025-11-03,Reservación,HMDZ9TYP3J,,G-6VFXAXPWG5NVB,COP,819038.15,2998.73,PRINCIPAL
2025-11-03,Reservación,HMPBW2KYBP,,G-6VFXAXPWG5NVB,COP,975287.45,2998.73,PRINCIPAL
2025-11-03,Reservación,HMQRT3Z2CT,,G-6VFXAXPWG5NVB,COP,518500.0,2998.73,PRINCIPAL
2025-11-03,Reservación,HMB33N3SZN,,G-6VFXAXPWG5NVB,COP,260100.0,2998.73,PRINCIPAL
2025-11-03,Reservación,HMTCFP58N4,,G-6VFXAXPWG5NVB,COP,328590.53,2998.73,PRINCIPAL
2025-11-03,Reservación,HMF2NM25H3,,G-6VFXAXPWG5NVB,COP,410406.35,2998.73,PRINCIPAL
2025-11-03,Reservación,HMAW3B52SX,,G-6VFXAXPWG5NVB,COP,327372.4,2998.73,PRINCIPAL
2025-11-03,Reservación,HMDWC3HJYC,,G-6VFXAXPWG5NVB,COP,299357.76,2998.73,PRINCIPAL
2025-11-03,Reservación,HMMXMR39Z3,,G-6VFXAXPWG5NVB,COP,300220.0,2998.73,PRINCIPAL
2025-11-03,Reservación,HM95XWJYDQ,,G-6VFXAXPWG5NVB,COP,626960.0,2998.73,PRINCIPAL
2025-11-03,Reservación,HMQCEWBW5X,,G-6VFXAXPWG5NVB,COP,317492.38,2998.73,PRINCIPAL
2025-11-03,Reservación,HMZ344X8WC,,G-6VFXAXPWG5NVB,COP,392912.64,2998.73,PRINCIPAL
2025-11-03,Reservación,HMT25PM2SE,,G-6VFXAXPWG5NVB,COP,363596.0,2998.73,PRINCIPAL
2025-11-03,Reservación,HMSPQFPHHY,,G-6VFXAXPWG5NVB,COP,449140.0,2998.73,PRINCIPAL
2025-11-03,Reservación,HMTXR9A5QP,,G-6VFXAXPWG5NVB,COP,493340.0,2998.73,PRINCIPAL
2025-11-03,Reservación,HM9A8RFF4J,,G-6VFXAXPWG5NVB,COP,680955.26,2998.73,PRINCIPAL
2025-11-03,Reservación,HMAZNB2WBM,,G-6VFXAXPWG5NVB,COP,701165.0,2998.73,PRINCIPAL
2025-11-03,Reservación,HMHSHZM4CF,,G-6VFXAXPWG5NVB,COP,328832.7,2998.73,PRINCIPAL
2025-11-03,Reservación,HM8CC8QKS9,,G-6VFXAXPWG5NVB,COP,326187.5,2998.73,PRINCIPAL
2025-11-03,Reservación,HMQF4EE5KK,,G-6VFXAXPWG5NVB,COP,511020.0,2998.73,PRINCIPAL
2025-11-03,Reservación,HMTQQDKHMY,,G-6VFXAXPWG5NVB,COP,224976.64,2998.73,PRINCIPAL
2025-11-03,Reservación,HM433WB84K,,G-6VFXAXPWG5NVB,COP,127500.0,2998.73,PRINCIPAL
2025-11-03,Reservación,HMQ5D49CPZ,,G-6VFXAXPWG5NVB,COP,335872.13,2998.73,PRINCIPAL
2025-11-03,Reservación,HMBWKPZ92X,,G-6VFXAXPWG5NVB,COP,408554.2,2998.73,PRINCIPAL
2025-11-03,Reservación,HMX8Z92ANX,,G-6VFXAXPWG5NVB,COP,316106.39,2998.73,PRINCIPAL
2025-11-03,Reservación,HMTE8QKE33,,G-6VFXAXPWG5NVB,COP,141971.25,2998.73,PRINCIPAL
2025-11-03,Reservación,HMF5NKFCNQ,,G-6VFXAXPWG5NVB,COP,122423.26,2998.73,PRINCIPAL
2025-11-03,Reservación,HMPA3K3SC5,,G-6VFXAXPWG5NVB,COP,324268.75,2998.73,PRINCIPAL
2025-11-03,Reservación,HM32KNJZD3,,G-6VFXAXPWG5NVB,COP,220315.84,2998.73,PRINCIPAL
2025-11-03,Reservación,HM3FJCXAPP,,G-XFQLTWZHCZNGU,COP,253500.0,65.73,PRINCIPAL
2025-10-31,Reservación,HM42E35DCS,,G-SZWGSU6BELLJH,COP,48558.66,2742.48,PRINCIPAL
2025-10-31,Pago de la resolución,HMQJRC929F,Cobro de la resolución CLA-49SMRHJKWZ de la reservación HMQJRC929F,G-SZWGSU6BELLJH,COP,85000.0,2742.48,PRINCIPAL
2025-10-31,Reservación,HMHBEBKMXC,,G-SZWGSU6BELLJH,COP,560971.27,2742.48,PRINCIPAL
2025-10-31,Reservación,HMP92AE3CZ,,G-SZWGSU6BELLJH,COP,4132870.0,2742.48,PRINCIPAL
2025-10-31,Reservación,HMJJMJPZ9X,,G-SZWGSU6BELLJH,COP,413406.51,2742.48,PRINCIPAL
2025-10-31,Reservación,HM8XHYSP39,,G-SZWGSU6BELLJH,COP,404727.5,2742.48,PRINCIPAL
2025-10-31,Reservación,HMT2WT4XY3,,G-SZWGSU6BELLJH,COP,374000.0,2742.48,PRINCIPAL
2025-10-31,Reservación,HMRTXZSFKD,,G-SZWGSU6BELLJH,COP,416500.0,2742.48,PRINCIPAL
2025-10-31,Reservación,HMQJRC929F,,G-SZWGSU6BELLJH,COP,516355.28,2742.48,PRINCIPAL
2025-10-31,Reservación,HMPZ223S8N,,G-SZWGSU6BELLJH,COP,496910.0,2742.48,PRINCIPAL
2025-10-31,Reservación,HMB3QZPAFK,,G-SZWGSU6BELLJH,COP,899300.0,2742.48,PRINCIPAL
2025-10-31,Reservación,HMC3PYQNCF,,G-SZWGSU6BELLJH,COP,958779.77,2742.48,PRINCIPAL
2025-10-31,Reservación,HMANJ22NC9,,G-SZWGSU6BELLJH,COP,597457.26,2742.48,PRINCIPAL
2025-10-31,Reservación,HMDTW2T9SD,,G-SZWGSU6BELLJH,COP,318734.0,2742.48,PRINCIPAL
2025-10-31,Reservación,HMYEQDFF5F,,G-SZWGSU6BELLJH,COP,358618.0,2742.48,PRINCIPAL
2025-11-03,Reservación,HM9DKX2YRB,,G-ZOX473GOR2IGD,COP,397405.6,169.17,COLONIA
2025-11-03,Reservación,HMQA5W8QRR,,G-ZOX473GOR2IGD,COP,129123.1,169.17,COLONIA
2025-11-03,Reservación,HMRM5WERC3,,G-ZOX473GOR2IGD,COP,126182.16,169.17,COLONIA
2025-11-03,Reservación,HM4HEJBEJN,,G-XO3ZLZNSZZ7QR,COP,117990.2,250.19,COLONIA
2025-11-03,Reservación,HM39ETDD93,,G-XO3ZLZNSZZ7QR,COP,193403.6,250.19,COLONIA
2025-11-03,Reservación,HMFM8BCSCX,,G-XO3ZLZNSZZ7QR,COP,129887.14,250.19,COLONIA
2025-11-03,Reservación,HMFZFFHAH5,,G-XO3ZLZNSZZ7QR,COP,397507.06,250.19,COLONIA
2025-11-03,Reservación,HM3EYS523C,,G-XO3ZLZNSZZ7QR,COP,126182.16,250.19,COLONIA
2025-11-05,Reservación,HMFMREAATQ,,G-HNX3MDLZIIEGZ,COP,263273.09,1389.86,PRINCIPAL
2025-11-05,Reservación,HMYXQZZPCN,,G-HNX3MDLZIIEGZ,COP,326187.5,1389.86,PRINCIPAL
2025-11-05,Reservación,HMWMPMD5TC,,G-HNX3MDLZIIEGZ,COP,305890.0,1389.86,PRINCIPAL
2025-11-05,Reservación,HMKXHKSTMF,,G-HNX3MDLZIIEGZ,COP,414050.0,1389.86,PRINCIPAL
2025-11-05,Reservación,HMKN5A5NM4,,G-HNX3MDLZIIEGZ,COP,201421.93,1389.86,PRINCIPAL
2025-11-05,Reservación,HMC2S58W8B,,G-HNX3MDLZIIEGZ,COP,318519.33,1389.86,PRINCIPAL
2025-11-05,Reservación,HMWXRJ9W23,,G-HNX3MDLZIIEGZ,COP,907269.4,1389.86,PRINCIPAL
2025-11-05,Reservación,HMJ8PSZB8Y,,G-HNX3MDLZIIEGZ,COP,1955644.34,1389.86,PRINCIPAL
2025-11-05,Reservación,HMF3ECCFME,,G-HNX3MDLZIIEGZ,COP,116098.94,1389.86,PRINCIPAL
2025-11-05,Reservación,HMEJ8ZA998,,G-HNX3MDLZIIEGZ,COP,559221.0,1389.86,PRINCIPAL
2025-11-05,Reservación,HMC5AHFTSP,,G-QQC24H6C5ACTQ,COP,716813.5,204.29,PRINCIPAL
2025-11-05,Reservación,HMC2S58W8B,,G-QQC24H6C5ACTQ,COP,72151.8,204.29,PRINCIPAL
2025-11-04,Reservación,HMTDRT2BP2,,G-72GS7N5BINJSB,COP,636884.95,210.32,PRINCIPAL
2025-11-04,Reservación,HMPAQKNSRE,,G-72GS7N5BINJSB,USD,45.16,210.32,PRINCIPAL
2025-11-04,Ajuste de la resolución,HMX8Z92ANX,Ajuste para la resolución 17622721856722,G-GXIWBYM5XJ5HH,COP,-101727.12,1431.69,PRINCIPAL
2025-11-04,Reservación,HMQHEJZ289,,G-GXIWBYM5XJ5HH,COP,1627425.5,1431.69,PRINCIPAL
2025-11-04,Reservación,HMY5FZJ9CM,,G-GXIWBYM5XJ5HH,COP,416500.0,1431.69,PRINCIPAL
2025-11-04,Reservación,HMKA3BEF49,,G-GXIWBYM5XJ5HH,COP,392365.95,1431.69,PRINCIPAL
2025-11-04,Reservación,HMAWHZWWMF,,G-GXIWBYM5XJ5HH,COP,1848876.9,1431.69,PRINCIPAL
2025-11-04,Reservación,HMNTY2D45T,,G-GXIWBYM5XJ5HH,COP,586500.0,1431.69,PRINCIPAL
2025-11-04,Reservación,HMDXWJBP4Z,,G-GXIWBYM5XJ5HH,COP,245005.3,1431.69,PRINCIPAL
2025-11-04,Reservación,HMJE85D85X,,G-GXIWBYM5XJ5HH,COP,505811.93,1431.69,PRINCIPAL
2025-11-05,Reservación,HMSWJ42Q4P,,G-OAOP64OJZITRG,COP,129123.1,223.44,COLONIA
2025-11-05,Reservación,HMH3485NM9,,G-OAOP64OJZITRG,COP,281610.92,223.44,COLONIA
2025-11-05,Reservación,HMQE9AQHJT,,G-OAOP64OJZITRG,COP,452184.58,223.44,COLONIA
2025-11-06,Reservación,HMAXBPMKW8,,G-IAFKY7DDLWM5N,COP,664322.0,608.47,PRINCIPAL
2025-11-06,Reservación,HM2S4XSQWP,,G-IAFKY7DDLWM5N,COP,370053.99,608.47,PRINCIPAL
2025-11-06,Reservación,HMZCQQCMDS,,G-IAFKY7DDLWM5N,COP,565621.83,608.47,PRINCIPAL
2025-11-06,Reservación,HMFNF4J5AB,,G-IAFKY7DDLWM5N,COP,617780.0,608.47,PRINCIPAL
2025-11-06,Reservación,HMB8BRHCCT,,G-IAFKY7DDLWM5N,COP,116098.77,608.47,PRINCIPAL
2025-11-06,Reservación,HM2NZ5TXXX,,G-ZD5GRPH6ID3TH,COP,350506.0,91.38,PRINCIPAL
2025-10-30,Reservación,HMF4CW3233,,G-IHHRXXB34LKOS,USD,11.19,38.53,RH
2025-10-30,Reservación,HM4854448F,,G-IHHRXXB34LKOS,USD,27.34,38.53,RH
2025-11-11,Reservación,HM3QKTAYB4,,G-YPBMZNIUAWVFG,COP,1271978.5,723.89,PRINCIPAL
2025-11-11,Reservación,HMYCPWRF95,,G-YPBMZNIUAWVFG,COP,389436.84,723.89,PRINCIPAL
2025-11-11,Reservación,HM4AAN9CCM,,G-YPBMZNIUAWVFG,COP,277642.06,723.89,PRINCIPAL
2025-11-11,Reservación,HMQBKE2S4Y,,G-YPBMZNIUAWVFG,COP,491790.0,723.89,PRINCIPAL
2025-11-11,Reservación,HMXWEXJ8AQ,,G-YPBMZNIUAWVFG,COP,286331.83,723.89,PRINCIPAL
2025-11-11,Reservación,HMKWMDDJQS,,G-HT3YQS5EZLXPM,COP,597847.5,1028.06,PRINCIPAL
2025-11-11,Reservación,HMC45NST3X,,G-HT3YQS5EZLXPM,COP,237117.7,1028.06,PRINCIPAL
2025-11-11,Reservación,HMCY4MMN2S,,G-HT3YQS5EZLXPM,COP,1376505.0,1028.06,PRINCIPAL
2025-11-11,Reservación,HMCJPY3C8X,,G-HT3YQS5EZLXPM,COP,402285.78,1028.06,PRINCIPAL
2025-11-11,Reservación,HMQ2HRPDS8,,G-HT3YQS5EZLXPM,COP,291947.5,1028.06,PRINCIPAL
2025-11-11,Reservación,HMFQEWYSWT,,G-HT3YQS5EZLXPM,COP,242810.75,1028.06,PRINCIPAL
2025-11-11,Reservación,HMX84S8BM4,,G-HT3YQS5EZLXPM,COP,200614.83,1028.06,PRINCIPAL
2025-11-11,Reservación,HME2FATEYN,,G-HT3YQS5EZLXPM,COP,416500.0,1028.06,PRINCIPAL
2025-11-11,Reservación,HMCF4ZEM9J,,G-HT3YQS5EZLXPM,COP,125556.05,1028.06,PRINCIPAL
2025-11-11,Ajuste de la resolución,HMCF4ZEM9J,Ajuste para la resolución 17628706149704,G-HT3YQS5EZLXPM,COP,-32313.88,1028.06,PRINCIPAL
2025-11-10,Reservación,HMAXXPKPKZ,,G-VHAVQQR7OLM56,COP,28296.51,471.98,PRINCIPAL
2025-11-10,Reservación,HM4RT9ESED,,G-VHAVQQR7OLM56,COP,190125.0,471.98,PRINCIPAL
2025-11-10,Reservación,HMPSYT5KPF,,G-VHAVQQR7OLM56,COP,105625.0,471.98,PRINCIPAL
2025-11-10,Reservación,HMD5BZBA4P,,G-VHAVQQR7OLM56,COP,257725.0,471.98,PRINCIPAL
2025-11-10,Reservación,HMTFQKBJNC,,G-VHAVQQR7OLM56,COP,488996.6,471.98,PRINCIPAL
2025-11-10,Reservación,HM4Z3PMR2D,,G-VHAVQQR7OLM56,COP,118939.66,471.98,PRINCIPAL
2025-11-10,Reservación,HMNPXZ3BE5,,G-VHAVQQR7OLM56,COP,595387.0,471.98,PRINCIPAL
2025-11-10,Reservación,HMJ2DRZHTS,,G-AGTJ4YWQQECJP,COP,6033693.44,2886.35,PRINCIPAL
2025-11-10,Reservación,HM5TNX2BDE,,G-AGTJ4YWQQECJP,COP,234260.0,2886.35,PRINCIPAL
2025-11-10,Reservación,HMCHPMM8MA,,G-AGTJ4YWQQECJP,COP,110024.0,2886.35,PRINCIPAL
2025-11-10,Reservación,HM4DFRMJ3F,,G-AGTJ4YWQQECJP,COP,657316.86,2886.35,PRINCIPAL
2025-11-10,Reservación,HMY9N2XRMA,,G-AGTJ4YWQQECJP,COP,1897285.0,2886.35,PRINCIPAL
2025-11-10,Reservación,HMMFWSJ5WN,,G-AGTJ4YWQQECJP,COP,786501.49,2886.35,PRINCIPAL
2025-11-10,Reservación,HMXWBCNRQC,,G-AGTJ4YWQQECJP,COP,290034.42,2886.35,PRINCIPAL
2025-11-10,Reservación,HMRYT282PX,,G-AGTJ4YWQQECJP,COP,378137.5,2886.35,PRINCIPAL
2025-11-10,Reservación,HMNMMP4NCN,,G-AGTJ4YWQQECJP,COP,160550.0,2886.35,PRINCIPAL
2025-11-10,Reservación,HMEKJC9P8Q,,G-AGTJ4YWQQECJP,COP,117914.07,2886.35,PRINCIPAL
2025-11-10,Reservación,HMHC2RE4HQ,,G-AGTJ4YWQQECJP,COP,128198.8,2886.35,PRINCIPAL
2025-11-10,Reservación,HMKWJNWAKM,,G-AGTJ4YWQQECJP,COP,118751.37,2886.35,PRINCIPAL
2025-11-10,Reservación,HMZJW4JJMD,,G-Y7GKOKFL6PM4L,COP,473453.5,202.09,PRINCIPAL
2025-11-10,Reservación,HM28NJX5S8,,G-Y7GKOKFL6PM4L,COP,159909.49,202.09,PRINCIPAL
2025-11-10,Reservación,HMR8KEWNXD,,G-Y7GKOKFL6PM4L,COP,130677.56,202.09,PRINCIPAL
2025-11-10,Reservación,HMF443F5K2,,G-RHXD5FNMG4VHG,COP,143100.41,37.85,PRINCIPAL
2025-11-10,Reservación,HMMBKSN4QY,,G-Y5GAX6HLZQFKE,COP,573920.0,885.32,PRINCIPAL
2025-11-10,Reservación,HM34N43TQ9,,G-Y5GAX6HLZQFKE,COP,368220.0,885.32,PRINCIPAL
2025-11-10,Reservación,HMMCH2REBN,,G-Y5GAX6HLZQFKE,COP,1362074.0,885.32,PRINCIPAL
2025-11-10,Reservación,HM5YF2RE9E,,G-Y5GAX6HLZQFKE,COP,384306.0,885.32,PRINCIPAL
2025-11-10,Reservación,HMHTK9CW9Z,,G-Y5GAX6HLZQFKE,COP,384306.0,885.32,PRINCIPAL
2025-11-10,Reservación,HMARWHQ5WP,,G-Y5GAX6HLZQFKE,COP,156588.64,885.32,PRINCIPAL
2025-11-10,Reservación,HMPK8XJZ5J,,G-Y5GAX6HLZQFKE,USD,30.88,885.32,PRINCIPAL
2025-11-10,Reservación,HMZWY2HNJD,,G-3H3NDP233EBKI,COP,292196.0,1012.36,PRINCIPAL
2025-11-10,Reservación,HMWQYJQ4SP,,G-3H3NDP233EBKI,COP,259055.35,1012.36,PRINCIPAL
2025-11-10,Reservación,HMS2SWTRFN,,G-3H3NDP233EBKI,COP,414596.0,1012.36,PRINCIPAL
2025-11-10,Reservación,HMH2NHMDMZ,,G-3H3NDP233EBKI,COP,532559.0,1012.36,PRINCIPAL
2025-11-10,Reservación,HMNPWXT4AE,,G-3H3NDP233EBKI,COP,669039.35,1012.36,PRINCIPAL
2025-11-10,Reservación,HMSAYHHMNN,,G-3H3NDP233EBKI,COP,701413.37,1012.36,PRINCIPAL
2025-11-10,Reservación,HMMJZ58NWQ,,G-3H3NDP233EBKI,COP,458940.62,1012.36,PRINCIPAL
2025-11-10,Reservación,HM24MFC843,,G-3H3NDP233EBKI,COP,297407.64,1012.36,PRINCIPAL
2025-11-10,Reservación,HMJ2MKHF44,,G-3H3NDP233EBKI,COP,200989.67,1012.36,PRINCIPAL
2025-11-10,Reservación,HMAWHZWWMF,,G-AD3LEWKDMQAKG,COP,698360.85,184.77,PRINCIPAL
2025-11-07,Reservación,HMAWDJFNZM,,G-57SSJA35WJI5S,COP,429242.73,1091.99,PRINCIPAL
2025-11-07,Reservación,HMFF9XBJWE,,G-57SSJA35WJI5S,COP,319804.24,1091.99,PRINCIPAL
2025-11-07,Reservación,HMCM4JHK8X,,G-57SSJA35WJI5S,COP,225250.0,1091.99,PRINCIPAL
2025-11-07,Reservación,HM42PXCMTP,,G-57SSJA35WJI5S,COP,326187.5,1091.99,PRINCIPAL
2025-11-07,Reservación,HM5RMY439W,,G-57SSJA35WJI5S,COP,317040.65,1091.99,PRINCIPAL
2025-11-07,Reservación,HMNP5MARDM,,G-57SSJA35WJI5S,COP,257725.0,1091.99,PRINCIPAL
2025-11-07,Reservación,HMWRP8NJRP,,G-57SSJA35WJI5S,COP,265671.93,1091.99,PRINCIPAL
2025-11-07,Reservación,HM3ZF8S4SJ,,G-57SSJA35WJI5S,COP,206847.89,1091.99,PRINCIPAL
2025-11-07,Reservación,HMAXXPKPKZ,,G-57SSJA35WJI5S,COP,492452.48,1091.99,PRINCIPAL
2025-11-07,Reservación,HM5HPYKF2A,,G-57SSJA35WJI5S,COP,600129.9,1091.99,PRINCIPAL
2025-11-07,Reservación,HMBKQKZFAA,,G-57SSJA35WJI5S,COP,428049.96,1091.99,PRINCIPAL
2025-11-07,Reservación,HMKJTMT4EF,,G-57SSJA35WJI5S,COP,265330.0,1091.99,PRINCIPAL
2025-11-11,Pago de la resolución,HM5EYXTQCR,Cobro de la resolución CLA-2X8T5TA5SS de la reservación HM5EYXTQCR,G-UEN6WIB4KPOAS,COP,60000.0,104.99,COLONIA
2025-11-11,Reservación,HM5EYXTQCR,,G-UEN6WIB4KPOAS,COP,117154.86,104.99,COLONIA
2025-11-11,Reservación,HM528BHTWH,,G-UEN6WIB4KPOAS,COP,111057.34,104.99,COLONIA
2025-11-11,Reservación,HMPK95EBXR,,G-UEN6WIB4KPOAS,COP,105897.5,104.99,COLONIA
2025-11-10,Reservación,HMZSJMNB34,,G-RY3UZTOWRCJHW,COP,274635.21,102.38,COLONIA
2025-11-10,Reservación,HMZ4JPWXFM,,G-RY3UZTOWRCJHW,COP,112341.53,102.38,COLONIA
2025-11-07,Reservación,HMWDFMHYZF,,G-MDIXXE6YRF7HH,COP,109376.8,112.82,COLONIA
2025-11-07,Reservación,HMF598T9HB,,G-MDIXXE6YRF7HH,COP,210208.96,112.82,COLONIA
2025-11-07,Reservación,HM3KKCSW94,,G-MDIXXE6YRF7HH,COP,107517.06,112.82,COLONIA
2025-11-14,Reservación,HMQBKE2S4Y,,G-EV5MCRLZ5PLTK,COP,112216.0,30.27,PRINCIPAL
2025-11-14,Reservación,HMNPXZ3BE5,,G-3G2PQFDQNPXQG,COP,364000.4,98.17,PRINCIPAL
2025-11-13,Reservación,HMWM983KJH,,G-FIG6B7VOH7JWD,COP,996455.0,726.22,PRINCIPAL
2025-11-13,Reservación,HMKBNQDRPT,,G-FIG6B7VOH7JWD,COP,1404791.46,726.22,PRINCIPAL
2025-11-13,Reservación,HMYEE2MSJE,,G-FIG6B7VOH7JWD,COP,291391.93,726.22,PRINCIPAL
2025-11-13,Reservación,HMZB2P5HYS,,G-DJSPKTU3ILULO,COP,306755.73,474.91,PRINCIPAL
2025-11-13,Reservación,HM3MJQC8YK,,G-DJSPKTU3ILULO,COP,117914.07,474.91,PRINCIPAL
2025-11-13,Reservación,HMJEWNQ2DW,,G-DJSPKTU3ILULO,COP,118553.5,474.91,PRINCIPAL
2025-11-13,Reservación,HMTEZK5S5F,,G-DJSPKTU3ILULO,COP,371800.0,474.91,PRINCIPAL
2025-11-13,Reservación,HMW5MEX8KS,,G-DJSPKTU3ILULO,COP,324268.75,474.91,PRINCIPAL
2025-11-13,Reservación,HMB5ZXTWN5,,G-DJSPKTU3ILULO,COP,521576.25,474.91,PRINCIPAL
2025-11-12,Reservación,HMZMNJ4CCX,,G-2M235X3ZSS6L7,COP,574802.8,406.28,PRINCIPAL
2025-11-12,Reservación,HM3SHFKDB9,,G-2M235X3ZSS6L7,COP,307651.82,406.28,PRINCIPAL
2025-11-12,Reservación,HMRKE95R8M,,G-2M235X3ZSS6L7,COP,389704.27,406.28,PRINCIPAL
2025-11-12,Reservación,HMSZ8JEHHE,,G-2M235X3ZSS6L7,COP,253124.82,406.28,PRINCIPAL
2025-11-12,Reservación,HMTFQKBJNC,,G-HX2V5MY24ET4W,COP,146516.21,39.03,PRINCIPAL
2025-11-12,Reservación,HMEAD5KPNC,,G-H46OWT2UNZU6M,COP,585197.97,1108.83,PRINCIPAL
2025-11-12,Reservación,HMTZCNADD3,,G-H46OWT2UNZU6M,COP,1224562.95,1108.83,PRINCIPAL
2025-11-12,Reservación,HME2RYWWWB,,G-H46OWT2UNZU6M,COP,104106.7,1108.83,PRINCIPAL
2025-11-12,Reservación,HMST3ZCCE5,,G-H46OWT2UNZU6M,COP,327235.54,1108.83,PRINCIPAL
2025-11-12,Reservación,HM44Z9YJ58,,G-H46OWT2UNZU6M,COP,107146.0,1108.83,PRINCIPAL
2025-11-12,Reservación,HMJWD93N9A,,G-H46OWT2UNZU6M,COP,197645.5,1108.83,PRINCIPAL
2025-11-12,Reservación,HM38J5BJNR,,G-H46OWT2UNZU6M,COP,388700.0,1108.83,PRINCIPAL
2025-11-12,Reservación,HM3QKTAYB4,,G-H46OWT2UNZU6M,COP,1228207.5,1108.83,PRINCIPAL
2025-11-17,Reservación,HM8YQ89NPM,,G-E7KBWJBVLKKDX,COP,1171592.5,360.27,PRINCIPAL
2025-11-17,Reservación,HM848MD93B,,G-E7KBWJBVLKKDX,COP,181675.0,360.27,PRINCIPAL
2025-11-17,Reservación,HMERWS3W3Z,,G-A5HMYEFW6NHBW,COP,658580.0,1489.4,PRINCIPAL
2025-11-17,Reservación,HMFHZC4YZT,,G-A5HMYEFW6NHBW,COP,461709.8,1489.4,PRINCIPAL
2025-11-17,Reservación,HMQT9JYQ9E,,G-A5HMYEFW6NHBW,COP,762555.66,1489.4,PRINCIPAL
2025-11-17,Reservación,HMCHZ43S8M,,G-A5HMYEFW6NHBW,COP,747825.0,1489.4,PRINCIPAL
2025-11-17,Reservación,HMFBPT2AJC,,G-A5HMYEFW6NHBW,COP,531927.5,1489.4,PRINCIPAL
2025-11-17,Reservación,HMEZ3RMTYP,,G-A5HMYEFW6NHBW,COP,185900.0,1489.4,PRINCIPAL
2025-11-17,Reservación,HMQ4S484AS,,G-A5HMYEFW6NHBW,COP,304876.0,1489.4,PRINCIPAL
2025-11-17,Reservación,HMDSKWB5TE,,G-A5HMYEFW6NHBW,COP,503831.25,1489.4,PRINCIPAL
2025-11-17,Reservación,HMSZ8WDCKW,,G-A5HMYEFW6NHBW,COP,642200.0,1489.4,PRINCIPAL
2025-11-17,Reservación,HMPQTSP385,,G-A5HMYEFW6NHBW,COP,795145.0,1489.4,PRINCIPAL
2025-11-17,Reservación,HMZMNJ4CCX,,G-LQCIDQCKDCX2X,COP,974859.6,259.53,PRINCIPAL
2025-11-17,Reservación,HMKN3FAH4F,,G-3TEVU3R6FUZNC,COP,315175.7,362.28,PRINCIPAL
2025-11-17,Reservación,HMB3MQENEZ,,G-3TEVU3R6FUZNC,COP,205446.54,362.28,PRINCIPAL
2025-11-17,Reservación,HMZ3FNY9CN,,G-3TEVU3R6FUZNC,COP,840606.0,362.28,PRINCIPAL
2025-11-17,Reservación,HMZJFT3RDZ,,G-L23S3AW4NDYL7,COP,326187.5,446.81,PRINCIPAL
2025-11-17,Reservación,HMYXRMZBKB,,G-L23S3AW4NDYL7,COP,326394.15,446.81,PRINCIPAL
2025-11-17,Reservación,HMJ3PCJ2F3,,G-L23S3AW4NDYL7,COP,441660.0,446.81,PRINCIPAL
2025-11-17,Reservación,HMR5C84P9D,,G-L23S3AW4NDYL7,COP,267750.0,446.81,PRINCIPAL
2025-11-17,Reservación,HMFMZTJBXN,,G-L23S3AW4NDYL7,COP,316875.0,446.81,PRINCIPAL
2025-11-17,Reservación,HMMCH2REBN,,G-QAHL2I32NFNIX,COP,201960.0,53.73,PRINCIPAL
2025-11-17,Reservación,HM2E58KH8H,,G-W6A4UH3BLJK5M,COP,476918.0,357.05,PRINCIPAL
2025-11-17,Reservación,HM8MJXMHSK,,G-W6A4UH3BLJK5M,COP,312906.88,357.05,PRINCIPAL
2025-11-17,Reservación,HMBNMWNYEH,,G-W6A4UH3BLJK5M,COP,326137.82,357.05,PRINCIPAL
2025-11-17,Reservación,HMQJKFWATB,,G-W6A4UH3BLJK5M,COP,105625.0,357.05,PRINCIPAL
2025-11-17,Reservación,HMZNZFHSBC,,G-W6A4UH3BLJK5M,COP,120412.5,357.05,PRINCIPAL
2025-11-17,Reservación,HMKAKFAJM3,,G-JH3CLTPEA6W24,COP,307795.85,1567.8,PRINCIPAL
2025-11-17,Reservación,HM8XAQETTW,,G-JH3CLTPEA6W24,COP,420085.04,1567.8,PRINCIPAL
2025-11-17,Reservación,HME3D2S2Y3,,G-JH3CLTPEA6W24,COP,414596.0,1567.8,PRINCIPAL
2025-11-17,Reservación,HM85QJTA98,,G-JH3CLTPEA6W24,COP,491567.92,1567.8,PRINCIPAL
2025-11-17,Reservación,HMF448CCTS,,G-JH3CLTPEA6W24,COP,477425.0,1567.8,PRINCIPAL
2025-11-17,Reservación,HMMWF9BS4K,,G-JH3CLTPEA6W24,COP,324268.75,1567.8,PRINCIPAL
2025-11-17,Reservación,HMK8NFQNKH,,G-JH3CLTPEA6W24,COP,334085.96,1567.8,PRINCIPAL
2025-11-17,Reservación,HM23FRSAER,,G-JH3CLTPEA6W24,COP,466862.5,1567.8,PRINCIPAL
2025-11-17,Reservación,HMXQC8JDKX,,G-JH3CLTPEA6W24,COP,344181.88,1567.8,PRINCIPAL
2025-11-17,Reservación,HMBEYR4PDQ,,G-JH3CLTPEA6W24,COP,326977.21,1567.8,PRINCIPAL
2025-11-17,Reservación,HM8M89N2PK,,G-JH3CLTPEA6W24,COP,200856.5,1567.8,PRINCIPAL
2025-11-17,Reservación,HMSTHMRX3M,,G-JH3CLTPEA6W24,COP,327860.0,1567.8,PRINCIPAL
2025-11-17,Reservación,HMSA4PRC5M,,G-JH3CLTPEA6W24,COP,523055.0,1567.8,PRINCIPAL
2025-11-17,Reservación,HMPSDYPHJ4,,G-JH3CLTPEA6W24,COP,304200.0,1567.8,PRINCIPAL
2025-11-17,Reservación,HMYCDYFY9C,,G-JH3CLTPEA6W24,COP,304200.0,1567.8,PRINCIPAL
2025-11-17,Reservación,HMFW2RT8BQ,,G-JH3CLTPEA6W24,COP,169000.0,1567.8,PRINCIPAL
2025-11-17,Reservación,HMWJXPBFE9,,G-JH3CLTPEA6W24,COP,155480.0,1567.8,PRINCIPAL
2025-11-17,Reservación,HMQBKE2S4Y,,G-O7HALW5LJGI7E,COP,114244.0,30.4,PRINCIPAL
2025-11-17,Reservación,HMEAD5KPNC,,G-MXDLSB34P4KUX,COP,163028.25,43.38,PRINCIPAL
2025-11-14,Reservación,HM9NZ3HZYD,,G-ZRTZQ66PLQTP2,COP,105625.0,56.01,PRINCIPAL
2025-11-14,Reservación,HMF2ATJJFT,,G-ZRTZQ66PLQTP2,COP,104357.5,56.01,PRINCIPAL
2025-11-14,Reservación,HM2QYQ89E2,,G-LHMYMH77NPBF2,COP,557812.5,1328.29,PRINCIPAL
2025-11-14,Reservación,HMTBYPJHYY,,G-LHMYMH77NPBF2,COP,321053.58,1328.29,PRINCIPAL
2025-11-14,Reservación,HMRTEPYR4J,,G-LHMYMH77NPBF2,COP,225250.0,1328.29,PRINCIPAL
2025-11-14,Reservación,HMM8QP5DFC,,G-LHMYMH77NPBF2,COP,834437.5,1328.29,PRINCIPAL
2025-11-14,Reservación,HMAYNESB8K,,G-LHMYMH77NPBF2,COP,304876.0,1328.29,PRINCIPAL
2025-11-14,Reservación,HMNDXP5SZH,,G-LHMYMH77NPBF2,COP,621868.79,1328.29,PRINCIPAL
2025-11-14,Reservación,HM2A2P52ZJ,,G-LHMYMH77NPBF2,COP,881727.51,1328.29,PRINCIPAL
2025-11-14,Reservación,HMAYWBN9EY,,G-LHMYMH77NPBF2,COP,152100.0,1328.29,PRINCIPAL
2025-11-14,Reservación,HMHH82BQNQ,,G-LHMYMH77NPBF2,COP,398840.0,1328.29,PRINCIPAL
2025-11-14,Reservación,HMPR9SNEWC,,G-LHMYMH77NPBF2,COP,442780.0,1328.29,PRINCIPAL
2025-11-14,Reservación,HM2KJ45SAJ,,G-LHMYMH77NPBF2,COP,144326.0,1328.29,PRINCIPAL
2025-11-14,Reservación,HMSWPQW4PN,,G-LHMYMH77NPBF2,COP,94640.0,1328.29,PRINCIPAL
2025-11-17,Reservación,HMP5MYRQKW,,G-S6JQB27OLMH63,COP,188602.17,254.47,COLONIA
2025-11-17,Reservación,HMTR99PTAS,,G-S6JQB27OLMH63,COP,211452.8,254.47,COLONIA
2025-11-17,Reservación,HM9DBAHNYR,,G-S6JQB27OLMH63,COP,432983.48,254.47,COLONIA
2025-11-17,Reservación,HME9RECZBR,,G-S6JQB27OLMH63,COP,123391.43,254.47,COLONIA
2025-11-19,Reservación,HMZB4Q9H5J,,G-IAKJV2M2OQWHP,COP,329048.6,912.86,PRINCIPAL
2025-11-19,Reservación,HMPZ85AWY9,,G-IAKJV2M2OQWHP,COP,447045.56,912.86,PRINCIPAL
2025-11-19,Reservación,HMPCCJXTY9,,G-IAKJV2M2OQWHP,COP,105625.0,912.86,PRINCIPAL
2025-11-19,Reservación,HMHPFF3FW8,,G-IAKJV2M2OQWHP,COP,166043.34,912.86,PRINCIPAL
2025-11-19,Reservación,HM435THSF3,,G-IAKJV2M2OQWHP,COP,316629.61,912.86,PRINCIPAL
2025-11-19,Reservación,HMHZZJT3RH,,G-IAKJV2M2OQWHP,COP,140439.0,912.86,PRINCIPAL
2025-11-19,Reservación,HMPTWMR2JD,,G-IAKJV2M2OQWHP,COP,594880.0,912.86,PRINCIPAL
2025-11-19,Reservación,HMMP8F9N55,,G-IAKJV2M2OQWHP,COP,113610.25,912.86,PRINCIPAL
2025-11-19,Reservación,HMHCRAFED8,,G-IAKJV2M2OQWHP,COP,242008.0,912.86,PRINCIPAL
2025-11-19,Reservación,HMR2YCP8JB,,G-IAKJV2M2OQWHP,COP,414050.0,912.86,PRINCIPAL
2025-11-19,Reservación,HMSTS2JZSY,,G-IAKJV2M2OQWHP,COP,326187.5,912.86,PRINCIPAL
2025-11-19,Reservación,HMCK5Q9MRS,,G-IAKJV2M2OQWHP,COP,101400.0,912.86,PRINCIPAL
2025-11-19,Pago de la resolución,HMPZ85AWY9,Cobro de la resolución CLA-4WXSSZC8E5 de la reservación HMPZ85AWY9,G-IAKJV2M2OQWHP,COP,100000.0,912.86,PRINCIPAL
2025-11-19,Reservación,HMJMJEX8WM,,G-Y5QFLR4B2SR2O,COP,1977039.66,790.53,PRINCIPAL
2025-11-19,Reservación,HM4ZJRW8NR,,G-Y5QFLR4B2SR2O,COP,176275.45,790.53,PRINCIPAL
2025-11-19,Reservación,HMJP9ZFMXB,,G-Y5QFLR4B2SR2O,COP,517614.55,790.53,PRINCIPAL
2025-11-19,Reservación,HMJN5QJS5R,,G-Y5QFLR4B2SR2O,COP,270805.6,790.53,PRINCIPAL
2025-11-19,Reservación,HMXN8TAK3Z,,G-NDX7PUCLVF7EZ,COP,469820.0,278.22,PRINCIPAL
2025-11-19,Reservación,HMA2PXWHYX,,G-NDX7PUCLVF7EZ,COP,315465.54,278.22,PRINCIPAL
2025-11-19,Reservación,HMSQTNQ458,,G-NDX7PUCLVF7EZ,COP,259837.5,278.22,PRINCIPAL
2025-11-18,Reservación,HMNKPDKPFN,,G-2BO6Q5N5QLJYN,COP,169000.0,126.89,PRINCIPAL
2025-11-18,Reservación,HMHAEQJCCW,,G-2BO6Q5N5QLJYN,COP,115165.05,126.89,PRINCIPAL
2025-11-18,Reservación,HMSBCEAMED,,G-2BO6Q5N5QLJYN,COP,101400.0,126.89,PRINCIPAL
2025-11-18,Reservación,HMSTHMRX3M,,G-2BO6Q5N5QLJYN,COP,91098.6,126.89,PRINCIPAL
2025-11-18,Reservación,HMTFQKBJNC,,G-2MYHCWAD4SG2C,COP,75478.0,20.09,PRINCIPAL
2025-11-19,Reservación,HM5KPDQSKB,,G-OBBRISKAQRWEQ,COP,211452.8,123.53,COLONIA
2025-11-19,Reservación,HMKR3N35WC,,G-OBBRISKAQRWEQ,COP,138877.64,123.53,COLONIA
2025-11-19,Reservación,HM949WBBEA,,G-OBBRISKAQRWEQ,COP,109376.8,123.53,COLONIA
2025-11-12,Reservación,HMB9YFWKJK,,G-7S6PIWVEOEFKZ,USD,43.17,43.17,RH
2025-11-20,Reservación,HM9JMK2Y3R,,G-KVJAIXIB7PUGF,COP,488580.0,2263.43,PRINCIPAL
2025-11-20,Reservación,HMWF2CZJSP,,G-KVJAIXIB7PUGF,COP,1278568.64,2263.43,PRINCIPAL
2025-11-20,Reservación,HMJDTFMXXS,,G-KVJAIXIB7PUGF,COP,1770929.44,2263.43,PRINCIPAL
2025-11-20,Reservación,HMHSJHCQND,,G-KVJAIXIB7PUGF,COP,563961.79,2263.43,PRINCIPAL
2025-11-20,Reservación,HM49HW44MK,,G-KVJAIXIB7PUGF,COP,771062.5,2263.43,PRINCIPAL
2025-11-20,Reservación,HM5F52QRKT,,G-KVJAIXIB7PUGF,COP,310116.52,2263.43,PRINCIPAL
2025-11-20,Reservación,HM522CCJA9,,G-KVJAIXIB7PUGF,COP,436020.0,2263.43,PRINCIPAL
2025-11-20,Reservación,HMDKCTYX4N,,G-KVJAIXIB7PUGF,COP,566930.45,2263.43,PRINCIPAL
2025-11-20,Reservación,HM82T4AAAH,,G-KVJAIXIB7PUGF,COP,169000.0,2263.43,PRINCIPAL
2025-11-20,Reservación,HM2HAQSCBD,,G-KVJAIXIB7PUGF,COP,201806.28,2263.43,PRINCIPAL
2025-11-20,Reservación,HMKYBSBPSN,,G-KVJAIXIB7PUGF,COP,181675.0,2263.43,PRINCIPAL
2025-11-20,Reservación,HMAYE9YCRB,,G-KVJAIXIB7PUGF,COP,1445530.85,2263.43,PRINCIPAL
2025-11-20,Reservación,HMTNJEPWYP,,G-KVJAIXIB7PUGF,COP,223925.0,2263.43,PRINCIPAL
